num,lap,secs,time_of_day,field_pos,in_pit,yellow
69,1,167.652,2026-09-26T10:04:40.933,1,0,0
69,2,172.493,2026-09-26T10:07:33.426,1,0,0
69,3,161.921,2026-09-26T10:10:15.347,1,0,0
69,4,179.151,2026-09-26T10:13:14.498,2,0,0
69,5,162.194,2026-09-26T10:15:56.692,2,0,0
69,6,184.109,2026-09-26T10:19:00.801,3,0,0
69,7,173.721,2026-09-26T10:21:54.522,3,0,0
69,8,152.05,2026-09-26T10:24:26.572,3,0,0
69,9,146.567,2026-09-26T10:26:53.139,4,0,0
69,10,153.264,2026-09-26T10:29:26.403,4,0,0
69,11,159.123,2026-09-26T10:32:05.526,4,0,0
69,12,150.652,2026-09-26T10:34:36.178,4,0,0
69,13,152.42,2026-09-26T10:37:08.598,4,0,0
69,14,145.607,2026-09-26T10:39:34.205,4,0,0
69,15,160.289,2026-09-26T10:42:14.494,4,0,0
69,16,155.561,2026-09-26T10:44:50.055,4,0,0
69,17,154.399,2026-09-26T10:47:24.454,4,0,0
69,18,146.269,2026-09-26T10:49:50.723,4,0,0
69,19,156.458,2026-09-26T10:52:27.181,4,0,0
69,20,151.104,2026-09-26T10:54:58.285,4,0,0
69,21,158.818,2026-09-26T10:57:37.103,5,0,0
69,22,164.011,2026-09-26T11:00:21.114,5,0,0
69,23,148.174,2026-09-26T11:02:49.288,5,0,0
69,24,151.257,2026-09-26T11:05:20.545,5,0,0
69,25,149.125,2026-09-26T11:07:49.67,5,0,0
69,26,146.146,2026-09-26T11:10:15.816,6,0,0
69,27,151.379,2026-09-26T11:12:47.195,4,0,0
69,28,146.566,2026-09-26T11:15:13.761,4,0,0
69,29,158.623,2026-09-26T11:17:52.384,4,0,0
69,30,152.964,2026-09-26T11:20:25.348,4,0,0
69,31,145.204,2026-09-26T11:22:50.552,4,0,0
69,32,158.264,2026-09-26T11:25:28.816,4,0,0
69,33,141.398,2026-09-26T11:27:50.214,5,0,0
69,34,138.614,2026-09-26T11:30:08.828,4,0,0
69,35,149.853,2026-09-26T11:32:38.681,3,0,0
69,36,157.187,2026-09-26T11:35:15.868,3,0,0
69,37,168.266,2026-09-26T11:38:04.134,3,0,0
69,38,155.176,2026-09-26T11:40:39.31,3,0,0
69,39,149.835,2026-09-26T11:43:09.145,3,0,0
69,40,149.234,2026-09-26T11:45:38.379,3,0,0
69,41,150.441,2026-09-26T11:48:08.82,3,0,0
69,42,156.908,2026-09-26T11:50:45.728,3,0,0
69,43,147.168,2026-09-26T11:53:12.896,3,0,0
69,44,144.833,2026-09-26T11:55:37.729,3,0,0
69,45,144.984,2026-09-26T11:58:02.713,2,0,0
69,46,147.593,2026-09-26T12:00:30.306,1,0,0
69,47,148.601,2026-09-26T12:02:58.907,1,0,0
69,48,148.052,2026-09-26T12:05:26.959,1,0,0
69,49,433.245,2026-09-26T12:12:40.204,7,1,0
69,50,178.832,2026-09-26T12:15:39.036,6,0,0
69,51,147.853,2026-09-26T12:18:06.889,6,0,0
69,52,166.107,2026-09-26T12:20:52.996,6,0,0
69,53,161.159,2026-09-26T12:23:34.155,5,0,0
69,54,153.381,2026-09-26T12:26:07.536,5,0,0
69,55,151.577,2026-09-26T12:28:39.113,5,0,0
69,56,144.334,2026-09-26T12:31:03.447,5,0,0
69,57,143.79,2026-09-26T12:33:27.237,5,0,0
69,58,145.715,2026-09-26T12:35:52.952,5,0,0
69,59,153.468,2026-09-26T12:38:26.42,4,0,0
69,60,147.444,2026-09-26T12:40:53.864,4,0,0
69,61,149.905,2026-09-26T12:43:23.769,3,0,0
69,62,149.531,2026-09-26T12:45:53.3,3,0,0
69,63,148.479,2026-09-26T12:48:21.779,3,0,0
69,64,146.31,2026-09-26T12:50:48.089,3,0,0
69,65,155.271,2026-09-26T12:53:23.36,3,0,0
69,66,154.984,2026-09-26T12:55:58.344,2,0,0
69,67,145.696,2026-09-26T12:58:24.04,2,0,0
69,68,146.351,2026-09-26T13:00:50.391,2,0,0
69,69,147.024,2026-09-26T13:03:17.415,2,0,0
69,70,156.476,2026-09-26T13:05:53.891,2,0,0
69,71,149.693,2026-09-26T13:08:23.584,1,0,0
69,72,151.475,2026-09-26T13:10:55.059,1,0,0
69,73,156.953,2026-09-26T13:13:32.012,1,0,0
69,74,147.432,2026-09-26T13:15:59.444,1,0,0
69,75,149.493,2026-09-26T13:18:28.937,1,0,0
69,76,145.267,2026-09-26T13:20:54.204,1,0,0
69,77,146.497,2026-09-26T13:23:20.701,1,0,0
69,78,144.668,2026-09-26T13:25:45.369,1,0,0
69,79,141.199,2026-09-26T13:28:06.568,1,0,0
69,80,150.685,2026-09-26T13:30:37.253,1,0,0
69,81,154.269,2026-09-26T13:33:11.522,1,0,0
69,82,150.657,2026-09-26T13:35:42.179,1,0,0
69,83,147.629,2026-09-26T13:38:09.808,1,0,0
69,84,149.543,2026-09-26T13:40:39.351,1,0,0
69,85,151.496,2026-09-26T13:43:10.847,1,0,0
69,86,147.721,2026-09-26T13:45:38.568,1,0,0
69,87,149.572,2026-09-26T13:48:08.14,1,0,0
69,88,143.44,2026-09-26T13:50:31.58,1,0,0
69,89,143.24,2026-09-26T13:52:54.82,1,0,0
69,90,151.902,2026-09-26T13:55:26.722,1,0,0
69,91,143.019,2026-09-26T13:57:49.741,1,0,0
69,92,145.759,2026-09-26T14:00:15.5,1,0,0
69,93,150.015,2026-09-26T14:02:45.515,1,0,0
69,94,143.694,2026-09-26T14:05:09.209,1,0,0
69,95,146.151,2026-09-26T14:07:35.36,1,0,0
69,96,152.775,2026-09-26T14:10:08.135,1,0,0
69,97,144.69,2026-09-26T14:12:32.825,1,0,0
69,98,147.355,2026-09-26T14:15:00.18,1,0,0
69,99,425.353,2026-09-26T14:22:05.533,2,1,0
69,100,199.352,2026-09-26T14:25:24.885,2,0,0
69,101,161.128,2026-09-26T14:28:06.013,2,0,0
69,102,149.553,2026-09-26T14:30:35.566,2,0,0
69,103,151.158,2026-09-26T14:33:06.724,2,0,0
69,104,148.406,2026-09-26T14:35:35.13,2,0,0
69,105,153.562,2026-09-26T14:38:08.692,2,0,0
69,106,149.925,2026-09-26T14:40:38.617,2,0,0
69,107,151.294,2026-09-26T14:43:09.911,2,0,0
69,108,156.447,2026-09-26T14:45:46.358,2,0,0
69,109,154.955,2026-09-26T14:48:21.313,2,0,0
69,110,146.983,2026-09-26T14:50:48.296,1,0,0
69,111,166.202,2026-09-26T14:53:34.498,1,0,0
69,112,160.588,2026-09-26T14:56:15.086,1,0,0
69,113,163.733,2026-09-26T14:58:58.819,1,0,0
69,114,154.225,2026-09-26T15:01:33.044,1,0,0
69,115,150.976,2026-09-26T15:04:04.02,1,0,0
69,116,160.934,2026-09-26T15:06:44.954,1,0,0
69,117,166.493,2026-09-26T15:09:31.447,1,0,0
69,118,165.843,2026-09-26T15:12:17.29,1,0,0
69,119,153.258,2026-09-26T15:14:50.548,1,0,0
69,120,150.872,2026-09-26T15:17:21.42,1,0,0
69,121,151.718,2026-09-26T15:19:53.138,1,0,0
69,122,149.855,2026-09-26T15:22:22.993,1,0,0
69,123,148.992,2026-09-26T15:24:51.985,1,0,0
69,124,145.118,2026-09-26T15:27:17.103,1,0,0
69,125,199.023,2026-09-26T15:30:36.126,1,0,0
69,126,206.445,2026-09-26T15:34:02.571,1,0,0
69,127,155.128,2026-09-26T15:36:37.699,1,0,0
69,128,145.462,2026-09-26T15:39:03.161,1,0,0
69,129,149.149,2026-09-26T15:41:32.31,1,0,0
69,130,141.137,2026-09-26T15:43:53.447,1,0,0
69,131,152.922,2026-09-26T15:46:26.369,1,0,0
69,132,147.11,2026-09-26T15:48:53.479,1,0,0
69,133,158.764,2026-09-26T15:51:32.243,1,0,0
69,134,159.547,2026-09-26T15:54:11.79,1,0,0
69,135,171.131,2026-09-26T15:57:02.921,1,0,1
69,136,278.599,2026-09-26T16:01:41.52,1,0,1
69,137,501.033,2026-09-26T16:10:02.553,1,1,1
69,138,262.282,2026-09-26T16:14:24.835,1,0,1
69,139,223.564,2026-09-26T16:18:08.399,1,0,0
69,140,168.967,2026-09-26T16:20:57.366,1,0,0
69,141,163.009,2026-09-26T16:23:40.375,1,0,0
69,142,159.627,2026-09-26T16:26:20.002,1,0,0
69,143,161.609,2026-09-26T16:29:01.611,1,0,0
69,144,157.538,2026-09-26T16:31:39.149,1,0,0
69,145,160.58,2026-09-26T16:34:19.729,1,0,0
69,146,153.436,2026-09-26T16:36:53.165,1,0,0
69,147,160.774,2026-09-26T16:39:33.939,1,0,0
69,148,155.243,2026-09-26T16:42:09.182,1,0,0
69,149,161.35,2026-09-26T16:44:50.532,1,0,0
69,150,171.017,2026-09-26T16:47:41.549,1,0,0
69,151,155.62,2026-09-26T16:50:17.169,1,0,0
69,152,153.893,2026-09-26T16:52:51.062,1,0,0
69,153,161.775,2026-09-26T16:55:32.837,1,0,0
69,154,152.508,2026-09-26T16:58:05.345,1,0,0
69,155,152.744,2026-09-26T17:00:38.089,1,0,0
69,156,153.871,2026-09-26T17:03:11.96,1,0,0
69,157,160.913,2026-09-26T17:05:52.873,1,0,0
69,158,166.635,2026-09-26T17:08:39.508,1,0,0
69,159,177.66,2026-09-26T17:11:37.168,1,0,0
69,160,162.727,2026-09-26T17:14:19.895,1,0,0
69,161,156.596,2026-09-26T17:16:56.491,1,0,0
69,162,164.341,2026-09-26T17:19:40.832,1,0,0
69,163,158.002,2026-09-26T17:22:18.834,1,0,0
69,164,160.792,2026-09-26T17:24:59.626,1,0,0
69,165,157.587,2026-09-26T17:27:37.213,1,0,0
69,166,157.021,2026-09-26T17:30:14.234,1,0,0
69,167,162.529,2026-09-26T17:32:56.763,1,0,0
69,168,151.705,2026-09-26T17:35:28.468,1,0,0
69,169,157.23,2026-09-26T17:38:05.698,1,0,0
69,170,156.812,2026-09-26T17:40:42.51,1,0,0
69,171,158.41,2026-09-26T17:43:20.92,1,0,0
69,172,180.444,2026-09-26T17:46:21.364,1,0,0
69,173,157.659,2026-09-26T17:48:59.023,1,0,0
69,174,204.848,2026-09-26T17:52:23.871,1,0,1
69,175,260.006,2026-09-26T17:56:43.877,1,0,1
69,176,284.641,2026-09-26T18:01:28.518,1,0,1
69,177,53736.895,2026-09-27T08:57:05.413,1,0,0
69,178,153.153,2026-09-27T08:59:38.566,1,0,0
69,179,146.11,2026-09-27T09:02:04.676,1,0,0
69,180,149.448,2026-09-27T09:04:34.124,1,0,0
69,181,151.92,2026-09-27T09:07:06.044,1,0,0
69,182,154.125,2026-09-27T09:09:40.169,1,0,0
69,183,158.437,2026-09-27T09:12:18.606,1,0,0
69,184,149.117,2026-09-27T09:14:47.723,1,0,0
69,185,144.936,2026-09-27T09:17:12.659,1,0,0
69,186,150.311,2026-09-27T09:19:42.97,1,0,0
69,187,164.741,2026-09-27T09:22:27.711,1,0,0
69,188,157.648,2026-09-27T09:25:05.359,1,0,0
69,189,144.696,2026-09-27T09:27:30.055,1,0,0
69,190,155.815,2026-09-27T09:30:05.87,1,0,0
69,191,147.182,2026-09-27T09:32:33.052,1,0,0
69,192,148.169,2026-09-27T09:35:01.221,1,0,0
69,193,149.269,2026-09-27T09:37:30.49,1,0,0
69,194,141.987,2026-09-27T09:39:52.477,1,0,0
69,195,141.851,2026-09-27T09:42:14.328,1,0,0
69,196,154.484,2026-09-27T09:44:48.812,1,0,0
69,197,149.898,2026-09-27T09:47:18.71,1,0,0
69,198,161.364,2026-09-27T09:50:00.074,1,0,0
69,199,148.013,2026-09-27T09:52:28.087,1,0,0
69,200,139.323,2026-09-27T09:54:47.41,1,0,0
69,201,143.538,2026-09-27T09:57:10.948,1,0,0
69,202,146.586,2026-09-27T09:59:37.534,1,0,0
69,203,142.409,2026-09-27T10:01:59.943,1,0,0
69,204,142.166,2026-09-27T10:04:22.109,1,0,0
69,205,151.071,2026-09-27T10:06:53.18,1,0,0
69,206,148.663,2026-09-27T10:09:21.843,1,1,0
69,207,288.86,2026-09-27T10:14:10.703,1,0,0
69,208,143.526,2026-09-27T10:16:34.229,1,0,0
69,209,144.284,2026-09-27T10:18:58.513,1,0,0
69,210,141.519,2026-09-27T10:21:20.032,1,0,0
69,211,142.843,2026-09-27T10:23:42.875,1,0,0
69,212,1181.106,2026-09-27T10:43:23.981,1,0,0
69,213,149.056,2026-09-27T10:45:53.037,1,0,0
69,214,148.687,2026-09-27T10:48:21.724,1,0,0
69,215,142.517,2026-09-27T10:50:44.241,1,0,0
69,216,144.668,2026-09-27T10:53:08.909,1,0,0
69,217,146.76,2026-09-27T10:55:35.669,1,0,0
69,218,153.257,2026-09-27T10:58:08.926,1,0,0
69,219,168.463,2026-09-27T11:00:57.389,1,1,0
69,220,276.49,2026-09-27T11:05:33.879,1,0,0
69,221,148.586,2026-09-27T11:08:02.465,1,0,0
69,222,144.492,2026-09-27T11:10:26.957,1,0,0
69,223,145.421,2026-09-27T11:12:52.378,1,0,0
69,224,147.314,2026-09-27T11:15:19.692,1,0,0
69,225,152.213,2026-09-27T11:17:51.905,1,0,0
69,226,377.984,2026-09-27T11:24:09.889,2,1,0
69,227,194.18,2026-09-27T11:27:24.069,2,0,0
69,228,146.846,2026-09-27T11:29:50.915,2,0,0
69,229,146.34,2026-09-27T11:32:17.255,2,0,0
69,230,151.78,2026-09-27T11:34:49.035,2,0,0
69,231,154.039,2026-09-27T11:37:23.074,2,0,0
69,232,148.205,2026-09-27T11:39:51.279,2,0,0
69,233,154.748,2026-09-27T11:42:26.027,2,0,0
69,234,145.871,2026-09-27T11:44:51.898,2,0,0
69,235,145.762,2026-09-27T11:47:17.66,2,0,0
69,236,152.818,2026-09-27T11:49:50.478,2,0,0
69,237,146.725,2026-09-27T11:52:17.203,2,0,0
69,238,148.589,2026-09-27T11:54:45.792,1,0,0
69,239,141.932,2026-09-27T11:57:07.724,1,0,0
69,240,154.049,2026-09-27T11:59:41.773,1,0,0
69,241,153.809,2026-09-27T12:02:15.582,1,0,0
69,242,152.945,2026-09-27T12:04:48.527,1,0,0
69,243,162.996,2026-09-27T12:07:31.523,1,0,0
69,244,149.122,2026-09-27T12:10:00.645,1,0,0
69,245,147.773,2026-09-27T12:12:28.418,1,0,0
69,246,146.877,2026-09-27T12:14:55.295,1,0,0
69,247,143.449,2026-09-27T12:17:18.744,1,0,0
69,248,147.941,2026-09-27T12:19:46.685,1,0,0
69,249,160.923,2026-09-27T12:22:27.608,1,0,0
69,250,153.753,2026-09-27T12:25:01.361,1,0,0
69,251,145.441,2026-09-27T12:27:26.802,1,0,0
69,252,143.95,2026-09-27T12:29:50.752,1,0,0
69,253,146.135,2026-09-27T12:32:16.887,1,0,0
69,254,153.273,2026-09-27T12:34:50.16,1,0,0
69,255,146.193,2026-09-27T12:37:16.353,1,0,0
69,256,143.19,2026-09-27T12:39:39.543,1,0,0
69,257,146.581,2026-09-27T12:42:06.124,1,0,0
69,258,173.146,2026-09-27T12:44:59.27,1,0,0
69,259,144.931,2026-09-27T12:47:24.201,1,0,0
69,260,146.016,2026-09-27T12:49:50.217,1,0,0
69,261,143.004,2026-09-27T12:52:13.221,1,0,0
69,262,143.617,2026-09-27T12:54:36.838,1,0,0
69,263,149.02,2026-09-27T12:57:05.858,1,0,0
69,264,146.698,2026-09-27T12:59:32.556,1,0,0
69,265,143.545,2026-09-27T13:01:56.101,1,0,0
69,266,153.389,2026-09-27T13:04:29.49,1,0,0
69,267,145.253,2026-09-27T13:06:54.743,1,0,0
69,268,145.53,2026-09-27T13:09:20.273,1,0,0
69,269,148.806,2026-09-27T13:11:49.079,1,0,0
69,270,167.095,2026-09-27T13:14:36.174,1,1,0
69,271,301.528,2026-09-27T13:19:37.702,2,0,0
69,272,151.152,2026-09-27T13:22:08.854,2,0,0
69,273,155.264,2026-09-27T13:24:44.118,2,0,0
69,274,151.959,2026-09-27T13:27:16.077,2,0,0
69,275,389.897,2026-09-27T13:33:45.974,2,1,0
69,276,185.814,2026-09-27T13:36:51.788,2,0,0
69,277,143.636,2026-09-27T13:39:15.424,2,0,0
69,278,149.176,2026-09-27T13:41:44.6,2,0,0
69,279,146.113,2026-09-27T13:44:10.713,2,0,0
69,280,146.974,2026-09-27T13:46:37.687,2,0,0
69,281,144.752,2026-09-27T13:49:02.439,2,0,0
69,282,144.689,2026-09-27T13:51:27.128,2,0,0
69,283,148.592,2026-09-27T13:53:55.72,2,0,0
69,284,147.151,2026-09-27T13:56:22.871,2,0,0
69,285,142.758,2026-09-27T13:58:45.629,2,0,0
69,286,145.014,2026-09-27T14:01:10.643,2,0,0
69,287,149.467,2026-09-27T14:03:40.11,1,0,0
69,288,147.457,2026-09-27T14:06:07.567,1,0,0
69,289,149.706,2026-09-27T14:08:37.273,1,0,0
69,290,147.251,2026-09-27T14:11:04.524,1,0,0
69,291,149.595,2026-09-27T14:13:34.119,1,0,0
69,292,148.999,2026-09-27T14:16:03.118,1,0,0
69,293,145.648,2026-09-27T14:18:28.766,1,0,0
69,294,147.769,2026-09-27T14:20:56.535,1,0,0
69,295,150.197,2026-09-27T14:23:26.732,1,0,0
69,296,143.734,2026-09-27T14:25:50.466,1,0,0
69,297,144.057,2026-09-27T14:28:14.523,1,0,0
69,298,145.852,2026-09-27T14:30:40.375,1,0,0
69,299,149.848,2026-09-27T14:33:10.223,1,0,0
69,300,148.441,2026-09-27T14:35:38.664,1,0,0
69,301,150.131,2026-09-27T14:38:08.795,1,0,0
69,302,154.065,2026-09-27T14:40:42.86,1,0,0
69,303,149.297,2026-09-27T14:43:12.157,1,0,0
69,304,145.847,2026-09-27T14:45:38.004,1,0,0
69,305,144.082,2026-09-27T14:48:02.086,1,0,0
69,306,150.956,2026-09-27T14:50:33.042,1,0,0
69,307,142.482,2026-09-27T14:52:55.524,1,0,0
69,308,148.299,2026-09-27T14:55:23.823,1,0,0
69,309,149.289,2026-09-27T14:57:53.112,1,0,0
69,310,145.281,2026-09-27T15:00:18.393,1,0,0
69,311,148.503,2026-09-27T15:02:46.896,1,0,0
69,312,144.541,2026-09-27T15:05:11.437,1,0,0
69,313,145.966,2026-09-27T15:07:37.403,1,0,0
69,314,143.559,2026-09-27T15:10:00.962,1,0,0
69,315,150.449,2026-09-27T15:12:31.411,1,0,0
69,316,159.006,2026-09-27T15:15:10.417,1,0,0
69,317,153.878,2026-09-27T15:17:44.295,1,0,0
69,318,151.146,2026-09-27T15:20:15.441,1,0,0
69,319,149.088,2026-09-27T15:22:44.529,1,0,0
69,320,147.808,2026-09-27T15:25:12.337,1,0,0
69,321,146.663,2026-09-27T15:27:39,1,0,0
69,322,145.192,2026-09-27T15:30:04.192,1,0,0
191,1,174.031,2026-09-26T10:04:52.536,6,0,0
191,2,174.706,2026-09-26T10:07:47.242,4,0,0
191,3,154.601,2026-09-26T10:10:21.843,3,0,0
191,4,173.477,2026-09-26T10:13:15.32,3,0,0
191,5,162.01,2026-09-26T10:15:57.33,3,0,0
191,6,187.291,2026-09-26T10:19:04.621,4,0,0
191,7,170.972,2026-09-26T10:21:55.593,4,0,0
191,8,151.658,2026-09-26T10:24:27.251,4,0,0
191,9,144.68,2026-09-26T10:26:51.931,3,0,0
191,10,153.318,2026-09-26T10:29:25.249,3,0,0
191,11,155.254,2026-09-26T10:32:00.503,3,0,0
191,12,150.713,2026-09-26T10:34:31.216,3,0,0
191,13,152.155,2026-09-26T10:37:03.371,3,0,0
191,14,146.766,2026-09-26T10:39:30.137,3,0,0
191,15,155.999,2026-09-26T10:42:06.136,3,0,0
191,16,157.881,2026-09-26T10:44:44.017,3,0,0
191,17,152.496,2026-09-26T10:47:16.513,3,0,0
191,18,149.273,2026-09-26T10:49:45.786,3,0,0
191,19,156.326,2026-09-26T10:52:22.112,3,0,0
191,20,147.759,2026-09-26T10:54:49.871,3,0,0
191,21,156.087,2026-09-26T10:57:25.958,3,0,0
191,22,150.51,2026-09-26T10:59:56.468,3,0,0
191,23,143.877,2026-09-26T11:02:20.345,3,0,0
191,24,148.918,2026-09-26T11:04:49.263,3,0,0
191,25,147.833,2026-09-26T11:07:17.096,3,0,0
191,26,149.904,2026-09-26T11:09:47,3,0,0
191,27,143.601,2026-09-26T11:12:10.601,2,0,0
191,28,150.403,2026-09-26T11:14:41.004,2,0,0
191,29,148.988,2026-09-26T11:17:09.992,2,0,0
191,30,149.511,2026-09-26T11:19:39.503,2,0,0
191,31,146.587,2026-09-26T11:22:06.09,2,0,0
191,32,148.307,2026-09-26T11:24:34.397,2,0,0
191,33,144.882,2026-09-26T11:26:59.279,2,0,0
191,34,154.269,2026-09-26T11:29:33.548,1,0,0
191,35,145.872,2026-09-26T11:31:59.42,1,0,0
191,36,165.366,2026-09-26T11:34:44.786,1,0,0
191,37,149.101,2026-09-26T11:37:13.887,2,0,0
191,38,141.617,2026-09-26T11:39:35.504,2,0,0
191,39,149.935,2026-09-26T11:42:05.439,2,0,0
191,40,166.768,2026-09-26T11:44:52.207,2,0,0
191,41,160.613,2026-09-26T11:47:32.82,2,0,0
191,42,141.779,2026-09-26T11:49:54.599,2,0,0
191,43,144.912,2026-09-26T11:52:19.511,2,0,0
191,44,145.134,2026-09-26T11:54:44.645,1,0,0
191,45,146.25,2026-09-26T11:57:10.895,1,0,0
191,46,535.257,2026-09-26T12:06:06.152,12,1,0
191,47,229.182,2026-09-26T12:09:55.334,11,0,0
191,48,150.551,2026-09-26T12:12:25.885,10,0,0
191,49,155.59,2026-09-26T12:15:01.475,10,0,0
191,50,162.531,2026-09-26T12:17:44.006,9,0,0
191,51,171.757,2026-09-26T12:20:35.763,9,0,0
191,52,155.356,2026-09-26T12:23:11.119,9,0,0
191,53,147.872,2026-09-26T12:25:38.991,7,0,0
191,54,149.24,2026-09-26T12:28:08.231,7,0,0
191,55,148.94,2026-09-26T12:30:37.171,7,0,0
191,56,146.423,2026-09-26T12:33:03.594,7,0,0
191,57,151.896,2026-09-26T12:35:35.49,7,0,0
191,58,147.019,2026-09-26T12:38:02.509,7,0,0
191,59,147.355,2026-09-26T12:40:29.864,7,0,0
191,60,149.862,2026-09-26T12:42:59.726,7,0,0
191,61,154.553,2026-09-26T12:45:34.279,6,0,0
191,62,149.447,2026-09-26T12:48:03.726,5,0,0
191,63,148.353,2026-09-26T12:50:32.079,5,0,0
191,64,147.916,2026-09-26T12:52:59.995,4,0,0
191,65,151.116,2026-09-26T12:55:31.111,4,0,0
191,66,154.17,2026-09-26T12:58:05.281,3,0,0
191,67,146.782,2026-09-26T13:00:32.063,3,0,0
191,68,145.399,2026-09-26T13:02:57.462,3,0,0
191,69,148.109,2026-09-26T13:05:25.571,3,0,0
191,70,152.992,2026-09-26T13:07:58.563,3,0,0
191,71,149.93,2026-09-26T13:10:28.493,2,0,0
191,72,149.485,2026-09-26T13:12:57.978,2,0,0
191,73,147.369,2026-09-26T13:15:25.347,2,0,0
191,74,154.835,2026-09-26T13:18:00.182,2,0,0
191,75,145.287,2026-09-26T13:20:25.469,2,0,0
191,76,144.372,2026-09-26T13:22:49.841,2,0,0
191,77,144.38,2026-09-26T13:25:14.221,2,0,0
191,78,144.003,2026-09-26T13:27:38.224,2,0,0
191,79,146.172,2026-09-26T13:30:04.396,2,0,0
191,80,144.78,2026-09-26T13:32:29.176,2,0,0
191,81,148.537,2026-09-26T13:34:57.713,2,0,0
191,82,144.957,2026-09-26T13:37:22.67,2,0,0
191,83,147.725,2026-09-26T13:39:50.395,2,0,0
191,84,148.561,2026-09-26T13:42:18.956,2,0,0
191,85,148.896,2026-09-26T13:44:47.852,2,0,0
191,86,141.496,2026-09-26T13:47:09.348,2,0,0
191,87,150.608,2026-09-26T13:49:39.956,2,0,0
191,88,152.756,2026-09-26T13:52:12.712,2,0,0
191,89,145.508,2026-09-26T13:54:38.22,2,0,0
191,90,147.856,2026-09-26T13:57:06.076,2,0,0
191,91,147.153,2026-09-26T13:59:33.229,2,0,0
191,92,145.702,2026-09-26T14:01:58.931,2,0,0
191,93,149.561,2026-09-26T14:04:28.492,2,0,0
191,94,410.962,2026-09-26T14:11:19.454,5,1,0
191,95,184.431,2026-09-26T14:14:23.885,4,0,0
191,96,157.676,2026-09-26T14:17:01.561,4,0,0
191,97,144.256,2026-09-26T14:19:25.817,3,0,0
191,98,153.582,2026-09-26T14:21:59.399,3,0,0
191,99,148.157,2026-09-26T14:24:27.556,3,0,0
191,100,155.578,2026-09-26T14:27:03.134,3,0,0
191,101,149.578,2026-09-26T14:29:32.712,3,0,0
191,102,147.391,2026-09-26T14:32:00.103,3,0,0
191,103,148.08,2026-09-26T14:34:28.183,3,0,0
191,104,150.323,2026-09-26T14:36:58.506,3,0,0
191,105,153.385,2026-09-26T14:39:31.891,3,0,0
191,106,148.886,2026-09-26T14:42:00.777,3,0,0
191,107,152.886,2026-09-26T14:44:33.663,3,0,0
191,108,142.573,2026-09-26T14:46:56.236,3,0,0
191,109,158.72,2026-09-26T14:49:34.956,3,0,0
191,110,177.067,2026-09-26T14:52:32.023,3,0,0
191,111,201.673,2026-09-26T14:55:53.696,2,1,0
191,112,295.089,2026-09-26T15:00:48.785,3,0,0
191,113,159.566,2026-09-26T15:03:28.351,3,0,0
191,114,167.386,2026-09-26T15:06:15.737,3,0,0
191,115,171.857,2026-09-26T15:09:07.594,3,0,0
191,116,148.642,2026-09-26T15:11:36.236,3,0,0
191,117,154.928,2026-09-26T15:14:11.164,3,0,0
191,118,147.753,2026-09-26T15:16:38.917,3,0,0
191,119,156.808,2026-09-26T15:19:15.725,3,0,0
191,120,155.141,2026-09-26T15:21:50.866,3,0,0
191,121,149.968,2026-09-26T15:24:20.834,3,0,0
191,122,158.685,2026-09-26T15:26:59.519,3,0,0
191,123,198.991,2026-09-26T15:30:18.51,3,0,0
191,124,209.898,2026-09-26T15:33:48.408,3,0,0
191,125,153.994,2026-09-26T15:36:22.402,3,0,0
191,126,141.246,2026-09-26T15:38:43.648,3,0,0
191,127,149.776,2026-09-26T15:41:13.424,3,0,0
191,128,141.461,2026-09-26T15:43:34.885,3,0,0
191,129,156.54,2026-09-26T15:46:11.425,3,0,0
191,130,151.373,2026-09-26T15:48:42.798,3,0,0
191,131,158.594,2026-09-26T15:51:21.392,3,0,0
191,132,162.478,2026-09-26T15:54:03.87,3,0,0
191,133,170.436,2026-09-26T15:56:54.306,3,0,1
191,134,273.551,2026-09-26T16:01:27.857,3,0,1
191,135,219.607,2026-09-26T16:05:07.464,3,0,1
191,136,247.386,2026-09-26T16:09:14.85,3,0,1
191,137,228.969,2026-09-26T16:13:03.819,2,0,1
191,138,257.713,2026-09-26T16:17:21.532,2,0,0
191,139,157.359,2026-09-26T16:19:58.891,2,0,0
191,140,142.759,2026-09-26T16:22:21.65,2,0,0
191,141,146.045,2026-09-26T16:24:47.695,2,0,0
191,142,151.777,2026-09-26T16:27:19.472,2,0,0
191,143,148.823,2026-09-26T16:29:48.295,2,0,0
191,144,144.242,2026-09-26T16:32:12.537,2,0,0
191,145,438.696,2026-09-26T16:39:31.233,2,1,0
191,146,173.992,2026-09-26T16:42:25.225,2,0,0
191,147,154.073,2026-09-26T16:44:59.298,2,0,0
191,148,160.567,2026-09-26T16:47:39.865,2,0,0
191,149,141.401,2026-09-26T16:50:01.266,2,0,0
191,150,143.255,2026-09-26T16:52:24.521,2,0,0
191,151,144.704,2026-09-26T16:54:49.225,2,0,0
191,152,148.711,2026-09-26T16:57:17.936,2,0,0
191,153,142.876,2026-09-26T16:59:40.812,2,0,0
191,154,149.314,2026-09-26T17:02:10.126,2,0,0
191,155,142.765,2026-09-26T17:04:32.891,2,0,0
191,156,149.881,2026-09-26T17:07:02.772,2,0,0
191,157,152.0,2026-09-26T17:09:34.772,2,0,0
191,158,169.122,2026-09-26T17:12:23.894,2,0,0
191,159,164.559,2026-09-26T17:15:08.453,2,0,0
191,160,161.038,2026-09-26T17:17:49.491,2,0,0
191,161,158.845,2026-09-26T17:20:28.336,2,0,0
191,162,147.742,2026-09-26T17:22:56.078,2,0,0
191,163,145.457,2026-09-26T17:25:21.535,2,0,0
191,164,145.997,2026-09-26T17:27:47.532,2,0,0
191,165,147.699,2026-09-26T17:30:15.231,2,0,0
191,166,156.007,2026-09-26T17:32:51.238,2,0,0
191,167,143.572,2026-09-26T17:35:14.81,2,0,0
191,168,148.257,2026-09-26T17:37:43.067,2,0,0
191,169,148.563,2026-09-26T17:40:11.63,2,0,0
191,170,155.628,2026-09-26T17:42:47.258,2,0,0
191,171,163.908,2026-09-26T17:45:31.166,2,0,0
191,172,160.794,2026-09-26T17:48:11.96,2,1,0
191,173,346.807,2026-09-26T17:53:58.767,2,0,1
191,174,225.692,2026-09-26T17:57:44.459,2,0,1
191,175,300.644,2026-09-26T18:02:45.103,2,0,1
191,176,53662.341,2026-09-27T08:57:07.444,2,0,0
191,177,154.397,2026-09-27T08:59:41.841,2,0,0
191,178,194.281,2026-09-27T09:02:56.122,2,1,0
191,179,463.953,2026-09-27T09:10:40.075,4,0,0
191,180,155.842,2026-09-27T09:13:15.917,4,0,0
191,181,149.985,2026-09-27T09:15:45.902,4,0,0
191,182,145.973,2026-09-27T09:18:11.875,4,0,0
191,183,164.566,2026-09-27T09:20:56.441,4,0,0
191,184,148.09,2026-09-27T09:23:24.531,4,0,0
191,185,155.538,2026-09-27T09:26:00.069,4,0,0
191,186,151.254,2026-09-27T09:28:31.323,4,0,0
191,187,144.556,2026-09-27T09:30:55.879,3,0,0
191,188,144.325,2026-09-27T09:33:20.204,3,0,0
191,189,148.322,2026-09-27T09:35:48.526,3,0,0
191,190,144.057,2026-09-27T09:38:12.583,3,0,0
191,191,149.924,2026-09-27T09:40:42.507,3,0,0
191,192,146.533,2026-09-27T09:43:09.04,3,0,0
191,193,144.788,2026-09-27T09:45:33.828,3,0,0
191,194,156.262,2026-09-27T09:48:10.09,3,0,0
191,195,157.611,2026-09-27T09:50:47.701,3,0,0
191,196,142.748,2026-09-27T09:53:10.449,3,0,0
191,197,140.777,2026-09-27T09:55:31.226,3,0,0
191,198,145.647,2026-09-27T09:57:56.873,3,0,0
191,199,144.27,2026-09-27T10:00:21.143,3,0,0
191,200,143.949,2026-09-27T10:02:45.092,3,0,0
191,201,142.615,2026-09-27T10:05:07.707,3,0,0
191,202,146.086,2026-09-27T10:07:33.793,3,0,0
191,203,143.224,2026-09-27T10:09:57.017,3,0,0
191,204,140.931,2026-09-27T10:12:17.948,3,0,0
191,205,144.955,2026-09-27T10:14:42.903,3,0,0
191,206,145.5,2026-09-27T10:17:08.403,3,0,0
191,207,140.251,2026-09-27T10:19:28.654,3,0,0
191,208,144.055,2026-09-27T10:21:52.709,3,0,0
191,209,143.132,2026-09-27T10:24:15.841,3,0,0
191,210,1188.816,2026-09-27T10:44:04.657,3,0,0
191,211,138.764,2026-09-27T10:46:23.421,2,0,0
191,212,140.331,2026-09-27T10:48:43.752,2,0,0
191,213,150.217,2026-09-27T10:51:13.969,2,0,0
191,214,139.952,2026-09-27T10:53:33.921,2,0,0
191,215,140.65,2026-09-27T10:55:54.571,2,0,0
191,216,140.107,2026-09-27T10:58:14.678,2,0,0
191,217,150.299,2026-09-27T11:00:44.977,2,0,0
191,218,138.232,2026-09-27T11:03:03.209,2,0,0
191,219,150.15,2026-09-27T11:05:33.359,2,0,0
191,220,150.066,2026-09-27T11:08:03.425,2,0,0
191,221,143.29,2026-09-27T11:10:26.715,2,0,0
191,222,143.399,2026-09-27T11:12:50.114,2,0,0
191,223,148.276,2026-09-27T11:15:18.39,2,0,0
191,224,420.859,2026-09-27T11:22:19.249,3,1,0
191,225,177.984,2026-09-27T11:25:17.233,3,0,0
191,226,153.025,2026-09-27T11:27:50.258,3,0,0
191,227,150.55,2026-09-27T11:30:20.808,3,0,0
191,228,147.368,2026-09-27T11:32:48.176,3,0,0
191,229,148.813,2026-09-27T11:35:16.989,3,0,0
191,230,153.947,2026-09-27T11:37:50.936,3,0,0
191,231,148.099,2026-09-27T11:40:19.035,3,0,0
191,232,147.086,2026-09-27T11:42:46.121,3,0,0
191,233,150.516,2026-09-27T11:45:16.637,3,0,0
191,234,153.277,2026-09-27T11:47:49.914,3,0,0
191,235,144.697,2026-09-27T11:50:14.611,3,0,0
191,236,148.808,2026-09-27T11:52:43.419,3,0,0
191,237,146.565,2026-09-27T11:55:09.984,3,0,0
191,238,145.185,2026-09-27T11:57:35.169,2,0,0
191,239,150.921,2026-09-27T12:00:06.09,2,0,0
191,240,159.288,2026-09-27T12:02:45.378,2,0,0
191,241,150.581,2026-09-27T12:05:15.959,2,0,0
191,242,154.223,2026-09-27T12:07:50.182,2,0,0
191,243,148.295,2026-09-27T12:10:18.477,2,0,0
191,244,151.038,2026-09-27T12:12:49.515,2,0,0
191,245,143.553,2026-09-27T12:15:13.068,2,0,0
191,246,146.33,2026-09-27T12:17:39.398,2,0,0
191,247,145.8,2026-09-27T12:20:05.198,2,0,0
191,248,149.85,2026-09-27T12:22:35.048,2,0,0
191,249,148.966,2026-09-27T12:25:04.014,2,0,0
191,250,145.556,2026-09-27T12:27:29.57,2,0,0
191,251,146.167,2026-09-27T12:29:55.737,2,0,0
191,252,142.689,2026-09-27T12:32:18.426,2,0,0
191,253,152.089,2026-09-27T12:34:50.515,2,0,0
191,254,144.659,2026-09-27T12:37:15.174,2,0,0
191,255,142.764,2026-09-27T12:39:37.938,2,0,0
191,256,145.581,2026-09-27T12:42:03.519,2,0,0
191,257,173.335,2026-09-27T12:44:56.854,2,0,0
191,258,140.828,2026-09-27T12:47:17.682,2,0,0
191,259,142.524,2026-09-27T12:49:40.206,2,0,0
191,260,144.839,2026-09-27T12:52:05.045,2,0,0
191,261,145.624,2026-09-27T12:54:30.669,2,0,0
191,262,144.585,2026-09-27T12:56:55.254,2,0,0
191,263,144.805,2026-09-27T12:59:20.059,2,0,0
191,264,142.656,2026-09-27T13:01:42.715,2,0,0
191,265,149.075,2026-09-27T13:04:11.79,2,0,0
191,266,143.833,2026-09-27T13:06:35.623,2,0,0
191,267,149.286,2026-09-27T13:09:04.909,2,0,0
191,268,147.351,2026-09-27T13:11:32.26,2,0,0
191,269,148.699,2026-09-27T13:14:00.959,2,0,0
191,270,148.737,2026-09-27T13:16:29.696,2,0,0
191,271,150.998,2026-09-27T13:19:00.694,1,0,0
191,272,151.676,2026-09-27T13:21:32.37,1,0,0
191,273,147.243,2026-09-27T13:23:59.613,1,0,0
191,274,157.176,2026-09-27T13:26:36.789,1,0,0
191,275,156.09,2026-09-27T13:29:12.879,1,0,0
191,276,153.25,2026-09-27T13:31:46.129,1,0,0
191,277,419.045,2026-09-27T13:38:45.174,1,1,0
191,278,169.221,2026-09-27T13:41:34.395,1,0,0
191,279,147.024,2026-09-27T13:44:01.419,1,0,0
191,280,145.252,2026-09-27T13:46:26.671,1,0,0
191,281,145.965,2026-09-27T13:48:52.636,1,0,0
191,282,145.979,2026-09-27T13:51:18.615,1,0,0
191,283,151.545,2026-09-27T13:53:50.16,1,0,0
191,284,146.351,2026-09-27T13:56:16.511,1,0,0
191,285,144.005,2026-09-27T13:58:40.516,1,0,0
191,286,147.072,2026-09-27T14:01:07.588,1,0,0
191,287,172.976,2026-09-27T14:04:00.564,2,1,0
191,288,844.925,2026-09-27T14:18:05.489,4,0,0
191,289,143.522,2026-09-27T14:20:29.011,4,0,0
191,290,144.986,2026-09-27T14:22:53.997,4,0,0
191,291,142.298,2026-09-27T14:25:16.295,4,0,0
191,292,145.045,2026-09-27T14:27:41.34,4,0,0
191,293,152.212,2026-09-27T14:30:13.552,4,0,0
191,294,145.443,2026-09-27T14:32:38.995,4,0,0
191,295,139.435,2026-09-27T14:34:58.43,4,0,0
191,296,151.221,2026-09-27T14:37:29.651,4,0,0
191,297,139.988,2026-09-27T14:39:49.639,4,0,0
191,298,149.374,2026-09-27T14:42:19.013,4,0,0
191,299,146.814,2026-09-27T14:44:45.827,4,0,0
191,300,139.589,2026-09-27T14:47:05.416,4,0,0
191,301,145.887,2026-09-27T14:49:31.303,4,0,0
191,302,141.763,2026-09-27T14:51:53.066,4,0,0
191,303,144.874,2026-09-27T14:54:17.94,4,0,0
191,304,142.766,2026-09-27T14:56:40.706,4,0,0
191,305,145.143,2026-09-27T14:59:05.849,4,0,0
191,306,142.3,2026-09-27T15:01:28.149,4,0,0
191,307,143.317,2026-09-27T15:03:51.466,4,0,0
191,308,146.429,2026-09-27T15:06:17.895,4,0,0
191,309,141.748,2026-09-27T15:08:39.643,4,0,0
191,310,153.087,2026-09-27T15:11:12.73,3,0,0
191,311,145.199,2026-09-27T15:13:37.929,3,0,0
191,312,149.458,2026-09-27T15:16:07.387,3,0,0
191,313,150.336,2026-09-27T15:18:37.723,3,0,0
191,314,142.097,2026-09-27T15:20:59.82,3,0,0
191,315,140.944,2026-09-27T15:23:20.764,3,0,0
191,316,140.998,2026-09-27T15:25:41.762,2,0,0
191,317,139.383,2026-09-27T15:28:01.145,2,0,0
191,318,145.123,2026-09-27T15:30:26.268,2,0,0
32,1,177.351,2026-09-26T10:05:36.397,32,0,0
32,2,172.585,2026-09-26T10:08:28.982,25,0,0
32,3,163.836,2026-09-26T10:11:12.818,21,0,0
32,4,184.676,2026-09-26T10:14:17.494,17,0,0
32,5,169.47,2026-09-26T10:17:06.964,16,0,0
32,6,160.127,2026-09-26T10:19:47.091,14,0,0
32,7,162.178,2026-09-26T10:22:29.269,14,0,0
32,8,150.725,2026-09-26T10:24:59.994,12,0,0
32,9,152.708,2026-09-26T10:27:32.702,11,0,0
32,10,209.694,2026-09-26T10:31:02.396,19,1,0
32,11,1061.674,2026-09-26T10:48:44.07,75,0,0
32,12,152.676,2026-09-26T10:51:16.746,74,0,0
32,13,150.363,2026-09-26T10:53:47.109,72,0,0
32,14,160.694,2026-09-26T10:56:27.803,71,0,0
32,15,150.6,2026-09-26T10:58:58.403,70,0,0
32,16,150.189,2026-09-26T11:01:28.592,70,0,0
32,17,149.279,2026-09-26T11:03:57.871,67,0,0
32,18,142.147,2026-09-26T11:06:20.018,67,0,0
32,19,143.646,2026-09-26T11:08:43.664,66,0,0
32,20,156.651,2026-09-26T11:11:20.315,64,0,0
32,21,144.79,2026-09-26T11:13:45.105,62,0,0
32,22,147.807,2026-09-26T11:16:12.912,61,0,0
32,23,149.617,2026-09-26T11:18:42.529,56,0,0
32,24,153.194,2026-09-26T11:21:15.723,52,0,0
32,25,153.471,2026-09-26T11:23:49.194,50,0,0
32,26,141.759,2026-09-26T11:26:10.953,48,0,0
32,27,152.919,2026-09-26T11:28:43.872,46,0,0
32,28,149.667,2026-09-26T11:31:13.539,45,0,0
32,29,150.253,2026-09-26T11:33:43.792,44,0,0
32,30,153.769,2026-09-26T11:36:17.561,43,0,0
32,31,167.712,2026-09-26T11:39:05.273,43,0,0
32,32,145.275,2026-09-26T11:41:30.548,43,0,0
32,33,177.765,2026-09-26T11:44:28.313,43,0,0
32,34,153.442,2026-09-26T11:47:01.755,42,0,0
32,35,147.679,2026-09-26T11:49:29.434,41,0,0
32,36,151.229,2026-09-26T11:52:00.663,39,0,0
32,37,143.413,2026-09-26T11:54:24.076,37,0,0
32,38,150.594,2026-09-26T11:56:54.67,33,0,0
32,39,137.823,2026-09-26T11:59:12.493,31,0,0
32,40,139.869,2026-09-26T12:01:32.362,29,0,0
32,41,148.473,2026-09-26T12:04:00.835,27,0,0
32,42,143.387,2026-09-26T12:06:24.222,25,0,0
32,43,158.161,2026-09-26T12:09:02.383,24,0,0
32,44,152.231,2026-09-26T12:11:34.614,24,0,0
32,45,153.779,2026-09-26T12:14:08.393,23,0,0
32,46,364.598,2026-09-26T12:20:12.991,29,1,0
32,47,201.787,2026-09-26T12:23:34.778,29,0,0
32,48,153.91,2026-09-26T12:26:08.688,28,0,0
32,49,154.712,2026-09-26T12:28:43.4,28,0,0
32,50,146.739,2026-09-26T12:31:10.139,28,0,0
32,51,150.388,2026-09-26T12:33:40.527,27,0,0
32,52,152.492,2026-09-26T12:36:13.019,26,0,0
32,53,145.559,2026-09-26T12:38:38.578,26,0,0
32,54,149.836,2026-09-26T12:41:08.414,26,0,0
32,55,161.861,2026-09-26T12:43:50.275,26,0,0
32,56,153.968,2026-09-26T12:46:24.243,26,0,0
32,57,147.768,2026-09-26T12:48:52.011,26,0,0
32,58,145.129,2026-09-26T12:51:17.14,25,0,0
32,59,150.67,2026-09-26T12:53:47.81,24,0,0
32,60,152.177,2026-09-26T12:56:19.987,23,0,0
32,61,155.186,2026-09-26T12:58:55.173,23,0,0
32,62,144.726,2026-09-26T13:01:19.899,23,0,0
32,63,148.806,2026-09-26T13:03:48.705,23,0,0
32,64,153.368,2026-09-26T13:06:22.073,22,0,0
32,65,151.813,2026-09-26T13:08:53.886,22,0,0
32,66,153.425,2026-09-26T13:11:27.311,22,0,0
32,67,174.601,2026-09-26T13:14:21.912,22,1,0
32,68,362.745,2026-09-26T13:20:24.657,24,0,0
32,69,146.383,2026-09-26T13:22:51.04,21,0,0
32,70,148.309,2026-09-26T13:25:19.349,21,0,0
32,71,146.925,2026-09-26T13:27:46.274,20,0,0
32,72,141.891,2026-09-26T13:30:08.165,20,0,0
32,73,154.698,2026-09-26T13:32:42.863,19,0,0
32,74,149.838,2026-09-26T13:35:12.701,19,0,0
32,75,152.434,2026-09-26T13:37:45.135,19,0,0
32,76,152.741,2026-09-26T13:40:17.876,19,0,0
32,77,152.185,2026-09-26T13:42:50.061,19,0,0
32,78,151.836,2026-09-26T13:45:21.897,19,0,0
32,79,150.349,2026-09-26T13:47:52.246,19,0,0
32,80,148.769,2026-09-26T13:50:21.015,19,0,0
32,81,150.649,2026-09-26T13:52:51.664,18,0,0
32,82,147.465,2026-09-26T13:55:19.129,18,0,0
32,83,148.838,2026-09-26T13:57:47.967,17,0,0
32,84,145.945,2026-09-26T14:00:13.912,16,0,0
32,85,151.565,2026-09-26T14:02:45.477,15,0,0
32,86,143.915,2026-09-26T14:05:09.392,14,0,0
32,87,154.322,2026-09-26T14:07:43.714,14,0,0
32,88,160.8,2026-09-26T14:10:24.514,14,0,0
32,89,158.766,2026-09-26T14:13:03.28,13,0,0
32,90,182.551,2026-09-26T14:16:05.831,14,1,0
32,91,459.533,2026-09-26T14:23:45.364,18,0,0
32,92,150.326,2026-09-26T14:26:15.69,18,0,0
32,93,145.68,2026-09-26T14:28:41.37,18,0,0
32,94,145.652,2026-09-26T14:31:07.022,17,0,0
32,95,158.96,2026-09-26T14:33:45.982,17,0,0
32,96,152.293,2026-09-26T14:36:18.275,16,0,0
32,97,150.329,2026-09-26T14:38:48.604,16,0,0
32,98,153.978,2026-09-26T14:41:22.582,16,0,0
32,99,150.695,2026-09-26T14:43:53.277,16,0,0
32,100,157.553,2026-09-26T14:46:30.83,16,0,0
32,101,156.633,2026-09-26T14:49:07.463,16,0,0
32,102,164.859,2026-09-26T14:51:52.322,16,0,0
32,103,156.752,2026-09-26T14:54:29.074,16,0,0
32,104,176.387,2026-09-26T14:57:25.461,16,0,0
32,105,163.313,2026-09-26T15:00:08.774,16,0,0
32,106,152.816,2026-09-26T15:02:41.59,16,0,0
32,107,155.031,2026-09-26T15:05:16.621,15,0,0
32,108,153.675,2026-09-26T15:07:50.296,15,0,0
32,109,160.503,2026-09-26T15:10:30.799,15,0,0
32,110,147.587,2026-09-26T15:12:58.386,15,0,0
32,111,177.384,2026-09-26T15:15:55.77,13,0,0
32,112,182.29,2026-09-26T15:18:58.06,12,0,0
32,113,143.387,2026-09-26T15:21:21.447,11,0,0
32,114,145.181,2026-09-26T15:23:46.628,11,0,0
32,115,165.362,2026-09-26T15:26:31.99,10,0,0
32,116,169.071,2026-09-26T15:29:21.061,10,0,0
32,117,160.876,2026-09-26T15:32:01.937,9,0,0
32,118,204.23,2026-09-26T15:35:26.167,9,0,0
32,119,153.013,2026-09-26T15:37:59.18,8,0,0
32,120,151.293,2026-09-26T15:40:30.473,8,0,0
32,121,140.76,2026-09-26T15:42:51.233,8,0,0
32,122,143.855,2026-09-26T15:45:15.088,8,0,0
32,123,151.879,2026-09-26T15:47:46.967,8,0,0
32,124,148.833,2026-09-26T15:50:15.8,7,0,0
32,125,173.108,2026-09-26T15:53:08.908,7,0,0
32,126,154.085,2026-09-26T15:55:42.993,6,0,0
32,127,279.768,2026-09-26T16:00:22.761,6,0,1
32,128,237.106,2026-09-26T16:04:19.867,6,0,1
32,129,216.332,2026-09-26T16:07:56.199,6,0,1
32,130,236.013,2026-09-26T16:11:52.212,6,0,1
32,131,245.851,2026-09-26T16:15:58.063,6,0,1
32,132,178.006,2026-09-26T16:18:56.069,6,0,0
32,133,143.764,2026-09-26T16:21:19.833,6,0,0
32,134,149.719,2026-09-26T16:23:49.552,6,0,0
32,135,151.664,2026-09-26T16:26:21.216,6,0,0
32,136,159.142,2026-09-26T16:29:00.358,6,0,0
32,137,326.357,2026-09-26T16:34:26.715,6,1,0
32,138,198.973,2026-09-26T16:37:45.688,7,0,0
32,139,162.858,2026-09-26T16:40:28.546,7,0,0
32,140,149.374,2026-09-26T16:42:57.92,7,0,0
32,141,168.484,2026-09-26T16:45:46.404,7,0,0
32,142,158.023,2026-09-26T16:48:24.427,7,0,0
32,143,151.594,2026-09-26T16:50:56.021,7,0,0
32,144,154.701,2026-09-26T16:53:30.722,7,0,0
32,145,147.625,2026-09-26T16:55:58.347,7,0,0
32,146,150.145,2026-09-26T16:58:28.492,7,0,0
32,147,146.258,2026-09-26T17:00:54.75,7,0,0
32,148,146.44,2026-09-26T17:03:21.19,7,0,0
32,149,152.144,2026-09-26T17:05:53.334,7,0,0
32,150,161.823,2026-09-26T17:08:35.157,7,0,0
32,151,172.317,2026-09-26T17:11:27.474,7,0,0
32,152,156.545,2026-09-26T17:14:04.019,6,0,0
32,153,159.753,2026-09-26T17:16:43.772,6,0,0
32,154,155.033,2026-09-26T17:19:18.805,6,0,0
32,155,149.305,2026-09-26T17:21:48.11,6,0,0
32,156,152.992,2026-09-26T17:24:21.102,6,0,0
32,157,159.417,2026-09-26T17:27:00.519,6,0,0
32,158,146.844,2026-09-26T17:29:27.363,6,0,0
32,159,153.787,2026-09-26T17:32:01.15,6,0,0
32,160,150.509,2026-09-26T17:34:31.659,6,0,0
32,161,149.86,2026-09-26T17:37:01.519,6,0,0
32,162,149.631,2026-09-26T17:39:31.15,6,0,0
32,163,164.392,2026-09-26T17:42:15.542,6,0,0
32,164,159.642,2026-09-26T17:44:55.184,6,0,0
32,165,147.959,2026-09-26T17:47:23.143,6,0,0
32,166,153.813,2026-09-26T17:49:56.956,6,0,0
32,167,198.156,2026-09-26T17:53:15.112,6,0,1
32,168,233.343,2026-09-26T17:57:08.455,6,0,1
32,169,299.213,2026-09-26T18:02:07.668,6,0,1
32,170,53700.846,2026-09-27T08:57:08.514,6,0,0
32,171,153.862,2026-09-27T08:59:42.376,6,0,0
32,172,153.909,2026-09-27T09:02:16.285,6,0,0
32,173,145.654,2026-09-27T09:04:41.939,6,0,0
32,174,156.426,2026-09-27T09:07:18.365,6,0,0
32,175,147.085,2026-09-27T09:09:45.45,6,0,0
32,176,152.806,2026-09-27T09:12:18.256,6,0,0
32,177,149.652,2026-09-27T09:14:47.908,6,0,0
32,178,148.106,2026-09-27T09:17:16.014,6,0,0
32,179,151.144,2026-09-27T09:19:47.158,6,0,0
32,180,174.429,2026-09-27T09:22:41.587,6,0,0
32,181,148.151,2026-09-27T09:25:09.738,6,0,0
32,182,153.31,2026-09-27T09:27:43.048,6,0,0
32,183,149.556,2026-09-27T09:30:12.604,6,0,0
32,184,159.5,2026-09-27T09:32:52.104,6,0,0
32,185,145.768,2026-09-27T09:35:17.872,6,0,0
32,186,148.859,2026-09-27T09:37:46.731,6,0,0
32,187,142.605,2026-09-27T09:40:09.336,6,0,0
32,188,145.859,2026-09-27T09:42:35.195,6,0,0
32,189,153.42,2026-09-27T09:45:08.615,6,0,0
32,190,158.888,2026-09-27T09:47:47.503,6,0,0
32,191,155.124,2026-09-27T09:50:22.627,6,0,0
32,192,143.766,2026-09-27T09:52:46.393,6,0,0
32,193,147.136,2026-09-27T09:55:13.529,6,0,0
32,194,141.563,2026-09-27T09:57:35.092,6,0,0
32,195,143.767,2026-09-27T09:59:58.859,6,0,0
32,196,144.585,2026-09-27T10:02:23.444,6,0,0
32,197,146.204,2026-09-27T10:04:49.648,6,0,0
32,198,145.431,2026-09-27T10:07:15.079,6,0,0
32,199,144.361,2026-09-27T10:09:39.44,6,0,0
32,200,147.605,2026-09-27T10:12:07.045,6,0,0
32,201,144.515,2026-09-27T10:14:31.56,6,0,0
32,202,141.662,2026-09-27T10:16:53.222,6,0,0
32,203,147.308,2026-09-27T10:19:20.53,6,0,0
32,204,143.585,2026-09-27T10:21:44.115,6,0,0
32,205,144.389,2026-09-27T10:24:08.504,6,0,0
32,206,1185.35,2026-09-27T10:43:53.854,6,0,0
32,207,142.233,2026-09-27T10:46:16.087,6,0,0
32,208,331.033,2026-09-27T10:51:47.12,6,1,0
32,209,184.286,2026-09-27T10:54:51.406,6,0,0
32,210,148.246,2026-09-27T10:57:19.652,6,0,0
32,211,152.289,2026-09-27T10:59:51.941,6,0,0
32,212,152.181,2026-09-27T11:02:24.122,6,0,0
32,213,147.794,2026-09-27T11:04:51.916,6,0,0
32,214,147.562,2026-09-27T11:07:19.478,6,0,0
32,215,152.907,2026-09-27T11:09:52.385,6,0,0
32,216,152.901,2026-09-27T11:12:25.286,6,0,0
32,217,145.672,2026-09-27T11:14:50.958,6,0,0
32,218,147.6,2026-09-27T11:17:18.558,6,0,0
32,219,146.6,2026-09-27T11:19:45.158,6,0,0
32,220,148.061,2026-09-27T11:22:13.219,6,0,0
32,221,154.323,2026-09-27T11:24:47.542,6,0,0
32,222,144.108,2026-09-27T11:27:11.65,6,0,0
32,223,145.421,2026-09-27T11:29:37.071,6,0,0
32,224,159.073,2026-09-27T11:32:16.144,6,0,0
32,225,160.385,2026-09-27T11:34:56.529,6,0,0
32,226,151.054,2026-09-27T11:37:27.583,6,0,0
32,227,154.307,2026-09-27T11:40:01.89,6,0,0
32,228,155.294,2026-09-27T11:42:37.184,6,0,0
32,229,153.824,2026-09-27T11:45:11.008,6,0,0
32,230,156.61,2026-09-27T11:47:47.618,6,0,0
32,231,146.009,2026-09-27T11:50:13.627,6,0,0
32,232,150.597,2026-09-27T11:52:44.224,6,0,0
32,233,146.499,2026-09-27T11:55:10.723,6,0,0
32,234,150.542,2026-09-27T11:57:41.265,6,0,0
32,235,146.702,2026-09-27T12:00:07.967,6,0,0
32,236,159.891,2026-09-27T12:02:47.858,6,0,0
32,237,153.343,2026-09-27T12:05:21.201,6,0,0
32,238,169.66,2026-09-27T12:08:10.861,6,0,0
32,239,149.415,2026-09-27T12:10:40.276,6,0,0
32,240,150.82,2026-09-27T12:13:11.096,6,0,0
32,241,145.276,2026-09-27T12:15:36.372,6,0,0
32,242,145.662,2026-09-27T12:18:02.034,6,0,0
32,243,147.001,2026-09-27T12:20:29.035,6,0,0
32,244,153.882,2026-09-27T12:23:02.917,5,0,0
32,245,156.671,2026-09-27T12:25:39.588,5,0,0
32,246,157.208,2026-09-27T12:28:16.796,5,0,0
32,247,149.934,2026-09-27T12:30:46.73,5,0,0
32,248,146.348,2026-09-27T12:33:13.078,5,0,0
32,249,146.242,2026-09-27T12:35:39.32,5,0,0
32,250,156.81,2026-09-27T12:38:16.13,5,0,0
32,251,154.723,2026-09-27T12:40:50.853,5,0,0
32,252,154.782,2026-09-27T12:43:25.635,5,0,0
32,253,152.045,2026-09-27T12:45:57.68,5,0,0
32,254,154.988,2026-09-27T12:48:32.668,5,0,0
32,255,162.749,2026-09-27T12:51:15.417,5,0,0
32,256,149.879,2026-09-27T12:53:45.296,5,0,0
32,257,149.599,2026-09-27T12:56:14.895,5,0,0
32,258,351.67,2026-09-27T13:02:06.565,6,1,0
32,259,182.213,2026-09-27T13:05:08.778,6,0,0
32,260,145.173,2026-09-27T13:07:33.951,6,0,0
32,261,151.142,2026-09-27T13:10:05.093,6,0,0
32,262,147.526,2026-09-27T13:12:32.619,6,0,0
32,263,144.712,2026-09-27T13:14:57.331,6,0,0
32,264,147.511,2026-09-27T13:17:24.842,6,0,0
32,265,143.109,2026-09-27T13:19:47.951,6,0,0
32,266,149.591,2026-09-27T13:22:17.542,6,0,0
32,267,145.804,2026-09-27T13:24:43.346,6,0,0
32,268,144.004,2026-09-27T13:27:07.35,6,0,0
32,269,144.661,2026-09-27T13:29:32.011,6,0,0
32,270,143.393,2026-09-27T13:31:55.404,6,0,0
32,271,144.53,2026-09-27T13:34:19.934,6,0,0
32,272,144.157,2026-09-27T13:36:44.091,6,0,0
32,273,145.109,2026-09-27T13:39:09.2,6,0,0
32,274,141.859,2026-09-27T13:41:31.059,5,0,0
32,275,142.293,2026-09-27T13:43:53.352,5,0,0
32,276,141.121,2026-09-27T13:46:14.473,5,0,0
32,277,142.275,2026-09-27T13:48:36.748,5,0,0
32,278,143.943,2026-09-27T13:51:00.691,5,0,0
32,279,145.177,2026-09-27T13:53:25.868,5,0,0
32,280,145.978,2026-09-27T13:55:51.846,5,0,0
32,281,140.958,2026-09-27T13:58:12.804,5,0,0
32,282,143.881,2026-09-27T14:00:36.685,5,0,0
32,283,143.391,2026-09-27T14:03:00.076,5,0,0
32,284,140.661,2026-09-27T14:05:20.737,4,0,0
32,285,150.078,2026-09-27T14:07:50.815,4,0,0
32,286,140.33,2026-09-27T14:10:11.145,4,0,0
32,287,146.215,2026-09-27T14:12:37.36,4,0,0
32,288,152.628,2026-09-27T14:15:09.988,3,0,0
32,289,146.737,2026-09-27T14:17:36.725,3,0,0
32,290,140.909,2026-09-27T14:19:57.634,3,0,0
32,291,148.137,2026-09-27T14:22:25.771,3,0,0
32,292,141.541,2026-09-27T14:24:47.312,3,0,0
32,293,145.552,2026-09-27T14:27:12.864,3,0,0
32,294,145.884,2026-09-27T14:29:38.748,3,0,0
32,295,140.449,2026-09-27T14:31:59.197,3,0,0
32,296,140.404,2026-09-27T14:34:19.601,3,0,0
32,297,145.825,2026-09-27T14:36:45.426,3,0,0
32,298,146.5,2026-09-27T14:39:11.926,3,0,0
32,299,149.271,2026-09-27T14:41:41.197,3,0,0
32,300,264.533,2026-09-27T14:46:05.73,3,1,0
32,301,173.703,2026-09-27T14:48:59.433,3,0,0
32,302,142.699,2026-09-27T14:51:22.132,3,0,0
32,303,144.702,2026-09-27T14:53:46.834,3,0,0
32,304,154.564,2026-09-27T14:56:21.398,3,0,0
32,305,142.326,2026-09-27T14:58:43.724,3,0,0
32,306,142.667,2026-09-27T15:01:06.391,3,0,0
32,307,144.48,2026-09-27T15:03:30.871,3,0,0
32,308,143.811,2026-09-27T15:05:54.682,3,0,0
32,309,156.15,2026-09-27T15:08:30.832,3,0,0
32,310,149.085,2026-09-27T15:10:59.917,2,0,0
32,311,153.119,2026-09-27T15:13:33.036,2,0,0
32,312,146.276,2026-09-27T15:15:59.312,2,0,0
32,313,152.887,2026-09-27T15:18:32.199,2,0,0
32,314,141.899,2026-09-27T15:20:54.098,2,0,0
32,315,146.587,2026-09-27T15:23:20.685,2,0,0
32,316,146.005,2026-09-27T15:25:46.69,3,0,0
32,317,138.789,2026-09-27T15:28:05.479,3,0,0
32,318,145.024,2026-09-27T15:30:30.503,3,0,0
0,1,154.172,2026-09-26T10:06:29.48,49,0,0
0,2,169.476,2026-09-26T10:09:18.956,45,0,0
0,3,181.838,2026-09-26T10:12:20.794,36,0,0
0,4,156.818,2026-09-26T10:14:57.612,34,0,0
0,5,159.382,2026-09-26T10:17:36.994,31,0,0
0,6,167.616,2026-09-26T10:20:24.61,29,0,0
0,7,187.052,2026-09-26T10:23:31.662,27,0,0
0,8,156.015,2026-09-26T10:26:07.677,25,0,0
0,9,157.667,2026-09-26T10:28:45.344,25,0,0
0,10,156.829,2026-09-26T10:31:22.173,24,0,0
0,11,153.754,2026-09-26T10:33:55.927,24,0,0
0,12,151.555,2026-09-26T10:36:27.482,23,0,0
0,13,171.258,2026-09-26T10:39:18.74,21,0,0
0,14,161.336,2026-09-26T10:42:00.076,20,0,0
0,15,158.905,2026-09-26T10:44:38.981,20,0,0
0,16,158.352,2026-09-26T10:47:17.333,20,0,0
0,17,152.313,2026-09-26T10:49:49.646,19,0,0
0,18,157.543,2026-09-26T10:52:27.189,18,0,0
0,19,153.516,2026-09-26T10:55:00.705,18,0,0
0,20,163.206,2026-09-26T10:57:43.911,19,0,0
0,21,182.964,2026-09-26T11:00:46.875,19,0,0
0,22,153.257,2026-09-26T11:03:20.132,19,0,0
0,23,154.959,2026-09-26T11:05:55.091,19,0,0
0,24,146.695,2026-09-26T11:08:21.786,19,0,0
0,25,147.263,2026-09-26T11:10:49.049,18,0,0
0,26,165.026,2026-09-26T11:13:34.075,18,0,0
0,27,151.9,2026-09-26T11:16:05.975,17,0,0
0,28,161.209,2026-09-26T11:18:47.184,17,0,0
0,29,159.513,2026-09-26T11:21:26.697,17,0,0
0,30,161.009,2026-09-26T11:24:07.706,17,0,0
0,31,156.811,2026-09-26T11:26:44.517,17,0,0
0,32,144.723,2026-09-26T11:29:09.24,17,0,0
0,33,157.567,2026-09-26T11:31:46.807,17,0,0
0,34,167.665,2026-09-26T11:34:34.472,17,0,0
0,35,159.638,2026-09-26T11:37:14.11,17,0,0
0,36,153.954,2026-09-26T11:39:48.064,17,0,0
0,37,153.211,2026-09-26T11:42:21.275,16,0,0
0,38,158.094,2026-09-26T11:44:59.369,16,0,0
0,39,168.583,2026-09-26T11:47:47.952,15,0,0
0,40,157.53,2026-09-26T11:50:25.482,14,0,0
0,41,152.41,2026-09-26T11:52:57.892,12,0,0
0,42,151.241,2026-09-26T11:55:29.133,12,0,0
0,43,153.618,2026-09-26T11:58:02.751,12,0,0
0,44,153.395,2026-09-26T12:00:36.146,12,0,0
0,45,146.967,2026-09-26T12:03:03.113,12,0,0
0,46,153.051,2026-09-26T12:05:36.164,11,0,0
0,47,151.757,2026-09-26T12:08:07.921,9,0,0
0,48,155.109,2026-09-26T12:10:43.03,8,0,0
0,49,152.59,2026-09-26T12:13:15.62,8,0,0
0,50,150.531,2026-09-26T12:15:46.151,7,0,0
0,51,155.741,2026-09-26T12:18:21.892,7,0,0
0,52,168.213,2026-09-26T12:21:10.105,7,0,0
0,53,425.371,2026-09-26T12:28:15.476,13,1,0
0,54,184.134,2026-09-26T12:31:19.61,15,0,0
0,55,156.805,2026-09-26T12:33:56.415,15,0,0
0,56,152.338,2026-09-26T12:36:28.753,14,0,0
0,57,157.787,2026-09-26T12:39:06.54,13,0,0
0,58,155.642,2026-09-26T12:41:42.182,13,0,0
0,59,153.874,2026-09-26T12:44:16.056,13,0,0
0,60,153.832,2026-09-26T12:46:49.888,13,0,0
0,61,155.549,2026-09-26T12:49:25.437,13,0,0
0,62,156.98,2026-09-26T12:52:02.417,13,0,0
0,63,155.197,2026-09-26T12:54:37.614,13,0,0
0,64,157.638,2026-09-26T12:57:15.252,13,0,0
0,65,152.695,2026-09-26T12:59:47.947,13,0,0
0,66,154.741,2026-09-26T13:02:22.688,10,0,0
0,67,156.659,2026-09-26T13:04:59.347,10,0,0
0,68,151.072,2026-09-26T13:07:30.419,10,0,0
0,69,158.512,2026-09-26T13:10:08.931,10,0,0
0,70,157.31,2026-09-26T13:12:46.241,10,0,0
0,71,150.09,2026-09-26T13:15:16.331,8,0,0
0,72,157.132,2026-09-26T13:17:53.463,8,0,0
0,73,151.988,2026-09-26T13:20:25.451,7,0,0
0,74,151.599,2026-09-26T13:22:57.05,8,0,0
0,75,150.482,2026-09-26T13:25:27.532,8,0,0
0,76,148.781,2026-09-26T13:27:56.313,8,0,0
0,77,154.787,2026-09-26T13:30:31.1,8,0,0
0,78,157.273,2026-09-26T13:33:08.373,7,0,0
0,79,152.055,2026-09-26T13:35:40.428,7,0,0
0,80,150.864,2026-09-26T13:38:11.292,7,0,0
0,81,155.551,2026-09-26T13:40:46.843,7,0,0
0,82,158.089,2026-09-26T13:43:24.932,7,0,0
0,83,152.183,2026-09-26T13:45:57.115,7,0,0
0,84,155.138,2026-09-26T13:48:32.253,7,0,0
0,85,152.546,2026-09-26T13:51:04.799,7,0,0
0,86,150.698,2026-09-26T13:53:35.497,7,0,0
0,87,157.093,2026-09-26T13:56:12.59,7,0,0
0,88,152.014,2026-09-26T13:58:44.604,7,0,0
0,89,150.863,2026-09-26T14:01:15.467,7,0,0
0,90,151.72,2026-09-26T14:03:47.187,7,0,0
0,91,153.671,2026-09-26T14:06:20.858,6,0,0
0,92,151.515,2026-09-26T14:08:52.373,6,0,0
0,93,157.182,2026-09-26T14:11:29.555,6,0,0
0,94,152.902,2026-09-26T14:14:02.457,6,0,0
0,95,152.347,2026-09-26T14:16:34.804,6,0,0
0,96,153.447,2026-09-26T14:19:08.251,5,0,0
0,97,152.119,2026-09-26T14:21:40.37,4,0,0
0,98,151.444,2026-09-26T14:24:11.814,4,0,0
0,99,151.93,2026-09-26T14:26:43.744,4,0,0
0,100,153.002,2026-09-26T14:29:16.746,4,0,0
0,101,148.166,2026-09-26T14:31:44.912,4,0,0
0,102,150.278,2026-09-26T14:34:15.19,4,0,0
0,103,150.421,2026-09-26T14:36:45.611,4,0,0
0,104,152.539,2026-09-26T14:39:18.15,4,0,0
0,105,156.793,2026-09-26T14:41:54.943,4,0,0
0,106,167.755,2026-09-26T14:44:42.698,4,0,0
0,107,164.477,2026-09-26T14:47:27.175,4,0,0
0,108,155.103,2026-09-26T14:50:02.278,5,0,0
0,109,435.38,2026-09-26T14:57:17.658,7,1,0
0,110,201.902,2026-09-26T15:00:39.56,7,0,0
0,111,171.768,2026-09-26T15:03:31.328,7,0,0
0,112,177.649,2026-09-26T15:06:28.977,7,0,0
0,113,164.775,2026-09-26T15:09:13.752,7,0,0
0,114,156.837,2026-09-26T15:11:50.589,7,0,0
0,115,159.962,2026-09-26T15:14:30.551,6,0,0
0,116,154.89,2026-09-26T15:17:05.441,6,0,0
0,117,162.906,2026-09-26T15:19:48.347,5,0,0
0,118,153.98,2026-09-26T15:22:22.327,5,0,0
0,119,166.192,2026-09-26T15:25:08.519,4,0,0
0,120,154.161,2026-09-26T15:27:42.68,4,0,0
0,121,200.369,2026-09-26T15:31:03.049,4,0,0
0,122,202.927,2026-09-26T15:34:25.976,4,0,0
0,123,156.656,2026-09-26T15:37:02.632,4,0,0
0,124,155.597,2026-09-26T15:39:38.229,4,0,0
0,125,151.288,2026-09-26T15:42:09.517,4,0,0
0,126,163.302,2026-09-26T15:44:52.819,4,0,0
0,127,149.976,2026-09-26T15:47:22.795,4,0,0
0,128,162.267,2026-09-26T15:50:05.062,4,0,0
0,129,183.68,2026-09-26T15:53:08.742,4,0,0
0,130,166.593,2026-09-26T15:55:55.335,4,0,0
0,131,280.266,2026-09-26T16:00:35.601,4,0,1
0,132,246.439,2026-09-26T16:04:42.04,4,0,1
0,133,236.231,2026-09-26T16:08:38.271,4,0,1
0,134,240.001,2026-09-26T16:12:38.272,4,0,1
0,135,270.323,2026-09-26T16:17:08.595,4,0,0
0,136,155.103,2026-09-26T16:19:43.698,4,0,0
0,137,153.58,2026-09-26T16:22:17.278,4,0,0
0,138,150.286,2026-09-26T16:24:47.564,4,0,0
0,139,152.265,2026-09-26T16:27:19.829,4,0,0
0,140,151.766,2026-09-26T16:29:51.595,4,0,0
0,141,153.707,2026-09-26T16:32:25.302,4,0,0
0,142,150.135,2026-09-26T16:34:55.437,4,0,0
0,143,159.31,2026-09-26T16:37:34.747,4,0,0
0,144,153.253,2026-09-26T16:40:08,4,0,0
0,145,154.081,2026-09-26T16:42:42.081,4,0,0
0,146,150.683,2026-09-26T16:45:12.764,4,0,0
0,147,158.253,2026-09-26T16:47:51.017,4,0,0
0,148,153.494,2026-09-26T16:50:24.511,4,0,0
0,149,152.302,2026-09-26T16:52:56.813,4,0,0
0,150,157.513,2026-09-26T16:55:34.326,4,0,0
0,151,149.126,2026-09-26T16:58:03.452,4,0,0
0,152,149.772,2026-09-26T17:00:33.224,4,0,0
0,153,147.428,2026-09-26T17:03:00.652,4,0,0
0,154,152.501,2026-09-26T17:05:33.153,4,0,0
0,155,160.867,2026-09-26T17:08:14.02,4,0,0
0,156,184.657,2026-09-26T17:11:18.677,4,0,0
0,157,148.196,2026-09-26T17:13:46.873,4,0,0
0,158,154.525,2026-09-26T17:16:21.398,4,0,0
0,159,146.004,2026-09-26T17:18:47.402,4,0,0
0,160,155.596,2026-09-26T17:21:22.998,4,0,0
0,161,163.651,2026-09-26T17:24:06.649,4,0,0
0,162,302.655,2026-09-26T17:29:09.304,4,1,0
0,163,195.557,2026-09-26T17:32:24.861,4,0,0
0,164,156.36,2026-09-26T17:35:01.221,4,0,0
0,165,154.841,2026-09-26T17:37:36.062,4,0,0
0,166,153.864,2026-09-26T17:40:09.926,4,0,0
0,167,163.076,2026-09-26T17:42:53.002,4,0,0
0,168,162.514,2026-09-26T17:45:35.516,4,0,0
0,169,165.772,2026-09-26T17:48:21.288,4,0,0
0,170,177.038,2026-09-26T17:51:18.326,4,0,1
0,171,202.445,2026-09-26T17:54:40.771,4,0,1
0,172,196.333,2026-09-26T17:57:57.104,4,0,1
0,173,295.519,2026-09-26T18:02:52.623,4,0,1
0,174,53656.134,2026-09-27T08:57:08.757,4,0,0
0,175,159.593,2026-09-27T08:59:48.35,4,0,0
0,176,163.119,2026-09-27T09:02:31.469,4,0,0
0,177,149.324,2026-09-27T09:05:00.793,4,0,0
0,178,158.1,2026-09-27T09:07:38.893,4,0,0
0,179,162.468,2026-09-27T09:10:21.361,3,0,0
0,180,152.785,2026-09-27T09:12:54.146,3,0,0
0,181,148.699,2026-09-27T09:15:22.845,3,0,0
0,182,147.979,2026-09-27T09:17:50.824,3,0,0
0,183,154.526,2026-09-27T09:20:25.35,3,0,0
0,184,164.503,2026-09-27T09:23:09.853,3,0,0
0,185,155.768,2026-09-27T09:25:45.621,3,0,0
0,186,165.582,2026-09-27T09:28:31.203,3,0,0
0,187,148.694,2026-09-27T09:30:59.897,4,0,0
0,188,152.487,2026-09-27T09:33:32.384,4,0,0
0,189,150.453,2026-09-27T09:36:02.837,4,0,0
0,190,147.459,2026-09-27T09:38:30.296,4,0,0
0,191,153.208,2026-09-27T09:41:03.504,4,0,0
0,192,165.311,2026-09-27T09:43:48.815,4,0,0
0,193,159.516,2026-09-27T09:46:28.331,4,0,0
0,194,152.371,2026-09-27T09:49:00.702,4,0,0
0,195,151.812,2026-09-27T09:51:32.514,4,0,0
0,196,154.7,2026-09-27T09:54:07.214,4,0,0
0,197,150.926,2026-09-27T09:56:38.14,4,0,0
0,198,151.943,2026-09-27T09:59:10.083,4,0,0
0,199,149.001,2026-09-27T10:01:39.084,4,0,0
0,200,150.163,2026-09-27T10:04:09.247,4,0,0
0,201,158.245,2026-09-27T10:06:47.492,4,0,0
0,202,147.041,2026-09-27T10:09:14.533,4,0,0
0,203,151.388,2026-09-27T10:11:45.921,4,0,0
0,204,148.679,2026-09-27T10:14:14.6,4,0,0
0,205,148.37,2026-09-27T10:16:42.97,4,0,0
0,206,150.596,2026-09-27T10:19:13.566,4,0,0
0,207,151.385,2026-09-27T10:21:44.951,4,0,0
0,208,149.169,2026-09-27T10:24:14.12,4,0,0
0,209,1191.944,2026-09-27T10:44:06.064,4,0,0
0,210,148.744,2026-09-27T10:46:34.808,4,0,0
0,211,149.007,2026-09-27T10:49:03.815,4,0,0
0,212,153.61,2026-09-27T10:51:37.425,4,0,0
0,213,152.81,2026-09-27T10:54:10.235,4,0,0
0,214,149.401,2026-09-27T10:56:39.636,4,0,0
0,215,152.19,2026-09-27T10:59:11.826,4,0,0
0,216,146.205,2026-09-27T11:01:38.031,4,0,0
0,217,154.687,2026-09-27T11:04:12.718,4,0,0
0,218,165.796,2026-09-27T11:06:58.514,4,0,0
0,219,155.54,2026-09-27T11:09:34.054,4,0,0
0,220,415.732,2026-09-27T11:16:29.786,4,1,0
0,221,185.126,2026-09-27T11:19:34.912,4,0,0
0,222,153.298,2026-09-27T11:22:08.21,4,0,0
0,223,157.619,2026-09-27T11:24:45.829,4,0,0
0,224,151.094,2026-09-27T11:27:16.923,4,0,0
0,225,154.612,2026-09-27T11:29:51.535,4,0,0
0,226,157.9,2026-09-27T11:32:29.435,4,0,0
0,227,159.508,2026-09-27T11:35:08.943,4,0,0
0,228,155.175,2026-09-27T11:37:44.118,4,0,0
0,229,154.843,2026-09-27T11:40:18.961,4,0,0
0,230,151.564,2026-09-27T11:42:50.525,4,0,0
0,231,157.124,2026-09-27T11:45:27.649,4,0,0
0,232,155.699,2026-09-27T11:48:03.348,4,0,0
0,233,152.652,2026-09-27T11:50:36,4,0,0
0,234,155.14,2026-09-27T11:53:11.14,4,0,0
0,235,153.74,2026-09-27T11:55:44.88,4,0,0
0,236,153.166,2026-09-27T11:58:18.046,4,0,0
0,237,153.215,2026-09-27T12:00:51.261,4,0,0
0,238,154.077,2026-09-27T12:03:25.338,3,0,0
0,239,154.558,2026-09-27T12:05:59.896,3,0,0
0,240,156.856,2026-09-27T12:08:36.752,3,0,0
0,241,151.763,2026-09-27T12:11:08.515,3,0,0
0,242,153.521,2026-09-27T12:13:42.036,3,0,0
0,243,155.204,2026-09-27T12:16:17.24,3,0,0
0,244,155.226,2026-09-27T12:18:52.466,3,0,0
0,245,153.674,2026-09-27T12:21:26.14,3,0,0
0,246,149.342,2026-09-27T12:23:55.482,3,0,0
0,247,153.201,2026-09-27T12:26:28.683,3,0,0
0,248,151.226,2026-09-27T12:28:59.909,3,0,0
0,249,152.206,2026-09-27T12:31:32.115,3,0,0
0,250,152.238,2026-09-27T12:34:04.353,3,0,0
0,251,150.331,2026-09-27T12:36:34.684,3,0,0
0,252,153.75,2026-09-27T12:39:08.434,3,0,0
0,253,153.186,2026-09-27T12:41:41.62,3,0,0
0,254,160.444,2026-09-27T12:44:22.064,3,0,0
0,255,175.936,2026-09-27T12:47:18,3,1,0
0,256,374.491,2026-09-27T12:53:32.491,4,0,0
0,257,154.12,2026-09-27T12:56:06.611,4,0,0
0,258,154.096,2026-09-27T12:58:40.707,4,0,0
0,259,154.843,2026-09-27T13:01:15.55,4,0,0
0,260,157.002,2026-09-27T13:03:52.552,4,0,0
0,261,157.501,2026-09-27T13:06:30.053,4,0,0
0,262,154.997,2026-09-27T13:09:05.05,4,0,0
0,263,153.344,2026-09-27T13:11:38.394,4,0,0
0,264,155.409,2026-09-27T13:14:13.803,4,0,0
0,265,151.155,2026-09-27T13:16:44.958,4,0,0
0,266,156.351,2026-09-27T13:19:21.309,4,0,0
0,267,153.243,2026-09-27T13:21:54.552,4,0,0
0,268,153.786,2026-09-27T13:24:28.338,4,0,0
0,269,153.048,2026-09-27T13:27:01.386,4,0,0
0,270,156.95,2026-09-27T13:29:38.336,4,0,0
0,271,152.137,2026-09-27T13:32:10.473,4,0,0
0,272,154.329,2026-09-27T13:34:44.802,4,0,0
0,273,153.635,2026-09-27T13:37:18.437,4,0,0
0,274,376.934,2026-09-27T13:43:35.371,6,1,0
0,275,191.779,2026-09-27T13:46:47.15,6,0,0
0,276,149.668,2026-09-27T13:49:16.818,6,0,0
0,277,155.906,2026-09-27T13:51:52.724,6,0,0
0,278,150.444,2026-09-27T13:54:23.168,6,0,0
0,279,155.127,2026-09-27T13:56:58.295,6,0,0
0,280,160.639,2026-09-27T13:59:38.934,6,0,0
0,281,152.907,2026-09-27T14:02:11.841,6,0,0
0,282,154.067,2026-09-27T14:04:45.908,6,0,0
0,283,151.076,2026-09-27T14:07:16.984,6,0,0
0,284,155.502,2026-09-27T14:09:52.486,6,0,0
0,285,161.667,2026-09-27T14:12:34.153,6,0,0
0,286,158.616,2026-09-27T14:15:12.769,6,0,0
0,287,152.568,2026-09-27T14:17:45.337,6,0,0
0,288,148.525,2026-09-27T14:20:13.862,6,0,0
0,289,149.363,2026-09-27T14:22:43.225,6,0,0
0,290,150.214,2026-09-27T14:25:13.439,6,0,0
0,291,149.058,2026-09-27T14:27:42.497,6,0,0
0,292,157.305,2026-09-27T14:30:19.802,6,0,0
0,293,152.567,2026-09-27T14:32:52.369,6,0,0
0,294,153.349,2026-09-27T14:35:25.718,6,0,0
0,295,154.586,2026-09-27T14:38:00.304,6,0,0
0,296,154.242,2026-09-27T14:40:34.546,6,0,0
0,297,147.892,2026-09-27T14:43:02.438,6,0,0
0,298,147.372,2026-09-27T14:45:29.81,6,0,0
0,299,148.36,2026-09-27T14:47:58.17,6,0,0
0,300,148.798,2026-09-27T14:50:26.968,6,0,0
0,301,147.49,2026-09-27T14:52:54.458,6,0,0
0,302,149.197,2026-09-27T14:55:23.655,6,0,0
0,303,159.292,2026-09-27T14:58:02.947,5,0,0
0,304,160.818,2026-09-27T15:00:43.765,5,0,0
0,305,148.759,2026-09-27T15:03:12.524,5,0,0
0,306,151.678,2026-09-27T15:05:44.202,5,0,0
0,307,147.451,2026-09-27T15:08:11.653,5,0,0
0,308,149.094,2026-09-27T15:10:40.747,5,0,0
0,309,155.673,2026-09-27T15:13:16.42,5,0,0
0,310,149.24,2026-09-27T15:15:45.66,4,0,0
0,311,151.84,2026-09-27T15:18:17.5,4,0,0
0,312,151.053,2026-09-27T15:20:48.553,4,0,0
0,313,152.673,2026-09-27T15:23:21.226,4,0,0
0,314,153.298,2026-09-27T15:25:54.524,4,0,0
0,315,152.16,2026-09-27T15:28:26.684,4,0,0
0,316,151.164,2026-09-27T15:30:57.848,4,0,0
118,1,169.326,2026-09-26T10:04:51.872,5,0,0
118,2,165.346,2026-09-26T10:07:37.218,2,0,0
118,3,158.391,2026-09-26T10:10:15.609,2,0,0
118,4,176.806,2026-09-26T10:13:12.415,1,0,0
118,5,162.062,2026-09-26T10:15:54.477,1,0,0
118,6,183.195,2026-09-26T10:18:57.672,1,0,0
118,7,169.994,2026-09-26T10:21:47.666,1,0,0
118,8,144.884,2026-09-26T10:24:12.55,1,0,0
118,9,147.567,2026-09-26T10:26:40.117,1,0,0
118,10,155.392,2026-09-26T10:29:15.509,2,0,0
118,11,156.499,2026-09-26T10:31:52.008,2,0,0
118,12,145.548,2026-09-26T10:34:17.556,2,0,0
118,13,149.771,2026-09-26T10:36:47.327,2,0,0
118,14,158.359,2026-09-26T10:39:25.686,2,0,0
118,15,159.238,2026-09-26T10:42:04.924,2,0,0
118,16,157.116,2026-09-26T10:44:42.04,2,0,0
118,17,150.223,2026-09-26T10:47:12.263,2,0,0
118,18,150.623,2026-09-26T10:49:42.886,2,0,0
118,19,158.581,2026-09-26T10:52:21.467,2,0,0
118,20,146.31,2026-09-26T10:54:47.777,2,0,0
118,21,145.349,2026-09-26T10:57:13.126,2,0,0
118,22,142.178,2026-09-26T10:59:35.304,2,0,0
118,23,155.976,2026-09-26T11:02:11.28,2,0,0
118,24,143.002,2026-09-26T11:04:34.282,2,0,0
118,25,145.354,2026-09-26T11:06:59.636,2,0,0
118,26,149.762,2026-09-26T11:09:29.398,2,1,0
118,27,668.038,2026-09-26T11:20:37.436,33,0,0
118,28,160.931,2026-09-26T11:23:18.367,31,0,0
118,29,148.459,2026-09-26T11:25:46.826,31,0,0
118,30,153.026,2026-09-26T11:28:19.852,30,0,0
118,31,145.065,2026-09-26T11:30:44.917,29,0,0
118,32,140.692,2026-09-26T11:33:05.609,28,0,0
118,33,155.341,2026-09-26T11:35:40.95,28,0,0
118,34,163.862,2026-09-26T11:38:24.812,26,0,0
118,35,166.53,2026-09-26T11:41:11.342,26,0,0
118,36,398.809,2026-09-26T11:47:50.151,32,1,0
118,37,520.901,2026-09-26T11:56:31.052,41,0,0
118,38,153.581,2026-09-26T11:59:04.633,38,0,0
118,39,143.552,2026-09-26T12:01:28.185,36,0,0
118,40,148.286,2026-09-26T12:03:56.471,34,0,0
118,41,144.095,2026-09-26T12:06:20.566,32,0,0
118,42,147.877,2026-09-26T12:08:48.443,30,0,0
118,43,143.265,2026-09-26T12:11:11.708,30,0,0
118,44,143.54,2026-09-26T12:13:35.248,29,0,0
118,45,145.867,2026-09-26T12:16:01.115,29,0,0
118,46,155.125,2026-09-26T12:18:36.24,26,0,0
118,47,166.105,2026-09-26T12:21:22.345,25,0,0
118,48,151.507,2026-09-26T12:23:53.852,25,0,0
118,49,146.396,2026-09-26T12:26:20.248,24,0,0
118,50,150.784,2026-09-26T12:28:51.032,23,0,0
118,51,144.329,2026-09-26T12:31:15.361,22,0,0
118,52,147.218,2026-09-26T12:33:42.579,22,0,0
118,53,150.37,2026-09-26T12:36:12.949,22,0,0
118,54,145.98,2026-09-26T12:38:38.929,21,0,0
118,55,149.883,2026-09-26T12:41:08.812,21,0,0
118,56,157.847,2026-09-26T12:43:46.659,20,0,0
118,57,147.348,2026-09-26T12:46:14.007,20,0,0
118,58,149.046,2026-09-26T12:48:43.053,19,0,0
118,59,146.803,2026-09-26T12:51:09.856,18,0,0
118,60,147.121,2026-09-26T12:53:36.977,18,0,0
118,61,152.144,2026-09-26T12:56:09.121,18,0,0
118,62,153.134,2026-09-26T12:58:42.255,18,0,0
118,63,145.342,2026-09-26T13:01:07.597,18,0,0
118,64,142.989,2026-09-26T13:03:30.586,18,0,0
118,65,146.326,2026-09-26T13:05:56.912,18,0,0
118,66,154.816,2026-09-26T13:08:31.728,17,0,0
118,67,156.725,2026-09-26T13:11:08.453,17,0,0
118,68,150.759,2026-09-26T13:13:39.212,17,0,0
118,69,149.609,2026-09-26T13:16:08.821,16,0,0
118,70,410.026,2026-09-26T13:22:58.847,20,1,0
118,71,181.369,2026-09-26T13:26:00.216,19,0,0
118,72,155.55,2026-09-26T13:28:35.766,19,0,0
118,73,168.74,2026-09-26T13:31:24.506,18,0,0
118,74,157.076,2026-09-26T13:34:01.582,18,0,0
118,75,157.697,2026-09-26T13:36:39.279,18,0,0
118,76,171.651,2026-09-26T13:39:30.93,18,0,0
118,77,152.829,2026-09-26T13:42:03.759,18,0,0
118,78,154.594,2026-09-26T13:44:38.353,18,0,0
118,79,148.79,2026-09-26T13:47:07.143,18,0,0
118,80,156.068,2026-09-26T13:49:43.211,18,0,0
118,81,160.377,2026-09-26T13:52:23.588,17,0,0
118,82,158.087,2026-09-26T13:55:01.675,17,0,0
118,83,151.669,2026-09-26T13:57:33.344,16,0,0
118,84,154.84,2026-09-26T14:00:08.184,15,0,0
118,85,155.451,2026-09-26T14:02:43.635,14,0,0
118,86,147.984,2026-09-26T14:05:11.619,15,0,0
118,87,155.8,2026-09-26T14:07:47.419,15,0,0
118,88,163.869,2026-09-26T14:10:31.288,15,0,0
118,89,156.509,2026-09-26T14:13:07.797,14,0,0
118,90,158.271,2026-09-26T14:15:46.068,13,0,0
118,91,150.348,2026-09-26T14:18:16.416,13,0,0
118,92,147.77,2026-09-26T14:20:44.186,13,0,0
118,93,155.42,2026-09-26T14:23:19.606,13,0,0
118,94,156.792,2026-09-26T14:25:56.398,13,0,0
118,95,154.858,2026-09-26T14:28:31.256,13,0,0
118,96,150.318,2026-09-26T14:31:01.574,12,0,0
118,97,161.742,2026-09-26T14:33:43.316,12,0,0
118,98,152.662,2026-09-26T14:36:15.978,12,0,0
118,99,147.961,2026-09-26T14:38:43.939,12,0,0
118,100,159.296,2026-09-26T14:41:23.235,12,0,0
118,101,154.145,2026-09-26T14:43:57.38,12,0,0
118,102,162.444,2026-09-26T14:46:39.824,12,0,0
118,103,154.803,2026-09-26T14:49:14.627,12,0,0
118,104,166.914,2026-09-26T14:52:01.541,11,0,0
118,105,168.623,2026-09-26T14:54:50.164,11,0,0
118,106,170.314,2026-09-26T14:57:40.478,11,0,0
118,107,163.678,2026-09-26T15:00:24.156,11,0,0
118,108,158.396,2026-09-26T15:03:02.552,11,0,0
118,109,349.75,2026-09-26T15:08:52.302,12,1,0
118,110,176.498,2026-09-26T15:11:48.8,12,0,0
118,111,152.766,2026-09-26T15:14:21.566,12,0,0
118,112,159.586,2026-09-26T15:17:01.152,11,0,0
118,113,159.562,2026-09-26T15:19:40.714,10,0,0
118,114,144.606,2026-09-26T15:22:05.32,10,0,0
118,115,152.354,2026-09-26T15:24:37.674,9,0,0
118,116,146.483,2026-09-26T15:27:04.157,9,0,0
118,117,201.069,2026-09-26T15:30:25.226,8,0,0
118,118,205.439,2026-09-26T15:33:50.665,7,0,0
118,119,152.088,2026-09-26T15:36:22.753,6,0,0
118,120,141.083,2026-09-26T15:38:43.836,6,0,0
118,121,149.7,2026-09-26T15:41:13.536,6,0,0
118,122,141.955,2026-09-26T15:43:35.491,6,0,0
118,123,154.912,2026-09-26T15:46:10.403,6,0,0
118,124,152.92,2026-09-26T15:48:43.323,5,0,0
118,125,157.89,2026-09-26T15:51:21.213,5,0,0
118,126,161.843,2026-09-26T15:54:03.056,5,0,0
118,127,172.841,2026-09-26T15:56:55.897,5,0,1
118,128,273.034,2026-09-26T16:01:28.931,5,0,1
118,129,219.112,2026-09-26T16:05:08.043,5,0,1
118,130,248.112,2026-09-26T16:09:16.155,5,0,1
118,131,228.928,2026-09-26T16:13:05.083,5,0,1
118,132,255.513,2026-09-26T16:17:20.596,5,0,0
118,133,149.654,2026-09-26T16:19:50.25,5,0,0
118,134,145.555,2026-09-26T16:22:15.805,5,0,0
118,135,143.15,2026-09-26T16:24:38.955,5,0,0
118,136,156.32,2026-09-26T16:27:15.275,5,0,0
118,137,150.48,2026-09-26T16:29:45.755,5,0,0
118,138,142.583,2026-09-26T16:32:08.338,5,0,0
118,139,150.237,2026-09-26T16:34:38.575,5,0,0
118,140,141.605,2026-09-26T16:37:00.18,5,0,0
118,141,147.357,2026-09-26T16:39:27.537,5,0,0
118,142,143.446,2026-09-26T16:41:50.983,5,0,0
118,143,161.767,2026-09-26T16:44:32.75,5,0,0
118,144,156.546,2026-09-26T16:47:09.296,5,0,0
118,145,138.889,2026-09-26T16:49:28.185,5,0,0
118,146,140.55,2026-09-26T16:51:48.735,5,0,0
118,147,154.609,2026-09-26T16:54:23.344,5,0,0
118,148,341.324,2026-09-26T17:00:04.668,5,1,0
118,149,171.43,2026-09-26T17:02:56.098,5,0,0
118,150,153.07,2026-09-26T17:05:29.168,5,0,0
118,151,154.031,2026-09-26T17:08:03.199,5,0,0
118,152,181.094,2026-09-26T17:11:04.293,5,0,0
118,153,150.94,2026-09-26T17:13:35.233,5,0,0
118,154,156.007,2026-09-26T17:16:11.24,5,0,0
118,155,147.51,2026-09-26T17:18:38.75,5,0,0
118,156,155.656,2026-09-26T17:21:14.406,5,0,0
118,157,158.972,2026-09-26T17:23:53.378,5,0,0
118,158,146.737,2026-09-26T17:26:20.115,5,0,0
118,159,146.382,2026-09-26T17:28:46.497,5,0,0
118,160,152.587,2026-09-26T17:31:19.084,5,0,0
118,161,146.845,2026-09-26T17:33:45.929,5,0,0
118,162,151.37,2026-09-26T17:36:17.299,5,0,0
118,163,153.353,2026-09-26T17:38:50.652,5,0,0
118,164,154.828,2026-09-26T17:41:25.48,5,0,0
118,165,148.904,2026-09-26T17:43:54.384,5,0,0
118,166,156.647,2026-09-26T17:46:31.031,5,0,0
118,167,151.71,2026-09-26T17:49:02.741,5,0,0
118,168,199.899,2026-09-26T17:52:22.64,5,0,1
118,169,260.008,2026-09-26T17:56:42.648,5,0,1
118,170,284.914,2026-09-26T18:01:27.562,5,0,1
118,171,278.782,2026-09-26T18:06:06.344,5,0,1
118,172,53460.917,2026-09-27T08:57:07.261,5,0,0
118,173,147.017,2026-09-27T08:59:34.278,5,0,0
118,174,143.611,2026-09-27T09:01:57.889,5,0,0
118,175,148.179,2026-09-27T09:04:26.068,5,0,0
118,176,154.481,2026-09-27T09:07:00.549,5,0,0
118,177,149.001,2026-09-27T09:09:29.55,5,0,0
118,178,159.802,2026-09-27T09:12:09.352,5,0,0
118,179,143.897,2026-09-27T09:14:33.249,5,0,0
118,180,146.264,2026-09-27T09:16:59.513,5,0,0
118,181,152.948,2026-09-27T09:19:32.461,5,0,0
118,182,152.058,2026-09-27T09:22:04.519,5,0,0
118,183,147.727,2026-09-27T09:24:32.246,5,0,0
118,184,155.823,2026-09-27T09:27:08.069,5,0,0
118,185,142.156,2026-09-27T09:29:30.225,5,0,0
118,186,140.613,2026-09-27T09:31:50.838,5,0,0
118,187,143.783,2026-09-27T09:34:14.621,5,0,0
118,188,147.087,2026-09-27T09:36:41.708,5,0,0
118,189,144.964,2026-09-27T09:39:06.672,5,0,0
118,190,148.455,2026-09-27T09:41:35.127,5,0,0
118,191,161.479,2026-09-27T09:44:16.606,5,0,0
118,192,156.401,2026-09-27T09:46:53.007,5,0,0
118,193,165.951,2026-09-27T09:49:38.958,5,0,0
118,194,142.51,2026-09-27T09:52:01.468,5,0,0
118,195,143.077,2026-09-27T09:54:24.545,5,0,0
118,196,147.682,2026-09-27T09:56:52.227,5,0,0
118,197,143.497,2026-09-27T09:59:15.724,5,0,0
118,198,150.573,2026-09-27T10:01:46.297,5,0,0
118,199,145.543,2026-09-27T10:04:11.84,5,0,0
118,200,160.322,2026-09-27T10:06:52.162,5,0,0
118,201,140.555,2026-09-27T10:09:12.717,5,0,0
118,202,143.449,2026-09-27T10:11:36.166,5,0,0
118,203,147.776,2026-09-27T10:14:03.942,5,0,0
118,204,145.945,2026-09-27T10:16:29.887,5,0,0
118,205,138.226,2026-09-27T10:18:48.113,5,0,0
118,206,1361.229,2026-09-27T10:41:29.342,5,1,1
118,207,231.169,2026-09-27T10:45:20.511,5,0,0
118,208,149.586,2026-09-27T10:47:50.097,5,0,0
118,209,150.643,2026-09-27T10:50:20.74,5,0,0
118,210,158.695,2026-09-27T10:52:59.435,5,0,0
118,211,154.544,2026-09-27T10:55:33.979,5,0,0
118,212,153.6,2026-09-27T10:58:07.579,5,0,0
118,213,158.754,2026-09-27T11:00:46.333,5,0,0
118,214,151.52,2026-09-27T11:03:17.853,5,0,0
118,215,152.233,2026-09-27T11:05:50.086,5,0,0
118,216,171.543,2026-09-27T11:08:41.629,5,0,0
118,217,158.383,2026-09-27T11:11:20.012,5,0,0
118,218,148.713,2026-09-27T11:13:48.725,5,0,0
118,219,153.716,2026-09-27T11:16:22.441,5,0,0
118,220,155.861,2026-09-27T11:18:58.302,5,0,0
118,221,157.471,2026-09-27T11:21:35.773,5,0,0
118,222,157.039,2026-09-27T11:24:12.812,5,0,0
118,223,148.907,2026-09-27T11:26:41.719,5,0,0
118,224,155.209,2026-09-27T11:29:16.928,5,0,0
118,225,162.423,2026-09-27T11:31:59.351,5,0,0
118,226,156.266,2026-09-27T11:34:35.617,5,0,0
118,227,157.478,2026-09-27T11:37:13.095,5,0,0
118,228,151.954,2026-09-27T11:39:45.049,5,0,0
118,229,156.829,2026-09-27T11:42:21.878,5,0,0
118,230,150.443,2026-09-27T11:44:52.321,5,0,0
118,231,157.912,2026-09-27T11:47:30.233,5,0,0
118,232,152.991,2026-09-27T11:50:03.224,5,0,0
118,233,157.271,2026-09-27T11:52:40.495,5,0,0
118,234,150.605,2026-09-27T11:55:11.1,5,0,0
118,235,152.306,2026-09-27T11:57:43.406,5,0,0
118,236,151.829,2026-09-27T12:00:15.235,5,0,0
118,237,158.438,2026-09-27T12:02:53.673,5,0,0
118,238,163.486,2026-09-27T12:05:37.159,4,0,0
118,239,157.325,2026-09-27T12:08:14.484,5,0,0
118,240,162.339,2026-09-27T12:10:56.823,5,0,0
118,241,157.678,2026-09-27T12:13:34.501,5,0,0
118,242,155.466,2026-09-27T12:16:09.967,5,0,0
118,243,164.394,2026-09-27T12:18:54.361,5,0,0
118,244,367.182,2026-09-27T12:25:01.543,6,1,0
118,245,178.81,2026-09-27T12:28:00.353,6,0,0
118,246,144.897,2026-09-27T12:30:25.25,6,0,0
118,247,146.273,2026-09-27T12:32:51.523,6,0,0
118,248,146.413,2026-09-27T12:35:17.936,6,0,0
118,249,150.087,2026-09-27T12:37:48.023,6,0,0
118,250,160.74,2026-09-27T12:40:28.763,6,0,0
118,251,152.028,2026-09-27T12:43:00.791,6,0,0
118,252,158.806,2026-09-27T12:45:39.597,6,0,0
118,253,153.349,2026-09-27T12:48:12.946,6,0,0
118,254,143.654,2026-09-27T12:50:36.6,6,0,0
118,255,151.573,2026-09-27T12:53:08.173,6,0,0
118,256,146.025,2026-09-27T12:55:34.198,6,0,0
118,257,149.7,2026-09-27T12:58:03.898,6,0,0
118,258,149.832,2026-09-27T13:00:33.73,5,0,0
118,259,150.003,2026-09-27T13:03:03.733,5,0,0
118,260,146.885,2026-09-27T13:05:30.618,5,0,0
118,261,146.517,2026-09-27T13:07:57.135,5,0,0
118,262,153.929,2026-09-27T13:10:31.064,5,0,0
118,263,149.016,2026-09-27T13:13:00.08,5,0,0
118,264,146.782,2026-09-27T13:15:26.862,5,0,0
118,265,147.062,2026-09-27T13:17:53.924,5,0,0
118,266,146.28,2026-09-27T13:20:20.204,5,0,0
118,267,144.03,2026-09-27T13:22:44.234,5,0,0
118,268,153.087,2026-09-27T13:25:17.321,5,0,0
118,269,151.587,2026-09-27T13:27:48.908,5,0,0
118,270,146.477,2026-09-27T13:30:15.385,5,0,0
118,271,147.275,2026-09-27T13:32:42.66,5,0,0
118,272,150.228,2026-09-27T13:35:12.888,5,0,0
118,273,150.575,2026-09-27T13:37:43.463,5,0,0
118,274,147.446,2026-09-27T13:40:10.909,4,0,0
118,275,148.257,2026-09-27T13:42:39.166,4,0,0
118,276,145.987,2026-09-27T13:45:05.153,4,0,0
118,277,146.511,2026-09-27T13:47:31.664,4,0,0
118,278,145.137,2026-09-27T13:49:56.801,4,0,0
118,279,145.887,2026-09-27T13:52:22.688,4,0,0
118,280,146.67,2026-09-27T13:54:49.358,4,0,0
118,281,147.996,2026-09-27T13:57:17.354,4,0,0
118,282,147.678,2026-09-27T13:59:45.032,4,0,0
118,283,146.213,2026-09-27T14:02:11.245,4,0,0
118,284,371.048,2026-09-27T14:08:22.293,5,1,0
118,285,179.893,2026-09-27T14:11:22.186,5,0,0
118,286,153.892,2026-09-27T14:13:56.078,5,0,0
118,287,160.19,2026-09-27T14:16:36.268,5,0,0
118,288,157.754,2026-09-27T14:19:14.022,5,0,0
118,289,154.292,2026-09-27T14:21:48.314,5,0,0
118,290,151.999,2026-09-27T14:24:20.313,5,0,0
118,291,162.255,2026-09-27T14:27:02.568,5,0,0
118,292,156.821,2026-09-27T14:29:39.389,5,0,0
118,293,151.903,2026-09-27T14:32:11.292,5,0,0
118,294,162.96,2026-09-27T14:34:54.252,5,0,0
118,295,155.617,2026-09-27T14:37:29.869,5,0,0
118,296,152.429,2026-09-27T14:40:02.298,5,0,0
118,297,148.521,2026-09-27T14:42:30.819,5,0,0
118,298,157.995,2026-09-27T14:45:08.814,5,0,0
118,299,150.402,2026-09-27T14:47:39.216,5,0,0
118,300,149.548,2026-09-27T14:50:08.764,5,0,0
118,301,154.233,2026-09-27T14:52:42.997,5,0,0
118,302,159.466,2026-09-27T14:55:22.463,5,0,0
118,303,160.541,2026-09-27T14:58:03.004,6,0,0
118,304,164.782,2026-09-27T15:00:47.786,6,0,0
118,305,148.254,2026-09-27T15:03:16.04,6,0,0
118,306,155.121,2026-09-27T15:05:51.161,6,0,0
118,307,160.253,2026-09-27T15:08:31.414,6,0,0
118,308,160.884,2026-09-27T15:11:12.298,6,0,0
118,309,156.121,2026-09-27T15:13:48.419,6,0,0
118,310,158.51,2026-09-27T15:16:26.929,5,0,0
118,311,155.834,2026-09-27T15:19:02.763,5,0,0
118,312,148.209,2026-09-27T15:21:30.972,5,0,0
118,313,153.059,2026-09-27T15:24:04.031,5,0,0
118,314,157.299,2026-09-27T15:26:41.33,5,0,0
118,315,153.091,2026-09-27T15:29:14.421,5,0,0
118,316,158.63,2026-09-27T15:31:53.051,5,0,0
357,1,173.351,2026-09-26T10:05:35.333,30,0,0
357,2,171.465,2026-09-26T10:08:26.798,22,0,0
357,3,151.823,2026-09-26T10:10:58.621,18,0,0
357,4,189.591,2026-09-26T10:14:08.212,14,0,0
357,5,158.393,2026-09-26T10:16:46.605,11,0,0
357,6,169.673,2026-09-26T10:19:36.278,11,0,0
357,7,162.094,2026-09-26T10:22:18.372,9,0,0
357,8,152.576,2026-09-26T10:24:50.948,9,0,0
357,9,153.051,2026-09-26T10:27:23.999,7,0,0
357,10,153.778,2026-09-26T10:29:57.777,6,0,0
357,11,146.136,2026-09-26T10:32:23.913,6,0,0
357,12,157.338,2026-09-26T10:35:01.251,5,0,0
357,13,143.491,2026-09-26T10:37:24.742,5,0,0
357,14,150.499,2026-09-26T10:39:55.241,5,0,0
357,15,161.932,2026-09-26T10:42:37.173,5,0,0
357,16,156.242,2026-09-26T10:45:13.415,5,0,0
357,17,148.933,2026-09-26T10:47:42.348,5,0,0
357,18,143.572,2026-09-26T10:50:05.92,5,0,0
357,19,145.396,2026-09-26T10:52:31.316,5,0,0
357,20,152.397,2026-09-26T10:55:03.713,5,0,0
357,21,152.166,2026-09-26T10:57:35.879,4,0,0
357,22,159.756,2026-09-26T11:00:15.635,4,0,0
357,23,144.863,2026-09-26T11:02:40.498,4,0,0
357,24,141.969,2026-09-26T11:05:02.467,4,0,0
357,25,145.48,2026-09-26T11:07:27.947,4,0,0
357,26,146.135,2026-09-26T11:09:54.082,4,0,0
357,27,145.194,2026-09-26T11:12:19.276,3,0,0
357,28,144.571,2026-09-26T11:14:43.847,3,0,0
357,29,150.018,2026-09-26T11:17:13.865,3,0,0
357,30,146.713,2026-09-26T11:19:40.578,3,0,0
357,31,150.171,2026-09-26T11:22:10.749,3,0,0
357,32,146.011,2026-09-26T11:24:36.76,3,0,0
357,33,148.51,2026-09-26T11:27:05.27,3,0,0
357,34,149.406,2026-09-26T11:29:34.676,2,0,0
357,35,145.794,2026-09-26T11:32:00.47,2,0,0
357,36,166.892,2026-09-26T11:34:47.362,2,0,0
357,37,145.453,2026-09-26T11:37:12.815,1,0,0
357,38,141.12,2026-09-26T11:39:33.935,1,0,0
357,39,146.517,2026-09-26T11:42:00.452,1,0,0
357,40,164.206,2026-09-26T11:44:44.658,1,0,0
357,41,159.736,2026-09-26T11:47:24.394,1,0,0
357,42,147.268,2026-09-26T11:49:51.662,1,0,0
357,43,147.272,2026-09-26T11:52:18.934,1,0,0
357,44,150.357,2026-09-26T11:54:49.291,2,0,0
357,45,388.418,2026-09-26T12:01:17.709,10,1,0
357,46,220.664,2026-09-26T12:04:58.373,9,0,0
357,47,154.522,2026-09-26T12:07:32.895,8,0,0
357,48,152.465,2026-09-26T12:10:05.36,7,0,0
357,49,151.182,2026-09-26T12:12:36.542,6,0,0
357,50,152.713,2026-09-26T12:15:09.255,5,0,0
357,51,156.151,2026-09-26T12:17:45.406,5,0,0
357,52,171.107,2026-09-26T12:20:36.513,5,0,0
357,53,160.037,2026-09-26T12:23:16.55,4,0,0
357,54,148.701,2026-09-26T12:25:45.251,4,0,0
357,55,145.569,2026-09-26T12:28:10.82,4,0,0
357,56,149.497,2026-09-26T12:30:40.317,4,0,0
357,57,155.398,2026-09-26T12:33:15.715,4,0,0
357,58,151.908,2026-09-26T12:35:47.623,4,0,0
357,59,165.489,2026-09-26T12:38:33.112,5,0,0
357,60,154.46,2026-09-26T12:41:07.572,5,0,0
357,61,183.349,2026-09-26T12:44:10.921,4,1,0
357,62,281.433,2026-09-26T12:48:52.354,6,0,0
357,63,149.229,2026-09-26T12:51:21.583,6,0,0
357,64,154.114,2026-09-26T12:53:55.697,6,0,0
357,65,150.128,2026-09-26T12:56:25.825,6,0,0
357,66,165.277,2026-09-26T12:59:11.102,5,0,0
357,67,151.814,2026-09-26T13:01:42.916,5,0,0
357,68,147.924,2026-09-26T13:04:10.84,5,0,0
357,69,149.268,2026-09-26T13:06:40.108,5,0,0
357,70,145.068,2026-09-26T13:09:05.176,5,0,0
357,71,152.143,2026-09-26T13:11:37.319,4,0,0
357,72,149.03,2026-09-26T13:14:06.349,4,0,0
357,73,152.03,2026-09-26T13:16:38.379,4,0,0
357,74,150.937,2026-09-26T13:19:09.316,3,0,0
357,75,150.305,2026-09-26T13:21:39.621,3,0,0
357,76,143.029,2026-09-26T13:24:02.65,3,0,0
357,77,153.959,2026-09-26T13:26:36.609,3,0,0
357,78,144.291,2026-09-26T13:29:00.9,3,0,0
357,79,149.83,2026-09-26T13:31:30.73,3,0,0
357,80,155.48,2026-09-26T13:34:06.21,3,0,0
357,81,147.976,2026-09-26T13:36:34.186,3,0,0
357,82,151.481,2026-09-26T13:39:05.667,3,0,0
357,83,146.83,2026-09-26T13:41:32.497,3,0,0
357,84,145.838,2026-09-26T13:43:58.335,3,0,0
357,85,153.155,2026-09-26T13:46:31.49,3,0,0
357,86,153.514,2026-09-26T13:49:05.004,3,0,0
357,87,151.052,2026-09-26T13:51:36.056,3,0,0
357,88,144.29,2026-09-26T13:54:00.346,3,0,0
357,89,152.434,2026-09-26T13:56:32.78,4,0,0
357,90,146.639,2026-09-26T13:58:59.419,4,0,0
357,91,152.082,2026-09-26T14:01:31.501,4,0,0
357,92,144.745,2026-09-26T14:03:56.246,4,0,0
357,93,147.47,2026-09-26T14:06:23.716,4,0,0
357,94,153.68,2026-09-26T14:08:57.396,3,0,0
357,95,416.845,2026-09-26T14:15:54.241,5,1,0
357,96,210.717,2026-09-26T14:19:24.958,6,0,0
357,97,151.695,2026-09-26T14:21:56.653,5,0,0
357,98,149.72,2026-09-26T14:24:26.373,5,0,0
357,99,156.269,2026-09-26T14:27:02.642,5,0,0
357,100,149.084,2026-09-26T14:29:31.726,5,0,0
357,101,151.615,2026-09-26T14:32:03.341,5,0,0
357,102,153.981,2026-09-26T14:34:37.322,5,0,0
357,103,148.977,2026-09-26T14:37:06.299,5,0,0
357,104,158.047,2026-09-26T14:39:44.346,5,0,0
357,105,148.793,2026-09-26T14:42:13.139,5,0,0
357,106,157.284,2026-09-26T14:44:50.423,5,0,0
357,107,158.02,2026-09-26T14:47:28.443,5,0,0
357,108,148.959,2026-09-26T14:49:57.402,4,0,0
357,109,172.241,2026-09-26T14:52:49.643,4,0,0
357,110,166.766,2026-09-26T14:55:36.409,4,0,0
357,111,161.819,2026-09-26T14:58:18.228,4,0,0
357,112,179.537,2026-09-26T15:01:17.765,4,1,0
357,113,308.457,2026-09-26T15:06:26.222,4,0,0
357,114,162.512,2026-09-26T15:09:08.734,4,0,0
357,115,158.964,2026-09-26T15:11:47.698,4,0,0
357,116,165.898,2026-09-26T15:14:33.596,4,0,0
357,117,1398.499,2026-09-26T15:37:52.095,14,0,0
357,118,154.464,2026-09-26T15:40:26.559,14,0,0
357,119,145.063,2026-09-26T15:42:51.622,12,0,0
357,120,144.566,2026-09-26T15:45:16.188,12,0,0
357,121,155.586,2026-09-26T15:47:51.774,12,0,0
357,122,151.918,2026-09-26T15:50:23.692,12,0,0
357,123,173.901,2026-09-26T15:53:17.593,11,0,0
357,124,162.989,2026-09-26T15:56:00.582,10,0,0
357,125,281.959,2026-09-26T16:00:42.541,9,0,1
357,126,243.974,2026-09-26T16:04:46.515,9,0,1
357,127,237.311,2026-09-26T16:08:43.826,9,0,1
357,128,239.862,2026-09-26T16:12:43.688,9,0,1
357,129,473.836,2026-09-26T16:20:37.524,12,1,0
357,130,208.14,2026-09-26T16:24:05.664,13,0,0
357,131,146.313,2026-09-26T16:26:31.977,13,0,0
357,132,151.877,2026-09-26T16:29:03.854,12,0,0
357,133,150.485,2026-09-26T16:31:34.339,12,0,0
357,134,145.763,2026-09-26T16:34:00.102,11,0,0
357,135,145.128,2026-09-26T16:36:25.23,10,0,0
357,136,143.346,2026-09-26T16:38:48.576,10,0,0
357,137,145.445,2026-09-26T16:41:14.021,10,0,0
357,138,150.184,2026-09-26T16:43:44.205,10,0,0
357,139,149.883,2026-09-26T16:46:14.088,10,0,0
357,140,149.526,2026-09-26T16:48:43.614,10,0,0
357,141,148.36,2026-09-26T16:51:11.974,9,0,0
357,142,152.848,2026-09-26T16:53:44.822,9,0,0
357,143,145.157,2026-09-26T16:56:09.979,9,0,0
357,144,143.763,2026-09-26T16:58:33.742,9,0,0
357,145,146.57,2026-09-26T17:01:00.312,9,0,0
357,146,142.824,2026-09-26T17:03:23.136,9,0,0
357,147,149.719,2026-09-26T17:05:52.855,9,0,0
357,148,149.168,2026-09-26T17:08:22.023,9,0,0
357,149,176.121,2026-09-26T17:11:18.144,9,0,0
357,150,143.147,2026-09-26T17:13:41.291,9,0,0
357,151,150.544,2026-09-26T17:16:11.835,9,0,0
357,152,147.825,2026-09-26T17:18:39.66,9,0,0
357,153,154.301,2026-09-26T17:21:13.961,9,0,0
357,154,154.589,2026-09-26T17:23:48.55,8,0,0
357,155,148.943,2026-09-26T17:26:17.493,8,0,0
357,156,148.329,2026-09-26T17:28:45.822,8,0,0
357,157,152.352,2026-09-26T17:31:18.174,8,0,0
357,158,146.12,2026-09-26T17:33:44.294,8,0,0
357,159,146.804,2026-09-26T17:36:11.098,8,0,0
357,160,148.291,2026-09-26T17:38:39.389,8,0,0
357,161,150.626,2026-09-26T17:41:10.015,8,0,0
357,162,146.469,2026-09-26T17:43:36.484,8,0,0
357,163,166.955,2026-09-26T17:46:23.439,8,0,0
357,164,146.434,2026-09-26T17:48:49.873,8,0,0
357,165,192.191,2026-09-26T17:52:02.064,8,0,1
357,166,225.236,2026-09-26T17:55:47.3,8,0,1
357,167,320.484,2026-09-26T18:01:07.784,8,0,1
357,168,247.093,2026-09-26T18:05:14.877,8,0,1
357,169,53513.065,2026-09-27T08:57:07.942,8,0,0
357,170,155.757,2026-09-27T08:59:43.699,8,0,0
357,171,155.229,2026-09-27T09:02:18.928,8,0,0
357,172,146.555,2026-09-27T09:04:45.483,8,0,0
357,173,156.907,2026-09-27T09:07:22.39,8,0,0
357,174,156.185,2026-09-27T09:09:58.575,8,0,0
357,175,146.992,2026-09-27T09:12:25.567,8,0,0
357,176,151.171,2026-09-27T09:14:56.738,8,0,0
357,177,143.176,2026-09-27T09:17:19.914,8,0,0
357,178,150.248,2026-09-27T09:19:50.162,8,0,0
357,179,172.042,2026-09-27T09:22:42.204,8,0,0
357,180,147.028,2026-09-27T09:25:09.232,8,0,0
357,181,148.033,2026-09-27T09:27:37.265,8,0,0
357,182,151.94,2026-09-27T09:30:09.205,8,0,0
357,183,153.889,2026-09-27T09:32:43.094,8,0,0
357,184,142.319,2026-09-27T09:35:05.413,8,0,0
357,185,154.979,2026-09-27T09:37:40.392,8,0,0
357,186,145.461,2026-09-27T09:40:05.853,8,0,0
357,187,143.197,2026-09-27T09:42:29.05,8,0,0
357,188,148.892,2026-09-27T09:44:57.942,8,0,0
357,189,161.86,2026-09-27T09:47:39.802,8,1,0
357,190,294.553,2026-09-27T09:52:34.355,8,0,0
357,191,144.813,2026-09-27T09:54:59.168,8,0,0
357,192,141.971,2026-09-27T09:57:21.139,8,0,0
357,193,146.984,2026-09-27T09:59:48.123,8,0,0
357,194,147.763,2026-09-27T10:02:15.886,8,0,0
357,195,143.947,2026-09-27T10:04:39.833,8,0,0
357,196,144.922,2026-09-27T10:07:04.755,8,0,0
357,197,144.345,2026-09-27T10:09:29.1,8,0,0
357,198,138.966,2026-09-27T10:11:48.066,8,0,0
357,199,144.369,2026-09-27T10:14:12.435,8,0,0
357,200,142.913,2026-09-27T10:16:35.348,7,0,0
357,201,144.249,2026-09-27T10:18:59.597,7,0,0
357,202,140.668,2026-09-27T10:21:20.265,7,0,0
357,203,143.054,2026-09-27T10:23:43.319,7,0,0
357,204,1179.592,2026-09-27T10:43:22.911,7,0,0
357,205,148.541,2026-09-27T10:45:51.452,7,0,0
357,206,150.35,2026-09-27T10:48:21.802,7,0,0
357,207,140.454,2026-09-27T10:50:42.256,7,0,0
357,208,139.732,2026-09-27T10:53:01.988,7,0,0
357,209,150.611,2026-09-27T10:55:32.599,7,0,0
357,210,143.706,2026-09-27T10:57:56.305,7,0,0
357,211,143.511,2026-09-27T11:00:19.816,7,0,0
357,212,145.649,2026-09-27T11:02:45.465,7,0,0
357,213,146.346,2026-09-27T11:05:11.811,7,0,0
357,214,400.057,2026-09-27T11:11:51.868,8,1,0
357,215,178.812,2026-09-27T11:14:50.68,8,0,0
357,216,147.245,2026-09-27T11:17:17.925,7,0,0
357,217,146.293,2026-09-27T11:19:44.218,7,0,0
357,218,146.96,2026-09-27T11:22:11.178,7,0,0
357,219,151.81,2026-09-27T11:24:42.988,7,0,0
357,220,143.679,2026-09-27T11:27:06.667,7,0,0
357,221,146.16,2026-09-27T11:29:32.827,7,0,0
357,222,147.701,2026-09-27T11:32:00.528,7,0,0
357,223,155.726,2026-09-27T11:34:36.254,7,0,0
357,224,155.88,2026-09-27T11:37:12.134,7,0,0
357,225,145.889,2026-09-27T11:39:38.023,7,0,0
357,226,151.164,2026-09-27T11:42:09.187,7,0,0
357,227,149.273,2026-09-27T11:44:38.46,7,0,0
357,228,149.95,2026-09-27T11:47:08.41,7,0,0
357,229,148.969,2026-09-27T11:49:37.379,7,0,0
357,230,143.771,2026-09-27T11:52:01.15,7,0,0
357,231,144.768,2026-09-27T11:54:25.918,7,0,0
357,232,148.179,2026-09-27T11:56:54.097,7,0,0
357,233,155.809,2026-09-27T11:59:29.906,7,0,0
357,234,151.45,2026-09-27T12:02:01.356,7,0,0
357,235,151.665,2026-09-27T12:04:33.021,7,0,0
357,236,167.893,2026-09-27T12:07:20.914,7,0,0
357,237,149.97,2026-09-27T12:09:50.884,7,0,0
357,238,148.156,2026-09-27T12:12:19.04,7,0,0
357,239,151.073,2026-09-27T12:14:50.113,7,0,0
357,240,145.008,2026-09-27T12:17:15.121,7,0,0
357,241,149.433,2026-09-27T12:19:44.554,7,0,0
357,242,162.777,2026-09-27T12:22:27.331,7,0,0
357,243,154.316,2026-09-27T12:25:01.647,7,0,0
357,244,149.039,2026-09-27T12:27:30.686,7,0,0
357,245,371.948,2026-09-27T12:33:42.634,7,1,0
357,246,187.186,2026-09-27T12:36:49.82,7,0,0
357,247,148.016,2026-09-27T12:39:17.836,7,0,0
357,248,146.37,2026-09-27T12:41:44.206,7,0,0
357,249,192.283,2026-09-27T12:44:56.489,7,0,0
357,250,148.794,2026-09-27T12:47:25.283,7,0,0
357,251,145.674,2026-09-27T12:49:50.957,7,0,0
357,252,144.059,2026-09-27T12:52:15.016,7,0,0
357,253,144.677,2026-09-27T12:54:39.693,7,0,0
357,254,155.148,2026-09-27T12:57:14.841,7,0,0
357,255,149.299,2026-09-27T12:59:44.14,7,0,0
357,256,149.628,2026-09-27T13:02:13.768,7,0,0
357,257,153.001,2026-09-27T13:04:46.769,7,0,0
357,258,148.213,2026-09-27T13:07:14.982,7,0,0
357,259,145.143,2026-09-27T13:09:40.125,7,0,0
357,260,159.223,2026-09-27T13:12:19.348,7,0,0
357,261,153.171,2026-09-27T13:14:52.519,7,0,0
357,262,146.189,2026-09-27T13:17:18.708,7,0,0
357,263,148.316,2026-09-27T13:19:47.024,7,0,0
357,264,152.184,2026-09-27T13:22:19.208,7,0,0
357,265,151.55,2026-09-27T13:24:50.758,7,0,0
357,266,149.811,2026-09-27T13:27:20.569,7,0,0
357,267,154.184,2026-09-27T13:29:54.753,7,0,0
357,268,144.971,2026-09-27T13:32:19.724,7,0,0
357,269,152.017,2026-09-27T13:34:51.741,7,0,0
357,270,146.531,2026-09-27T13:37:18.272,7,0,0
357,271,147.949,2026-09-27T13:39:46.221,7,0,0
357,272,146.665,2026-09-27T13:42:12.886,7,0,0
357,273,145.764,2026-09-27T13:44:38.65,7,0,0
357,274,150.432,2026-09-27T13:47:09.082,7,0,0
357,275,147.421,2026-09-27T13:49:36.503,7,0,0
357,276,149.505,2026-09-27T13:52:06.008,7,0,0
357,277,149.589,2026-09-27T13:54:35.597,7,0,0
357,278,148.17,2026-09-27T13:57:03.767,7,0,0
357,279,155.482,2026-09-27T13:59:39.249,7,0,0
357,280,150.126,2026-09-27T14:02:09.375,7,0,0
357,281,148.991,2026-09-27T14:04:38.366,7,0,0
357,282,143.623,2026-09-27T14:07:01.989,7,0,0
357,283,154.018,2026-09-27T14:09:36.007,7,0,0
357,284,147.784,2026-09-27T14:12:03.791,7,0,0
357,285,147.507,2026-09-27T14:14:31.298,7,0,0
357,286,146.114,2026-09-27T14:16:57.412,7,0,0
357,287,151.271,2026-09-27T14:19:28.683,7,0,0
357,288,350.237,2026-09-27T14:25:18.92,7,1,0
357,289,165.65,2026-09-27T14:28:04.57,7,0,0
357,290,145.288,2026-09-27T14:30:29.858,7,0,0
357,291,147.978,2026-09-27T14:32:57.836,7,0,0
357,292,149.428,2026-09-27T14:35:27.264,7,0,0
357,293,151.907,2026-09-27T14:37:59.171,7,0,0
357,294,142.914,2026-09-27T14:40:22.085,7,0,0
357,295,140.414,2026-09-27T14:42:42.499,7,0,0
357,296,145.597,2026-09-27T14:45:08.096,7,0,0
357,297,145.234,2026-09-27T14:47:33.33,7,0,0
357,298,142.9,2026-09-27T14:49:56.23,7,0,0
357,299,144.741,2026-09-27T14:52:20.971,7,0,0
357,300,144.052,2026-09-27T14:54:45.023,7,0,0
357,301,145.259,2026-09-27T14:57:10.282,7,0,0
357,302,142.32,2026-09-27T14:59:32.602,7,0,0
357,303,143.295,2026-09-27T15:01:55.897,7,0,0
357,304,143.231,2026-09-27T15:04:19.128,7,0,0
357,305,148.16,2026-09-27T15:06:47.288,7,0,0
357,306,144.641,2026-09-27T15:09:11.929,7,0,0
357,307,151.597,2026-09-27T15:11:43.526,7,0,0
357,308,143.937,2026-09-27T15:14:07.463,7,0,0
357,309,144.211,2026-09-27T15:16:31.674,7,0,0
357,310,156.418,2026-09-27T15:19:08.092,6,0,0
357,311,141.083,2026-09-27T15:21:29.175,6,0,0
357,312,144.949,2026-09-27T15:23:54.124,6,0,0
357,313,145.235,2026-09-27T15:26:19.359,6,0,0
357,314,145.741,2026-09-27T15:28:45.1,6,0,0
357,315,146.764,2026-09-27T15:31:11.864,6,0,0
562,1,168.393,2026-09-26T10:05:18.103,16,0,0
562,2,161.134,2026-09-26T10:07:59.237,9,0,0
562,3,152.516,2026-09-26T10:10:31.753,5,0,0
562,4,165.252,2026-09-26T10:13:17.005,5,0,0
562,5,161.059,2026-09-26T10:15:58.064,4,0,0
562,6,182.581,2026-09-26T10:19:00.645,2,0,0
562,7,169.493,2026-09-26T10:21:50.138,2,0,0
562,8,142.454,2026-09-26T10:24:12.592,2,0,0
562,9,147.876,2026-09-26T10:26:40.468,2,0,0
562,10,151.572,2026-09-26T10:29:12.04,1,0,0
562,11,145.271,2026-09-26T10:31:37.311,1,0,0
562,12,143.853,2026-09-26T10:34:01.164,1,0,0
562,13,138.968,2026-09-26T10:36:20.132,1,0,0
562,14,156.235,2026-09-26T10:38:56.367,1,0,0
562,15,153.075,2026-09-26T10:41:29.442,1,0,0
562,16,149.902,2026-09-26T10:43:59.344,1,0,0
562,17,157.162,2026-09-26T10:46:36.506,1,0,0
562,18,145.759,2026-09-26T10:49:02.265,1,0,0
562,19,143.147,2026-09-26T10:51:25.412,1,0,0
562,20,146.907,2026-09-26T10:53:52.319,1,0,0
562,21,160.363,2026-09-26T10:56:32.682,1,0,0
562,22,148.136,2026-09-26T10:59:00.818,1,0,0
562,23,147.717,2026-09-26T11:01:28.535,1,0,0
562,24,144.455,2026-09-26T11:03:52.99,1,0,0
562,25,142.469,2026-09-26T11:06:15.459,1,0,0
562,26,144.45,2026-09-26T11:08:39.909,1,0,0
562,27,142.68,2026-09-26T11:11:02.589,1,0,0
562,28,149.995,2026-09-26T11:13:32.584,1,0,0
562,29,140.474,2026-09-26T11:15:53.058,1,0,0
562,30,149.946,2026-09-26T11:18:23.004,1,0,0
562,31,162.398,2026-09-26T11:21:05.402,1,0,0
562,32,152.09,2026-09-26T11:23:37.492,1,0,0
562,33,141.625,2026-09-26T11:25:59.117,1,0,0
562,34,472.907,2026-09-26T11:33:52.024,16,1,0
562,35,197.561,2026-09-26T11:37:09.585,16,0,0
562,36,147.782,2026-09-26T11:39:37.367,16,0,0
562,37,148.694,2026-09-26T11:42:06.061,15,0,0
562,38,166.65,2026-09-26T11:44:52.711,15,0,0
562,39,167.94,2026-09-26T11:47:40.651,14,0,0
562,40,139.599,2026-09-26T11:50:00.25,13,0,0
562,41,149.391,2026-09-26T11:52:29.641,11,0,0
562,42,142.486,2026-09-26T11:54:52.127,11,0,0
562,43,155.821,2026-09-26T11:57:27.948,11,0,0
562,44,152.002,2026-09-26T11:59:59.95,11,0,0
562,45,142.386,2026-09-26T12:02:22.336,11,0,0
562,46,155.43,2026-09-26T12:04:57.766,8,0,0
562,47,146.695,2026-09-26T12:07:24.461,7,0,0
562,48,142.638,2026-09-26T12:09:47.099,6,0,0
562,49,143.634,2026-09-26T12:12:10.733,5,0,0
562,50,154.135,2026-09-26T12:14:44.868,4,0,0
562,51,150.436,2026-09-26T12:17:15.304,4,0,0
562,52,160.56,2026-09-26T12:19:55.864,4,0,0
562,53,153.027,2026-09-26T12:22:28.891,3,0,0
562,54,147.898,2026-09-26T12:24:56.789,3,0,0
562,55,142.191,2026-09-26T12:27:18.98,3,0,0
562,56,148.442,2026-09-26T12:29:47.422,3,0,0
562,57,151.561,2026-09-26T12:32:18.983,3,0,0
562,58,150.543,2026-09-26T12:34:49.526,3,0,0
562,59,143.04,2026-09-26T12:37:12.566,3,0,0
562,60,146.586,2026-09-26T12:39:39.152,3,0,0
562,61,161.662,2026-09-26T12:42:20.814,2,0,0
562,62,148.948,2026-09-26T12:44:49.762,2,0,0
562,63,159.284,2026-09-26T12:47:29.046,2,0,0
562,64,140.386,2026-09-26T12:49:49.432,2,0,0
562,65,151.362,2026-09-26T12:52:20.794,2,0,0
562,66,138.186,2026-09-26T12:54:38.98,1,0,0
562,67,147.954,2026-09-26T12:57:06.934,1,0,0
562,68,150.605,2026-09-26T12:59:37.539,1,0,0
562,69,155.858,2026-09-26T13:02:13.397,1,0,0
562,70,145.364,2026-09-26T13:04:38.761,1,0,0
562,71,476.213,2026-09-26T13:12:34.974,5,1,0
562,72,187.719,2026-09-26T13:15:42.693,5,0,0
562,73,141.492,2026-09-26T13:18:04.185,5,0,0
562,74,147.484,2026-09-26T13:20:31.669,5,0,0
562,75,142.711,2026-09-26T13:22:54.38,5,0,0
562,76,145.687,2026-09-26T13:25:20.067,5,0,0
562,77,145.535,2026-09-26T13:27:45.602,5,0,0
562,78,139.419,2026-09-26T13:30:05.021,5,0,0
562,79,147.156,2026-09-26T13:32:32.177,5,0,0
562,80,144.662,2026-09-26T13:34:56.839,5,0,0
562,81,142.468,2026-09-26T13:37:19.307,4,0,0
562,82,146.573,2026-09-26T13:39:45.88,4,0,0
562,83,146.951,2026-09-26T13:42:12.831,4,0,0
562,84,143.121,2026-09-26T13:44:35.952,4,0,0
562,85,141.962,2026-09-26T13:46:57.914,4,0,0
562,86,144.592,2026-09-26T13:49:22.506,4,0,0
562,87,141.369,2026-09-26T13:51:43.875,4,0,0
562,88,140.103,2026-09-26T13:54:03.978,4,0,0
562,89,147.95,2026-09-26T13:56:31.928,3,0,0
562,90,141.466,2026-09-26T13:58:53.394,3,0,0
562,91,144.704,2026-09-26T14:01:18.098,3,0,0
562,92,137.675,2026-09-26T14:03:35.773,3,0,0
562,93,136.857,2026-09-26T14:05:52.63,3,0,0
562,94,145.102,2026-09-26T14:08:17.732,2,0,0
562,95,147.75,2026-09-26T14:10:45.482,2,0,0
562,96,144.605,2026-09-26T14:13:10.087,2,0,0
562,97,147.103,2026-09-26T14:15:37.19,2,0,0
562,98,145.356,2026-09-26T14:18:02.546,2,0,0
562,99,148.272,2026-09-26T14:20:30.818,1,0,0
562,100,142.768,2026-09-26T14:22:53.586,1,0,0
562,101,142.894,2026-09-26T14:25:16.48,1,0,0
562,102,140.301,2026-09-26T14:27:36.781,1,0,0
562,103,149.832,2026-09-26T14:30:06.613,1,0,0
562,104,141.533,2026-09-26T14:32:28.146,1,0,0
562,105,143.205,2026-09-26T14:34:51.351,1,0,0
562,106,143.854,2026-09-26T14:37:15.205,1,0,0
562,107,145.13,2026-09-26T14:39:40.335,1,0,0
562,108,145.054,2026-09-26T14:42:05.389,1,0,0
562,109,151.601,2026-09-26T14:44:36.99,1,0,0
562,110,473.498,2026-09-26T14:52:30.488,2,1,0
562,111,208.55,2026-09-26T14:55:59.038,3,0,0
562,112,158.612,2026-09-26T14:58:37.65,2,0,0
562,113,173.872,2026-09-26T15:01:31.522,2,0,0
562,114,154.483,2026-09-26T15:04:06.005,2,0,0
562,115,159.556,2026-09-26T15:06:45.561,2,0,0
562,116,166.323,2026-09-26T15:09:31.884,2,0,0
562,117,174.677,2026-09-26T15:12:26.561,2,0,0
562,118,160.858,2026-09-26T15:15:07.419,2,0,0
562,119,159.557,2026-09-26T15:17:46.976,2,0,0
562,120,153.313,2026-09-26T15:20:20.289,2,0,0
562,121,147.835,2026-09-26T15:22:48.124,2,0,0
562,122,151.52,2026-09-26T15:25:19.644,2,0,0
562,123,168.473,2026-09-26T15:28:08.117,2,0,0
562,124,183.333,2026-09-26T15:31:11.45,2,0,0
562,125,198.148,2026-09-26T15:34:29.598,2,0,0
562,126,155.408,2026-09-26T15:37:05.006,2,0,0
562,127,152.889,2026-09-26T15:39:37.895,2,0,0
562,128,148.863,2026-09-26T15:42:06.758,2,0,0
562,129,149.928,2026-09-26T15:44:36.686,2,0,0
562,130,150.271,2026-09-26T15:47:06.957,2,0,0
562,131,150.523,2026-09-26T15:49:37.48,2,0,0
562,132,160.254,2026-09-26T15:52:17.734,2,0,0
562,133,167.339,2026-09-26T15:55:05.073,2,0,0
562,134,171.515,2026-09-26T15:57:56.588,2,0,1
562,135,256.026,2026-09-26T16:02:12.614,2,0,1
562,136,230.755,2026-09-26T16:06:03.369,2,0,1
562,137,939.399,2026-09-26T16:21:42.768,3,0,0
562,138,152.995,2026-09-26T16:24:15.763,3,0,0
562,139,146.157,2026-09-26T16:26:41.92,3,0,0
562,140,144.407,2026-09-26T16:29:06.327,3,0,0
562,141,152.026,2026-09-26T16:31:38.353,3,0,0
562,142,150.493,2026-09-26T16:34:08.846,3,0,0
562,143,147.176,2026-09-26T16:36:36.022,3,0,0
562,144,145.441,2026-09-26T16:39:01.463,3,0,0
562,145,144.683,2026-09-26T16:41:26.146,3,0,0
562,146,149.474,2026-09-26T16:43:55.62,3,0,0
562,147,151.024,2026-09-26T16:46:26.644,3,0,0
562,148,143.91,2026-09-26T16:48:50.554,3,0,0
562,149,147.648,2026-09-26T16:51:18.202,3,0,0
562,150,150.489,2026-09-26T16:53:48.691,3,0,0
562,151,145.697,2026-09-26T16:56:14.388,3,0,0
562,152,147.054,2026-09-26T16:58:41.442,3,0,0
562,153,148.502,2026-09-26T17:01:09.944,3,0,0
562,154,147.788,2026-09-26T17:03:37.732,3,0,0
562,155,148.758,2026-09-26T17:06:06.49,3,0,0
562,156,152.209,2026-09-26T17:08:38.699,3,0,0
562,157,168.852,2026-09-26T17:11:27.551,3,0,0
562,158,153.257,2026-09-26T17:14:00.808,3,0,0
562,159,176.687,2026-09-26T17:16:57.495,3,1,0
562,160,260.364,2026-09-26T17:21:17.859,3,0,0
562,161,164.924,2026-09-26T17:24:02.783,3,0,0
562,162,148.434,2026-09-26T17:26:31.217,3,0,0
562,163,154.994,2026-09-26T17:29:06.211,3,0,0
562,164,150.068,2026-09-26T17:31:36.279,3,0,0
562,165,151.101,2026-09-26T17:34:07.38,3,0,0
562,166,154.533,2026-09-26T17:36:41.913,3,0,0
562,167,158.08,2026-09-26T17:39:19.993,3,0,0
562,168,151.958,2026-09-26T17:41:51.951,3,0,0
562,169,173.672,2026-09-26T17:44:45.623,3,1,0
562,170,284.194,2026-09-26T17:49:29.817,3,0,0
562,171,209.249,2026-09-26T17:52:59.066,3,0,1
562,172,233.693,2026-09-26T17:56:52.759,3,0,1
562,173,293.46,2026-09-26T18:01:46.219,3,0,1
562,174,53720.077,2026-09-27T08:57:06.296,3,0,0
562,175,147.403,2026-09-27T08:59:33.699,3,0,0
562,176,139.685,2026-09-27T09:01:53.384,3,0,0
562,177,144.855,2026-09-27T09:04:18.239,3,0,0
562,178,145.358,2026-09-27T09:06:43.597,3,0,0
562,179,151.346,2026-09-27T09:09:14.943,2,0,0
562,180,144.029,2026-09-27T09:11:38.972,2,0,0
562,181,145.627,2026-09-27T09:14:04.599,2,0,0
562,182,145.28,2026-09-27T09:16:29.879,2,0,0
562,183,141.156,2026-09-27T09:18:51.035,2,0,0
562,184,153.318,2026-09-27T09:21:24.353,2,0,0
562,185,154.372,2026-09-27T09:23:58.725,2,0,0
562,186,141.382,2026-09-27T09:26:20.107,2,0,0
562,187,143.132,2026-09-27T09:28:43.239,2,0,0
562,188,147.461,2026-09-27T09:31:10.7,2,0,0
562,189,137.955,2026-09-27T09:33:28.655,2,0,0
562,190,141.869,2026-09-27T09:35:50.524,2,0,0
562,191,141.194,2026-09-27T09:38:11.718,2,0,0
562,192,146.874,2026-09-27T09:40:38.592,2,0,0
562,193,139.121,2026-09-27T09:42:57.713,2,0,0
562,194,143.508,2026-09-27T09:45:21.221,2,0,0
562,195,145.878,2026-09-27T09:47:47.099,2,0,0
562,196,152.8,2026-09-27T09:50:19.899,2,0,0
562,197,143.448,2026-09-27T09:52:43.347,2,0,0
562,198,140.976,2026-09-27T09:55:04.323,2,0,0
562,199,137.669,2026-09-27T09:57:21.992,2,0,0
562,200,146.013,2026-09-27T09:59:48.005,2,0,0
562,201,147.83,2026-09-27T10:02:15.835,2,0,0
562,202,137.594,2026-09-27T10:04:33.429,2,0,0
562,203,142.157,2026-09-27T10:06:55.586,2,0,0
562,204,137.523,2026-09-27T10:09:13.109,2,0,0
562,205,141.99,2026-09-27T10:11:35.099,2,0,0
562,206,146.63,2026-09-27T10:14:01.729,2,0,0
562,207,142.647,2026-09-27T10:16:24.376,2,0,0
562,208,140.079,2026-09-27T10:18:44.455,2,0,0
562,209,141.322,2026-09-27T10:21:05.777,2,0,0
562,210,139.592,2026-09-27T10:23:25.369,2,0,0
562,211,1419.478,2026-09-27T10:47:04.847,3,1,0
562,212,188.225,2026-09-27T10:50:13.072,3,0,0
562,213,144.92,2026-09-27T10:52:37.992,3,0,0
562,214,141.076,2026-09-27T10:54:59.068,3,0,0
562,215,140.823,2026-09-27T10:57:19.891,3,0,0
562,216,144.346,2026-09-27T10:59:44.237,3,0,0
562,217,150.773,2026-09-27T11:02:15.01,3,0,0
562,218,143.842,2026-09-27T11:04:38.852,3,0,0
562,219,145.897,2026-09-27T11:07:04.749,3,0,0
562,220,149.891,2026-09-27T11:09:34.64,3,0,0
562,221,142.618,2026-09-27T11:11:57.258,3,0,0
562,222,138.478,2026-09-27T11:14:15.736,3,0,0
562,223,143.776,2026-09-27T11:16:39.512,3,0,0
562,224,145.306,2026-09-27T11:19:04.818,2,0,0
562,225,150.858,2026-09-27T11:21:35.676,2,0,0
562,226,142.182,2026-09-27T11:23:57.858,1,0,0
562,227,144.716,2026-09-27T11:26:22.574,1,0,0
562,228,147.29,2026-09-27T11:28:49.864,1,0,0
562,229,144.133,2026-09-27T11:31:13.997,1,0,0
562,230,157.861,2026-09-27T11:33:51.858,1,0,0
562,231,161.684,2026-09-27T11:36:33.542,1,0,0
562,232,142.375,2026-09-27T11:38:55.917,1,0,0
562,233,138.103,2026-09-27T11:41:14.02,1,0,0
562,234,143.063,2026-09-27T11:43:37.083,1,0,0
562,235,148.174,2026-09-27T11:46:05.257,1,0,0
562,236,143.988,2026-09-27T11:48:29.245,1,0,0
562,237,166.867,2026-09-27T11:51:16.112,1,1,0
562,238,861.165,2026-09-27T12:05:37.277,5,0,0
562,239,154.993,2026-09-27T12:08:12.27,4,0,0
562,240,145.997,2026-09-27T12:10:38.267,4,0,0
562,241,148.906,2026-09-27T12:13:07.173,4,0,0
562,242,144.11,2026-09-27T12:15:31.283,4,0,0
562,243,140.901,2026-09-27T12:17:52.184,4,0,0
562,244,142.633,2026-09-27T12:20:14.817,4,0,0
562,245,148.887,2026-09-27T12:22:43.704,4,0,0
562,246,144.483,2026-09-27T12:25:08.187,4,0,0
562,247,160.866,2026-09-27T12:27:49.053,4,0,0
562,248,142.707,2026-09-27T12:30:11.76,4,0,0
562,249,144.834,2026-09-27T12:32:36.594,4,0,0
562,250,145.027,2026-09-27T12:35:01.621,4,0,0
562,251,149.127,2026-09-27T12:37:30.748,4,0,0
562,252,143.5,2026-09-27T12:39:54.248,4,0,0
562,253,142.882,2026-09-27T12:42:17.13,4,0,0
562,254,170.61,2026-09-27T12:45:07.74,4,0,0
562,255,144.189,2026-09-27T12:47:31.929,4,0,0
562,256,143.219,2026-09-27T12:49:55.148,3,0,0
562,257,138.187,2026-09-27T12:52:13.335,3,0,0
562,258,140.732,2026-09-27T12:54:34.067,3,0,0
562,259,147.623,2026-09-27T12:57:01.69,3,0,0
562,260,143.719,2026-09-27T12:59:25.409,3,0,0
562,261,141.336,2026-09-27T13:01:46.745,3,0,0
562,262,150.254,2026-09-27T13:04:16.999,3,0,0
562,263,138.307,2026-09-27T13:06:35.306,3,0,0
562,264,142.976,2026-09-27T13:08:58.282,3,0,0
562,265,144.321,2026-09-27T13:11:22.603,3,0,0
562,266,138.999,2026-09-27T13:13:41.602,3,0,0
562,267,142.361,2026-09-27T13:16:03.963,3,0,0
562,268,144.2,2026-09-27T13:18:28.163,3,0,0
562,269,151.105,2026-09-27T13:20:59.268,3,0,0
562,270,141.165,2026-09-27T13:23:20.433,3,0,0
562,271,147.433,2026-09-27T13:25:47.866,3,0,0
562,272,140.591,2026-09-27T13:28:08.457,3,0,0
562,273,141.62,2026-09-27T13:30:30.077,3,0,0
562,274,371.393,2026-09-27T13:36:41.47,3,1,0
562,275,179.664,2026-09-27T13:39:41.134,3,0,0
562,276,140.835,2026-09-27T13:42:01.969,3,0,0
562,277,147.12,2026-09-27T13:44:29.089,3,0,0
562,278,146.751,2026-09-27T13:46:55.84,3,0,0
562,279,140.342,2026-09-27T13:49:16.182,3,0,0
562,280,137.843,2026-09-27T13:51:34.025,3,0,0
562,281,146.55,2026-09-27T13:54:00.575,3,0,0
562,282,143.845,2026-09-27T13:56:24.42,3,0,0
562,283,138.863,2026-09-27T13:58:43.283,3,0,0
562,284,145.152,2026-09-27T14:01:08.435,3,0,0
562,285,139.864,2026-09-27T14:03:28.299,3,0,0
562,286,141.408,2026-09-27T14:05:49.707,3,0,0
562,287,145.537,2026-09-27T14:08:15.244,3,0,0
562,288,139.424,2026-09-27T14:10:34.668,2,0,0
562,289,141.139,2026-09-27T14:12:55.807,2,0,0
562,290,145.138,2026-09-27T14:15:20.945,2,0,0
562,291,146.985,2026-09-27T14:17:47.93,2,0,0
562,292,144.708,2026-09-27T14:20:12.638,2,0,0
562,293,142.172,2026-09-27T14:22:34.81,2,0,0
562,294,139.104,2026-09-27T14:24:53.914,2,0,0
562,295,141.541,2026-09-27T14:27:15.455,2,0,0
562,296,143.71,2026-09-27T14:29:39.165,2,0,0
562,297,141.441,2026-09-27T14:32:00.606,2,0,0
562,298,143.95,2026-09-27T14:34:24.556,2,0,0
562,299,139.766,2026-09-27T14:36:44.322,2,0,0
562,300,141.527,2026-09-27T14:39:05.849,2,0,0
562,301,142.797,2026-09-27T14:41:28.646,2,0,0
562,302,144.825,2026-09-27T14:43:53.471,2,0,0
562,303,142.31,2026-09-27T14:46:15.781,2,0,0
562,304,142.741,2026-09-27T14:48:38.522,2,0,0
562,305,141.371,2026-09-27T14:50:59.893,2,0,0
562,306,141.66,2026-09-27T14:53:21.553,2,0,0
562,307,141.848,2026-09-27T14:55:43.401,2,0,0
562,308,142.396,2026-09-27T14:58:05.797,2,0,0
562,309,185.554,2026-09-27T15:01:11.351,2,1,0
192,1,175.058,2026-09-26T10:05:21.194,18,0,0
192,2,180.072,2026-09-26T10:08:21.266,17,0,0
192,3,156.098,2026-09-26T10:10:57.364,16,0,0
192,4,189.907,2026-09-26T10:14:07.271,12,0,0
192,5,158.034,2026-09-26T10:16:45.305,10,0,0
192,6,168.591,2026-09-26T10:19:33.896,10,0,0
192,7,165.036,2026-09-26T10:22:18.932,10,0,0
192,8,156.199,2026-09-26T10:24:55.131,10,0,0
192,9,156.738,2026-09-26T10:27:31.869,10,0,0
192,10,159.922,2026-09-26T10:30:11.791,10,0,0
192,11,148.66,2026-09-26T10:32:40.451,9,0,0
192,12,156.624,2026-09-26T10:35:17.075,9,0,0
192,13,160.143,2026-09-26T10:37:57.218,9,0,0
192,14,151.822,2026-09-26T10:40:29.04,9,0,0
192,15,163.589,2026-09-26T10:43:12.629,9,0,0
192,16,145.051,2026-09-26T10:45:37.68,9,0,0
192,17,154.498,2026-09-26T10:48:12.178,9,0,0
192,18,160.576,2026-09-26T10:50:52.754,9,0,0
192,19,150.52,2026-09-26T10:53:23.274,8,0,0
192,20,159.746,2026-09-26T10:56:03.02,7,0,0
192,21,152.901,2026-09-26T10:58:35.921,7,0,0
192,22,153.551,2026-09-26T11:01:09.472,7,0,0
192,23,151.409,2026-09-26T11:03:40.881,8,0,0
192,24,142.204,2026-09-26T11:06:03.085,8,0,0
192,25,150.499,2026-09-26T11:08:33.584,7,0,0
192,26,144.194,2026-09-26T11:10:57.778,7,0,0
192,27,154.498,2026-09-26T11:13:32.276,6,0,0
192,28,161.214,2026-09-26T11:16:13.49,7,1,0
192,29,280.269,2026-09-26T11:20:53.759,16,0,0
192,30,154.613,2026-09-26T11:23:28.372,16,0,0
192,31,151.012,2026-09-26T11:25:59.384,16,0,0
192,32,152.158,2026-09-26T11:28:31.542,16,0,0
192,33,153.836,2026-09-26T11:31:05.378,16,0,0
192,34,147.689,2026-09-26T11:33:33.067,15,0,0
192,35,147.857,2026-09-26T11:36:00.924,14,0,0
192,36,151.033,2026-09-26T11:38:31.957,14,0,0
192,37,162.614,2026-09-26T11:41:14.571,13,0,0
192,38,158.147,2026-09-26T11:43:52.718,13,0,0
192,39,152.979,2026-09-26T11:46:25.697,12,0,0
192,40,152.716,2026-09-26T11:48:58.413,11,0,0
192,41,139.836,2026-09-26T11:51:18.249,10,0,0
192,42,145.29,2026-09-26T11:53:43.539,10,0,0
192,43,148.16,2026-09-26T11:56:11.699,10,0,0
192,44,145.593,2026-09-26T11:58:37.292,10,0,0
192,45,148.387,2026-09-26T12:01:05.679,8,0,0
192,46,149.307,2026-09-26T12:03:34.986,6,0,0
192,47,145.916,2026-09-26T12:06:00.902,6,0,0
192,48,141.936,2026-09-26T12:08:22.838,4,0,0
192,49,150.254,2026-09-26T12:10:53.092,3,0,0
192,50,659.646,2026-09-26T12:21:52.738,17,1,0
192,51,208.221,2026-09-26T12:25:20.959,18,0,0
192,52,161.139,2026-09-26T12:28:02.098,18,0,0
192,53,163.246,2026-09-26T12:30:45.344,18,0,0
192,54,162.012,2026-09-26T12:33:27.356,18,0,0
192,55,158.902,2026-09-26T12:36:06.258,18,0,0
192,56,156.996,2026-09-26T12:38:43.254,18,0,0
192,57,164.436,2026-09-26T12:41:27.69,17,0,0
192,58,160.014,2026-09-26T12:44:07.704,16,0,0
192,59,157.822,2026-09-26T12:46:45.526,16,0,0
192,60,157.198,2026-09-26T12:49:22.724,16,0,0
192,61,157.617,2026-09-26T12:52:00.341,16,0,0
192,62,160.877,2026-09-26T12:54:41.218,16,0,0
192,63,162.452,2026-09-26T12:57:23.67,16,0,0
192,64,157.718,2026-09-26T13:00:01.388,16,0,0
192,65,156.023,2026-09-26T13:02:37.411,16,0,0
192,66,157.941,2026-09-26T13:05:15.352,14,0,0
192,67,156.576,2026-09-26T13:07:51.928,14,0,0
192,68,157.03,2026-09-26T13:10:28.958,14,0,0
192,69,156.305,2026-09-26T13:13:05.263,14,0,0
192,70,160.142,2026-09-26T13:15:45.405,14,0,0
192,71,155.915,2026-09-26T13:18:21.32,12,0,0
192,72,151.8,2026-09-26T13:20:53.12,12,0,0
192,73,153.812,2026-09-26T13:23:26.932,12,0,0
192,74,148.453,2026-09-26T13:25:55.385,12,0,0
192,75,151.377,2026-09-26T13:28:26.762,12,0,0
192,76,151.462,2026-09-26T13:30:58.224,12,0,0
192,77,161.957,2026-09-26T13:33:40.181,12,0,0
192,78,155.989,2026-09-26T13:36:16.17,12,0,0
192,79,150.885,2026-09-26T13:38:47.055,12,0,0
192,80,145.216,2026-09-26T13:41:12.271,12,0,0
192,81,152.912,2026-09-26T13:43:45.183,12,0,0
192,82,162.024,2026-09-26T13:46:27.207,12,0,0
192,83,154.82,2026-09-26T13:49:02.027,12,0,0
192,84,149.539,2026-09-26T13:51:31.566,11,0,0
192,85,143.842,2026-09-26T13:53:55.408,11,0,0
192,86,161.256,2026-09-26T13:56:36.664,10,0,0
192,87,153.083,2026-09-26T13:59:09.747,10,0,0
192,88,150.899,2026-09-26T14:01:40.646,10,0,0
192,89,151.693,2026-09-26T14:04:12.339,10,0,0
192,90,156.866,2026-09-26T14:06:49.205,10,0,0
192,91,155.436,2026-09-26T14:09:24.641,10,0,0
192,92,152.698,2026-09-26T14:11:57.339,9,0,0
192,93,158.467,2026-09-26T14:14:35.806,9,0,0
192,94,155.109,2026-09-26T14:17:10.915,9,0,0
192,95,152.59,2026-09-26T14:19:43.505,9,0,0
192,96,153.52,2026-09-26T14:22:17.025,9,0,0
192,97,152.657,2026-09-26T14:24:49.682,9,0,0
192,98,154.997,2026-09-26T14:27:24.679,9,0,0
192,99,514.306,2026-09-26T14:35:58.985,11,1,0
192,100,235.94,2026-09-26T14:39:54.925,11,0,0
192,101,188.645,2026-09-26T14:43:03.57,11,0,0
192,102,183.886,2026-09-26T14:46:07.456,11,0,0
192,103,181.935,2026-09-26T14:49:09.391,11,0,0
192,104,189.635,2026-09-26T14:52:19.026,12,0,0
192,105,175.288,2026-09-26T14:55:14.314,12,0,0
192,106,175.702,2026-09-26T14:58:10.016,12,0,0
192,107,169.949,2026-09-26T15:00:59.965,12,0,0
192,108,173.867,2026-09-26T15:03:53.832,12,0,0
192,109,172.879,2026-09-26T15:06:46.711,11,0,0
192,110,171.754,2026-09-26T15:09:38.465,11,0,0
192,111,182.972,2026-09-26T15:12:41.437,11,0,0
192,112,185.563,2026-09-26T15:15:47,9,0,0
192,113,191.424,2026-09-26T15:18:58.424,9,0,0
192,114,159.455,2026-09-26T15:21:37.879,9,0,0
192,115,162.517,2026-09-26T15:24:20.396,8,0,0
192,116,161.351,2026-09-26T15:27:01.747,8,0,0
192,117,203.393,2026-09-26T15:30:25.14,7,0,0
192,118,214.433,2026-09-26T15:33:59.573,8,0,0
192,119,158.563,2026-09-26T15:36:38.136,7,0,0
192,120,159.247,2026-09-26T15:39:17.383,7,0,0
192,121,157.099,2026-09-26T15:41:54.482,7,0,0
192,122,157.137,2026-09-26T15:44:31.619,7,0,0
192,123,160.454,2026-09-26T15:47:12.073,7,0,0
192,124,161.525,2026-09-26T15:49:53.598,6,0,0
192,125,164.4,2026-09-26T15:52:37.998,6,0,0
192,126,186.299,2026-09-26T15:55:44.297,7,0,0
192,127,514.102,2026-09-26T16:04:18.399,7,1,1
192,128,292.591,2026-09-26T16:09:10.99,8,0,1
192,129,228.906,2026-09-26T16:12:59.896,8,0,1
192,130,261.499,2026-09-26T16:17:21.395,8,0,0
192,131,185.073,2026-09-26T16:20:26.468,8,0,0
192,132,180.956,2026-09-26T16:23:27.424,8,0,0
192,133,169.993,2026-09-26T16:26:17.417,8,0,0
192,134,168.211,2026-09-26T16:29:05.628,8,0,0
192,135,170.027,2026-09-26T16:31:55.655,8,0,0
192,136,165.415,2026-09-26T16:34:41.07,8,0,0
192,137,161.437,2026-09-26T16:37:22.507,8,0,0
192,138,158.875,2026-09-26T16:40:01.382,8,0,0
192,139,163.374,2026-09-26T16:42:44.756,8,0,0
192,140,175.856,2026-09-26T16:45:40.612,8,0,0
192,141,161.433,2026-09-26T16:48:22.045,8,0,0
192,142,161.53,2026-09-26T16:51:03.575,8,0,0
192,143,166.901,2026-09-26T16:53:50.476,8,0,0
192,144,162.046,2026-09-26T16:56:32.522,8,0,0
192,145,157.705,2026-09-26T16:59:10.227,8,0,0
192,146,159.519,2026-09-26T17:01:49.746,8,0,0
192,147,158.03,2026-09-26T17:04:27.776,8,0,0
192,148,161.906,2026-09-26T17:07:09.682,8,0,0
192,149,169.092,2026-09-26T17:09:58.774,8,0,0
192,150,162.851,2026-09-26T17:12:41.625,8,0,0
192,151,165.988,2026-09-26T17:15:27.613,8,0,0
192,152,168.855,2026-09-26T17:18:16.468,8,0,0
192,153,176.048,2026-09-26T17:21:12.516,8,0,0
192,154,171.108,2026-09-26T17:24:03.624,9,0,0
192,155,154.773,2026-09-26T17:26:38.397,9,0,0
192,156,157.483,2026-09-26T17:29:15.88,9,0,0
192,157,164.167,2026-09-26T17:32:00.047,9,0,0
192,158,159.906,2026-09-26T17:34:39.953,9,0,0
192,159,161.297,2026-09-26T17:37:21.25,9,0,0
192,160,156.761,2026-09-26T17:39:58.011,9,0,0
192,161,162.091,2026-09-26T17:42:40.102,9,0,0
192,162,173.664,2026-09-26T17:45:33.766,9,0,0
192,163,175.404,2026-09-26T17:48:29.17,9,0,0
192,164,173.919,2026-09-26T17:51:23.089,9,0,1
192,165,202.749,2026-09-26T17:54:45.838,9,0,1
192,166,203.927,2026-09-26T17:58:09.765,9,0,1
192,167,287.921,2026-09-26T18:02:57.686,9,0,1
192,168,53652.122,2026-09-27T08:57:09.808,9,0,0
192,169,155.449,2026-09-27T08:59:45.257,9,0,0
192,170,154.041,2026-09-27T09:02:19.298,9,0,0
192,171,146.645,2026-09-27T09:04:45.943,9,0,0
192,172,158.422,2026-09-27T09:07:24.365,9,0,0
192,173,155.697,2026-09-27T09:10:00.062,9,0,0
192,174,146.376,2026-09-27T09:12:26.438,9,0,0
192,175,152.369,2026-09-27T09:14:58.807,9,0,0
192,176,147.161,2026-09-27T09:17:25.968,9,0,0
192,177,152.349,2026-09-27T09:19:58.317,9,0,0
192,178,172.305,2026-09-27T09:22:50.622,9,0,0
192,179,153.01,2026-09-27T09:25:23.632,9,0,0
192,180,158.745,2026-09-27T09:28:02.377,9,0,0
192,181,147.661,2026-09-27T09:30:30.038,9,0,0
192,182,148.139,2026-09-27T09:32:58.177,9,0,0
192,183,157.11,2026-09-27T09:35:35.287,9,0,0
192,184,151.212,2026-09-27T09:38:06.499,9,0,0
192,185,153.758,2026-09-27T09:40:40.257,9,0,0
192,186,146.514,2026-09-27T09:43:06.771,9,0,0
192,187,144.264,2026-09-27T09:45:31.035,9,0,0
192,188,158.543,2026-09-27T09:48:09.578,9,0,0
192,189,157.554,2026-09-27T09:50:47.132,9,0,0
192,190,144.15,2026-09-27T09:53:11.282,9,0,0
192,191,140.366,2026-09-27T09:55:31.648,9,0,0
192,192,145.754,2026-09-27T09:57:57.402,9,0,0
192,193,145.0,2026-09-27T10:00:22.402,9,0,0
192,194,145.383,2026-09-27T10:02:47.785,9,0,0
192,195,145.643,2026-09-27T10:05:13.428,9,0,0
192,196,147.285,2026-09-27T10:07:40.713,9,0,0
192,197,155.111,2026-09-27T10:10:15.824,9,0,0
192,198,142.511,2026-09-27T10:12:38.335,9,0,0
192,199,148.108,2026-09-27T10:15:06.443,9,0,0
192,200,140.562,2026-09-27T10:17:27.005,9,0,0
192,201,150.705,2026-09-27T10:19:57.71,9,0,0
192,202,143.062,2026-09-27T10:22:20.772,9,0,0
192,203,1161.766,2026-09-27T10:41:42.538,9,0,1
192,204,178.06,2026-09-27T10:44:40.598,9,0,0
192,205,146.303,2026-09-27T10:47:06.901,9,0,0
192,206,147.646,2026-09-27T10:49:34.547,9,0,0
192,207,145.494,2026-09-27T10:52:00.041,9,0,0
192,208,146.54,2026-09-27T10:54:26.581,9,0,0
192,209,151.533,2026-09-27T10:56:58.114,9,0,0
192,210,151.816,2026-09-27T10:59:29.93,9,0,0
192,211,145.782,2026-09-27T11:01:55.712,9,0,0
192,212,145.464,2026-09-27T11:04:21.176,8,0,0
192,213,159.016,2026-09-27T11:07:00.192,8,0,0
192,214,153.757,2026-09-27T11:09:33.949,7,0,0
192,215,146.44,2026-09-27T11:12:00.389,7,0,0
192,216,490.069,2026-09-27T11:20:10.458,8,1,0
192,217,203.466,2026-09-27T11:23:33.924,8,0,0
192,218,162.709,2026-09-27T11:26:16.633,8,0,0
192,219,154.496,2026-09-27T11:28:51.129,8,0,0
192,220,151.746,2026-09-27T11:31:22.875,8,0,0
192,221,162.992,2026-09-27T11:34:05.867,8,0,0
192,222,161.181,2026-09-27T11:36:47.048,8,0,0
192,223,165.434,2026-09-27T11:39:32.482,8,0,0
192,224,156.163,2026-09-27T11:42:08.645,8,0,0
192,225,154.106,2026-09-27T11:44:42.751,8,0,0
192,226,154.753,2026-09-27T11:47:17.504,8,0,0
192,227,155.035,2026-09-27T11:49:52.539,8,0,0
192,228,150.246,2026-09-27T11:52:22.785,8,0,0
192,229,154.625,2026-09-27T11:54:57.41,8,0,0
192,230,150.792,2026-09-27T11:57:28.202,8,0,0
192,231,150.416,2026-09-27T11:59:58.618,8,0,0
192,232,162.077,2026-09-27T12:02:40.695,8,0,0
192,233,154.052,2026-09-27T12:05:14.747,8,0,0
192,234,158.961,2026-09-27T12:07:53.708,8,0,0
192,235,154.2,2026-09-27T12:10:27.908,8,0,0
192,236,155.325,2026-09-27T12:13:03.233,8,0,0
192,237,150.733,2026-09-27T12:15:33.966,8,0,0
192,238,150.996,2026-09-27T12:18:04.962,8,0,0
192,239,151.642,2026-09-27T12:20:36.604,8,0,0
192,240,152.29,2026-09-27T12:23:08.894,8,0,0
192,241,154.996,2026-09-27T12:25:43.89,8,0,0
192,242,154.595,2026-09-27T12:28:18.485,8,0,0
192,243,153.921,2026-09-27T12:30:52.406,8,0,0
192,244,149.787,2026-09-27T12:33:22.193,8,0,0
192,245,151.411,2026-09-27T12:35:53.604,8,0,0
192,246,154.959,2026-09-27T12:38:28.563,8,0,0
192,247,154.951,2026-09-27T12:41:03.514,8,0,0
192,248,172.701,2026-09-27T12:43:56.215,8,0,0
192,249,149.179,2026-09-27T12:46:25.394,8,0,0
192,250,154.303,2026-09-27T12:48:59.697,8,0,0
192,251,150.563,2026-09-27T12:51:30.26,8,0,0
192,252,154.82,2026-09-27T12:54:05.08,8,0,0
192,253,150.644,2026-09-27T12:56:35.724,8,0,0
192,254,149.972,2026-09-27T12:59:05.696,8,0,0
192,255,401.326,2026-09-27T13:05:47.022,8,1,0
192,256,206.62,2026-09-27T13:09:13.642,8,0,0
192,257,174.161,2026-09-27T13:12:07.803,8,0,0
192,258,169.123,2026-09-27T13:14:56.926,8,0,0
192,259,169.327,2026-09-27T13:17:46.253,8,0,0
192,260,165.177,2026-09-27T13:20:31.43,8,0,0
192,261,164.456,2026-09-27T13:23:15.886,8,0,0
192,262,162.071,2026-09-27T13:25:57.957,8,0,0
192,263,165.414,2026-09-27T13:28:43.371,8,0,0
192,264,166.874,2026-09-27T13:31:30.245,8,0,0
192,265,167.5,2026-09-27T13:34:17.745,8,0,0
192,266,165.817,2026-09-27T13:37:03.562,8,0,0
192,267,163.007,2026-09-27T13:39:46.569,8,0,0
192,268,162.064,2026-09-27T13:42:28.633,8,0,0
192,269,163.21,2026-09-27T13:45:11.843,8,0,0
192,270,162.178,2026-09-27T13:47:54.021,8,0,0
192,271,162.949,2026-09-27T13:50:36.97,8,0,0
192,272,159.206,2026-09-27T13:53:16.176,8,0,0
192,273,162.014,2026-09-27T13:55:58.19,8,0,0
192,274,161.661,2026-09-27T13:58:39.851,8,0,0
192,275,166.949,2026-09-27T14:01:26.8,8,0,0
192,276,166.128,2026-09-27T14:04:12.928,8,0,0
192,277,161.516,2026-09-27T14:06:54.444,8,0,0
192,278,381.619,2026-09-27T14:13:16.063,8,1,0
192,279,208.009,2026-09-27T14:16:44.072,8,0,0
192,280,166.85,2026-09-27T14:19:30.922,8,0,0
192,281,166.563,2026-09-27T14:22:17.485,8,0,0
192,282,159.377,2026-09-27T14:24:56.862,8,0,0
192,283,161.032,2026-09-27T14:27:37.894,8,0,0
192,284,166.058,2026-09-27T14:30:23.952,8,0,0
192,285,164.659,2026-09-27T14:33:08.611,8,0,0
192,286,165.544,2026-09-27T14:35:54.155,8,0,0
192,287,161.225,2026-09-27T14:38:35.38,8,0,0
192,288,160.045,2026-09-27T14:41:15.425,8,0,0
192,289,166.455,2026-09-27T14:44:01.88,8,0,0
192,290,165.431,2026-09-27T14:46:47.311,8,0,0
192,291,165.491,2026-09-27T14:49:32.802,8,0,0
192,292,164.285,2026-09-27T14:52:17.087,8,0,0
192,293,163.492,2026-09-27T14:55:00.579,8,0,0
192,294,161.512,2026-09-27T14:57:42.091,8,0,0
192,295,159.962,2026-09-27T15:00:22.053,8,0,0
192,296,167.096,2026-09-27T15:03:09.149,8,0,0
192,297,156.563,2026-09-27T15:05:45.712,8,0,0
192,298,161.29,2026-09-27T15:08:27.002,8,0,0
192,299,160.869,2026-09-27T15:11:07.871,8,0,0
192,300,159.607,2026-09-27T15:13:47.478,8,0,0
192,301,159.228,2026-09-27T15:16:26.706,8,0,0
192,302,168.578,2026-09-27T15:19:15.284,8,0,0
192,303,160.753,2026-09-27T15:21:56.037,8,0,0
192,304,159.001,2026-09-27T15:24:35.038,8,0,0
192,305,155.464,2026-09-27T15:27:10.502,8,0,0
192,306,160.111,2026-09-27T15:29:50.613,8,0,0
192,307,159.863,2026-09-27T15:32:30.476,8,0,0
888,1,148.746,2026-09-26T10:06:23.299,48,0,0
888,2,171.413,2026-09-26T10:09:14.712,40,0,0
888,3,171.92,2026-09-26T10:12:06.632,33,0,0
888,4,161.858,2026-09-26T10:14:48.49,30,0,0
888,5,160.137,2026-09-26T10:17:28.627,26,0,0
888,6,165.067,2026-09-26T10:20:13.694,22,0,0
888,7,176.729,2026-09-26T10:23:10.423,17,0,0
888,8,140.524,2026-09-26T10:25:30.947,17,0,0
888,9,144.809,2026-09-26T10:27:55.756,17,0,0
888,10,158.351,2026-09-26T10:30:34.107,15,0,0
888,11,147.637,2026-09-26T10:33:01.744,12,0,0
888,12,150.908,2026-09-26T10:35:32.652,12,0,0
888,13,154.934,2026-09-26T10:38:07.586,12,0,0
888,14,168.78,2026-09-26T10:40:56.366,12,0,0
888,15,169.932,2026-09-26T10:43:46.298,12,0,0
888,16,152.976,2026-09-26T10:46:19.274,12,0,0
888,17,146.241,2026-09-26T10:48:45.515,12,0,0
888,18,153.864,2026-09-26T10:51:19.379,12,0,0
888,19,152.053,2026-09-26T10:53:51.432,12,0,0
888,20,162.385,2026-09-26T10:56:33.817,12,0,0
888,21,154.71,2026-09-26T10:59:08.527,12,0,0
888,22,149.256,2026-09-26T11:01:37.783,11,0,0
888,23,149.185,2026-09-26T11:04:06.968,11,0,0
888,24,146.979,2026-09-26T11:06:33.947,11,0,0
888,25,145.842,2026-09-26T11:08:59.789,11,0,0
888,26,150.464,2026-09-26T11:11:30.253,11,0,0
888,27,147.056,2026-09-26T11:13:57.309,10,0,0
888,28,144.919,2026-09-26T11:16:22.228,10,0,0
888,29,154.102,2026-09-26T11:18:56.33,9,0,0
888,30,164.403,2026-09-26T11:21:40.733,9,0,0
888,31,147.294,2026-09-26T11:24:08.027,9,0,0
888,32,157.281,2026-09-26T11:26:45.308,9,0,0
888,33,142.455,2026-09-26T11:29:07.763,8,0,0
888,34,152.535,2026-09-26T11:31:40.298,6,0,0
888,35,153.457,2026-09-26T11:34:13.755,6,0,0
888,36,152.959,2026-09-26T11:36:46.714,6,0,0
888,37,461.599,2026-09-26T11:44:28.313,19,1,0
888,38,218.383,2026-09-26T11:48:06.696,23,0,0
888,39,174.575,2026-09-26T11:51:01.271,21,0,0
888,40,159.279,2026-09-26T11:53:40.55,20,0,0
888,41,154.922,2026-09-26T11:56:15.472,19,0,0
888,42,158.465,2026-09-26T11:58:53.937,17,0,0
888,43,154.176,2026-09-26T12:01:28.113,17,0,0
888,44,157.862,2026-09-26T12:04:05.975,17,0,0
888,45,154.786,2026-09-26T12:06:40.761,15,0,0
888,46,156.035,2026-09-26T12:09:16.796,15,0,0
888,47,156.811,2026-09-26T12:11:53.607,14,0,0
888,48,163.46,2026-09-26T12:14:37.067,13,0,0
888,49,157.697,2026-09-26T12:17:14.764,13,0,0
888,50,164.121,2026-09-26T12:19:58.885,12,0,0
888,51,163.597,2026-09-26T12:22:42.482,12,0,0
888,52,156.411,2026-09-26T12:25:18.893,12,0,0
888,53,153.115,2026-09-26T12:27:52.008,11,0,0
888,54,155.724,2026-09-26T12:30:27.732,10,0,0
888,55,155.245,2026-09-26T12:33:02.977,10,0,0
888,56,155.42,2026-09-26T12:35:38.397,11,0,0
888,57,159.601,2026-09-26T12:38:17.998,12,0,0
888,58,152.59,2026-09-26T12:40:50.588,12,0,0
888,59,165.924,2026-09-26T12:43:36.512,12,0,0
888,60,149.644,2026-09-26T12:46:06.156,12,0,0
888,61,164.11,2026-09-26T12:48:50.266,11,0,0
888,62,151.011,2026-09-26T12:51:21.277,12,0,0
888,63,156.452,2026-09-26T12:53:57.729,12,0,0
888,64,151.031,2026-09-26T12:56:28.76,12,0,0
888,65,166.147,2026-09-26T12:59:14.907,12,0,0
888,66,162.348,2026-09-26T13:01:57.255,9,0,0
888,67,151.476,2026-09-26T13:04:28.731,9,0,0
888,68,157.819,2026-09-26T13:07:06.55,9,0,0
888,69,157.069,2026-09-26T13:09:43.619,9,0,0
888,70,151.687,2026-09-26T13:12:15.306,8,0,0
888,71,438.314,2026-09-26T13:19:33.62,14,1,0
888,72,197.265,2026-09-26T13:22:50.885,15,0,0
888,73,167.637,2026-09-26T13:25:38.522,15,0,0
888,74,144.904,2026-09-26T13:28:03.426,15,0,0
888,75,164.39,2026-09-26T13:30:47.816,15,0,0
888,76,173.365,2026-09-26T13:33:41.181,15,0,0
888,77,170.672,2026-09-26T13:36:31.853,15,0,0
888,78,158.694,2026-09-26T13:39:10.547,15,0,0
888,79,159.705,2026-09-26T13:41:50.252,15,0,0
888,80,156.353,2026-09-26T13:44:26.605,15,0,0
888,81,153.615,2026-09-26T13:47:00.22,15,0,0
888,82,154.853,2026-09-26T13:49:35.073,15,0,0
888,83,167.486,2026-09-26T13:52:22.559,15,0,0
888,84,157.852,2026-09-26T13:55:00.411,14,0,0
888,85,151.491,2026-09-26T13:57:31.902,13,0,0
888,86,148.803,2026-09-26T14:00:00.705,13,0,0
888,87,149.866,2026-09-26T14:02:30.571,12,0,0
888,88,154.775,2026-09-26T14:05:05.346,12,0,0
888,89,154.993,2026-09-26T14:07:40.339,12,0,0
888,90,165.06,2026-09-26T14:10:25.399,12,0,0
888,91,156.344,2026-09-26T14:13:01.743,12,0,0
888,92,157.844,2026-09-26T14:15:39.587,11,0,0
888,93,155.179,2026-09-26T14:18:14.766,11,0,0
888,94,143.757,2026-09-26T14:20:38.523,11,0,0
888,95,160.422,2026-09-26T14:23:18.945,11,0,0
888,96,157.207,2026-09-26T14:25:56.152,11,0,0
888,97,155.828,2026-09-26T14:28:31.98,11,0,0
888,98,152.668,2026-09-26T14:31:04.648,11,0,0
888,99,161.924,2026-09-26T14:33:46.572,10,0,0
888,100,168.991,2026-09-26T14:36:35.563,10,0,0
888,101,152.636,2026-09-26T14:39:08.199,10,0,0
888,102,148.26,2026-09-26T14:41:36.459,10,0,0
888,103,152.35,2026-09-26T14:44:08.809,10,0,0
888,104,157.594,2026-09-26T14:46:46.403,10,0,0
888,105,169.283,2026-09-26T14:49:35.686,10,0,0
888,106,178.757,2026-09-26T14:52:34.443,10,0,0
888,107,176.406,2026-09-26T14:55:30.849,10,0,0
888,108,186.569,2026-09-26T14:58:37.418,10,1,0
888,109,485.582,2026-09-26T15:06:43,10,0,0
888,110,168.348,2026-09-26T15:09:31.348,10,0,0
888,111,187.103,2026-09-26T15:12:38.451,10,0,0
888,112,214.204,2026-09-26T15:16:12.655,10,1,0
888,113,522.173,2026-09-26T15:24:54.828,15,0,0
888,114,163.168,2026-09-26T15:27:37.996,15,0,0
888,115,198.131,2026-09-26T15:30:56.127,14,0,0
888,116,211.436,2026-09-26T15:34:27.563,14,0,0
888,117,156.979,2026-09-26T15:37:04.542,13,0,0
888,118,157.487,2026-09-26T15:39:42.029,13,0,0
888,119,161.819,2026-09-26T15:42:23.848,11,0,0
888,120,168.461,2026-09-26T15:45:12.309,11,0,0
888,121,155.649,2026-09-26T15:47:47.958,11,0,0
888,122,155.701,2026-09-26T15:50:23.659,11,0,0
888,123,175.634,2026-09-26T15:53:19.293,12,0,0
888,124,166.115,2026-09-26T15:56:05.408,11,0,1
888,125,288.006,2026-09-26T16:00:53.414,10,0,1
888,126,235.845,2026-09-26T16:04:49.259,10,0,1
888,127,240.974,2026-09-26T16:08:50.233,10,0,1
888,128,238.867,2026-09-26T16:12:49.1,10,0,1
888,129,264.409,2026-09-26T16:17:13.509,9,0,0
888,130,157.042,2026-09-26T16:19:50.551,9,0,0
888,131,150.984,2026-09-26T16:22:21.535,9,0,0
888,132,177.441,2026-09-26T16:25:18.976,9,1,0
888,133,198.626,2026-09-26T16:28:37.602,9,0,0
888,134,338.608,2026-09-26T16:34:16.21,12,1,0
888,135,202.234,2026-09-26T16:37:38.444,13,0,0
888,136,158.67,2026-09-26T16:40:17.114,13,0,0
888,137,151.278,2026-09-26T16:42:48.392,13,0,0
888,138,172.944,2026-09-26T16:45:41.336,13,0,0
888,139,150.57,2026-09-26T16:48:11.906,13,0,0
888,140,153.431,2026-09-26T16:50:45.337,13,0,0
888,141,152.0,2026-09-26T16:53:17.337,12,0,0
888,142,146.693,2026-09-26T16:55:44.03,12,0,0
888,143,146.198,2026-09-26T16:58:10.228,12,0,0
888,144,147.355,2026-09-26T17:00:37.583,12,0,0
888,145,148.75,2026-09-26T17:03:06.333,12,0,0
888,146,150.16,2026-09-26T17:05:36.493,12,0,0
888,147,162.132,2026-09-26T17:08:18.625,12,0,0
888,148,179.27,2026-09-26T17:11:17.895,11,0,0
888,149,145.348,2026-09-26T17:13:43.243,11,0,0
888,150,155.294,2026-09-26T17:16:18.537,11,0,0
888,151,147.723,2026-09-26T17:18:46.26,11,0,0
888,152,169.562,2026-09-26T17:21:35.822,11,1,0
888,153,336.16,2026-09-26T17:27:11.982,12,0,0
888,154,153.206,2026-09-26T17:29:45.188,12,0,0
888,155,156.94,2026-09-26T17:32:22.128,12,0,0
888,156,148.162,2026-09-26T17:34:50.29,12,0,0
888,157,151.214,2026-09-26T17:37:21.504,12,0,0
888,158,149.267,2026-09-26T17:39:50.771,12,0,0
888,159,157.352,2026-09-26T17:42:28.123,12,0,0
888,160,174.473,2026-09-26T17:45:22.596,12,0,0
888,161,152.006,2026-09-26T17:47:54.602,12,0,0
888,162,152.535,2026-09-26T17:50:27.137,11,0,1
888,163,200.487,2026-09-26T17:53:47.624,11,0,1
888,164,221.715,2026-09-26T17:57:29.339,11,0,1
888,165,302.605,2026-09-26T18:02:31.944,11,0,1
888,166,53717.302,2026-09-27T08:57:49.246,12,0,0
888,167,163.782,2026-09-27T09:00:33.028,12,0,0
888,168,159.214,2026-09-27T09:03:12.242,12,0,0
888,169,145.181,2026-09-27T09:05:37.423,12,0,0
888,170,146.002,2026-09-27T09:08:03.425,12,0,0
888,171,150.383,2026-09-27T09:10:33.808,12,0,0
888,172,156.495,2026-09-27T09:13:10.303,12,0,0
888,173,153.096,2026-09-27T09:15:43.399,12,0,0
888,174,149.354,2026-09-27T09:18:12.753,12,0,0
888,175,162.674,2026-09-27T09:20:55.427,12,0,0
888,176,147.341,2026-09-27T09:23:22.768,12,0,0
888,177,154.229,2026-09-27T09:25:56.997,11,0,0
888,178,147.855,2026-09-27T09:28:24.852,11,0,0
888,179,146.928,2026-09-27T09:30:51.78,11,0,0
888,180,149.62,2026-09-27T09:33:21.4,11,0,0
888,181,149.263,2026-09-27T09:35:50.663,10,0,0
888,182,146.399,2026-09-27T09:38:17.062,10,0,0
888,183,152.961,2026-09-27T09:40:50.023,10,0,0
888,184,156.096,2026-09-27T09:43:26.119,10,0,0
888,185,146.929,2026-09-27T09:45:53.048,10,0,0
888,186,151.257,2026-09-27T09:48:24.305,10,0,0
888,187,157.928,2026-09-27T09:51:02.233,10,0,0
888,188,143.258,2026-09-27T09:53:25.491,10,0,0
888,189,143.376,2026-09-27T09:55:48.867,10,0,0
888,190,145.838,2026-09-27T09:58:14.705,10,0,0
888,191,146.534,2026-09-27T10:00:41.239,10,0,0
888,192,148.024,2026-09-27T10:03:09.263,10,0,0
888,193,145.28,2026-09-27T10:05:34.543,10,0,0
888,194,150.88,2026-09-27T10:08:05.423,10,0,0
888,195,146.332,2026-09-27T10:10:31.755,10,0,0
888,196,148.536,2026-09-27T10:13:00.291,10,0,0
888,197,361.49,2026-09-27T10:19:01.781,11,1,0
888,198,211.749,2026-09-27T10:22:33.53,11,0,0
888,199,1163.655,2026-09-27T10:41:57.185,11,0,1
888,200,188.426,2026-09-27T10:45:05.611,11,0,0
888,201,146.028,2026-09-27T10:47:31.639,11,0,0
888,202,152.124,2026-09-27T10:50:03.763,11,0,0
888,203,148.093,2026-09-27T10:52:31.856,11,0,0
888,204,147.134,2026-09-27T10:54:58.99,11,0,0
888,205,145.611,2026-09-27T10:57:24.601,11,0,0
888,206,152.223,2026-09-27T10:59:56.824,11,0,0
888,207,152.299,2026-09-27T11:02:29.123,11,0,0
888,208,151.37,2026-09-27T11:05:00.493,10,0,0
888,209,145.94,2026-09-27T11:07:26.433,10,0,0
888,210,153.386,2026-09-27T11:09:59.819,10,0,0
888,211,156.714,2026-09-27T11:12:36.533,10,0,0
888,212,146.818,2026-09-27T11:15:03.351,9,0,0
888,213,148.03,2026-09-27T11:17:31.381,9,0,0
888,214,145.85,2026-09-27T11:19:57.231,9,0,0
888,215,347.674,2026-09-27T11:25:44.905,9,1,0
888,216,183.393,2026-09-27T11:28:48.298,9,0,0
888,217,153.585,2026-09-27T11:31:21.883,9,0,0
888,218,162.388,2026-09-27T11:34:04.271,9,0,0
888,219,160.971,2026-09-27T11:36:45.242,9,0,0
888,220,163.993,2026-09-27T11:39:29.235,9,0,0
888,221,156.903,2026-09-27T11:42:06.138,10,0,0
888,222,153.883,2026-09-27T11:44:40.021,10,0,0
888,223,156.341,2026-09-27T11:47:16.362,10,0,0
888,224,159.42,2026-09-27T11:49:55.782,10,0,0
888,225,152.01,2026-09-27T11:52:27.792,10,0,0
888,226,152.358,2026-09-27T11:55:00.15,10,0,0
888,227,152.972,2026-09-27T11:57:33.122,10,0,0
888,228,152.46,2026-09-27T12:00:05.582,10,0,0
888,229,161.396,2026-09-27T12:02:46.978,10,0,0
888,230,164.596,2026-09-27T12:05:31.574,10,0,0
888,231,162.5,2026-09-27T12:08:14.074,10,0,0
888,232,165.095,2026-09-27T12:10:59.169,10,0,0
888,233,160.007,2026-09-27T12:13:39.176,10,0,0
888,234,155.135,2026-09-27T12:16:14.311,10,0,0
888,235,162.017,2026-09-27T12:18:56.328,10,0,0
888,236,161.017,2026-09-27T12:21:37.345,10,0,0
888,237,154.509,2026-09-27T12:24:11.854,10,0,0
888,238,168.001,2026-09-27T12:26:59.855,10,0,0
888,239,166.257,2026-09-27T12:29:46.112,10,0,0
888,240,151.944,2026-09-27T12:32:18.056,10,0,0
888,241,157.767,2026-09-27T12:34:55.823,10,0,0
888,242,159.068,2026-09-27T12:37:34.891,10,0,0
888,243,466.614,2026-09-27T12:45:21.505,10,1,0
888,244,198.112,2026-09-27T12:48:39.617,10,0,0
888,245,166.976,2026-09-27T12:51:26.593,10,0,0
888,246,157.548,2026-09-27T12:54:04.141,10,0,0
888,247,156.79,2026-09-27T12:56:40.931,10,0,0
888,248,154.211,2026-09-27T12:59:15.142,10,0,0
888,249,151.477,2026-09-27T13:01:46.619,10,0,0
888,250,164.535,2026-09-27T13:04:31.154,10,0,0
888,251,152.679,2026-09-27T13:07:03.833,10,0,0
888,252,154.414,2026-09-27T13:09:38.247,10,0,0
888,253,164.293,2026-09-27T13:12:22.54,10,0,0
888,254,156.76,2026-09-27T13:14:59.3,10,0,0
888,255,152.106,2026-09-27T13:17:31.406,10,0,0
888,256,156.502,2026-09-27T13:20:07.908,10,0,0
888,257,154.646,2026-09-27T13:22:42.554,9,0,0
888,258,196.225,2026-09-27T13:25:58.779,9,1,0
888,259,415.3,2026-09-27T13:32:54.079,9,0,0
888,260,157.243,2026-09-27T13:35:31.322,9,0,0
888,261,155.633,2026-09-27T13:38:06.955,9,0,0
888,262,155.953,2026-09-27T13:40:42.908,9,0,0
888,263,153.269,2026-09-27T13:43:16.177,9,0,0
888,264,154.87,2026-09-27T13:45:51.047,9,0,0
888,265,153.585,2026-09-27T13:48:24.632,9,0,0
888,266,162.976,2026-09-27T13:51:07.608,9,0,0
888,267,163.178,2026-09-27T13:53:50.786,9,0,0
888,268,153.758,2026-09-27T13:56:24.544,9,0,0
888,269,152.191,2026-09-27T13:58:56.735,9,0,0
888,270,152.426,2026-09-27T14:01:29.161,9,0,0
888,271,159.382,2026-09-27T14:04:08.543,9,0,0
888,272,152.155,2026-09-27T14:06:40.698,9,0,0
888,273,159.119,2026-09-27T14:09:19.817,9,0,0
888,274,359.472,2026-09-27T14:15:19.289,9,1,0
888,275,255.891,2026-09-27T14:19:35.18,10,0,0
888,276,161.397,2026-09-27T14:22:16.577,9,0,0
888,277,145.174,2026-09-27T14:24:41.751,9,0,0
888,278,149.05,2026-09-27T14:27:10.801,9,0,0
888,279,152.853,2026-09-27T14:29:43.654,9,0,0
888,280,148.706,2026-09-27T14:32:12.36,9,0,0
888,281,150.213,2026-09-27T14:34:42.573,9,0,0
888,282,216.027,2026-09-27T14:38:18.6,9,1,0
888,283,440.811,2026-09-27T14:45:39.411,10,0,0
888,284,147.0,2026-09-27T14:48:06.411,10,0,0
888,285,147.162,2026-09-27T14:50:33.573,10,0,0
888,286,143.271,2026-09-27T14:52:56.844,10,0,0
888,287,148.106,2026-09-27T14:55:24.95,10,0,0
888,288,155.819,2026-09-27T14:58:00.769,10,0,0
888,289,145.484,2026-09-27T15:00:26.253,10,0,0
888,290,154.699,2026-09-27T15:03:00.952,10,0,0
888,291,144.585,2026-09-27T15:05:25.537,9,0,0
888,292,143.505,2026-09-27T15:07:49.042,9,0,0
888,293,148.457,2026-09-27T15:10:17.499,9,0,0
888,294,143.595,2026-09-27T15:12:41.094,9,0,0
888,295,160.918,2026-09-27T15:15:22.012,9,0,0
888,296,155.957,2026-09-27T15:17:57.969,9,0,0
888,297,148.103,2026-09-27T15:20:26.072,9,0,0
888,298,152.187,2026-09-27T15:22:58.259,9,0,0
888,299,147.554,2026-09-27T15:25:25.813,9,0,0
888,300,142.981,2026-09-27T15:27:48.794,9,0,0
888,301,145.436,2026-09-27T15:30:14.23,9,0,0
213,1,174.567,2026-09-26T10:07:32.293,67,0,0
213,2,162.477,2026-09-26T10:10:14.77,64,0,0
213,3,179.948,2026-09-26T10:13:14.718,60,0,0
213,4,163.372,2026-09-26T10:15:58.09,57,0,0
213,5,191.024,2026-09-26T10:19:09.114,53,0,0
213,6,173.442,2026-09-26T10:22:02.556,49,0,0
213,7,160.19,2026-09-26T10:24:42.746,42,0,0
213,8,155.07,2026-09-26T10:27:17.816,39,0,0
213,9,165.362,2026-09-26T10:30:03.178,39,0,0
213,10,154.499,2026-09-26T10:32:37.677,38,0,0
213,11,157.751,2026-09-26T10:35:15.428,37,0,0
213,12,162.254,2026-09-26T10:37:57.682,34,0,0
213,13,166.376,2026-09-26T10:40:44.058,32,0,0
213,14,229.521,2026-09-26T10:44:33.579,44,1,0
213,15,419.593,2026-09-26T10:51:33.172,59,0,0
213,16,202.292,2026-09-26T10:54:55.464,57,1,0
213,17,543.044,2026-09-26T11:03:58.508,68,0,0
213,18,152.877,2026-09-26T11:06:31.385,68,0,0
213,19,149.455,2026-09-26T11:09:00.84,67,0,0
213,20,155.223,2026-09-26T11:11:36.063,67,0,0
213,21,152.707,2026-09-26T11:14:08.77,64,0,0
213,22,151.669,2026-09-26T11:16:40.439,62,0,0
213,23,153.269,2026-09-26T11:19:13.708,58,0,0
213,24,160.416,2026-09-26T11:21:54.124,55,0,0
213,25,149.79,2026-09-26T11:24:23.914,54,0,0
213,26,153.263,2026-09-26T11:26:57.177,52,0,0
213,27,155.913,2026-09-26T11:29:33.09,50,0,0
213,28,152.245,2026-09-26T11:32:05.335,49,0,0
213,29,173.471,2026-09-26T11:34:58.806,47,0,0
213,30,164.617,2026-09-26T11:37:43.423,45,0,0
213,31,170.219,2026-09-26T11:40:33.642,45,0,0
213,32,151.479,2026-09-26T11:43:05.121,45,0,0
213,33,148.393,2026-09-26T11:45:33.514,45,0,0
213,34,157.866,2026-09-26T11:48:11.38,44,0,0
213,35,167.049,2026-09-26T11:50:58.429,43,0,0
213,36,153.303,2026-09-26T11:53:31.732,42,0,0
213,37,150.862,2026-09-26T11:56:02.594,40,0,0
213,38,147.03,2026-09-26T11:58:29.624,37,0,0
213,39,152.822,2026-09-26T12:01:02.446,35,0,0
213,40,227.587,2026-09-26T12:04:50.033,35,1,0
213,41,655.617,2026-09-26T12:15:45.65,44,1,0
213,42,215.385,2026-09-26T12:19:21.035,46,0,0
213,43,170.62,2026-09-26T12:22:11.655,45,0,0
213,44,158.846,2026-09-26T12:24:50.501,42,0,0
213,45,166.519,2026-09-26T12:27:37.02,42,0,0
213,46,166.606,2026-09-26T12:30:23.626,42,0,0
213,47,165.984,2026-09-26T12:33:09.61,42,0,0
213,48,159.584,2026-09-26T12:35:49.194,42,0,0
213,49,167.729,2026-09-26T12:38:36.923,41,0,0
213,50,166.9,2026-09-26T12:41:23.823,40,0,0
213,51,163.146,2026-09-26T12:44:06.969,39,0,0
213,52,159.663,2026-09-26T12:46:46.632,39,0,0
213,53,163.937,2026-09-26T12:49:30.569,39,0,0
213,54,170.629,2026-09-26T12:52:21.198,38,0,0
213,55,155.731,2026-09-26T12:54:56.929,38,0,0
213,56,161.271,2026-09-26T12:57:38.2,38,0,0
213,57,165.567,2026-09-26T13:00:23.767,38,0,0
213,58,160.419,2026-09-26T13:03:04.186,38,0,0
213,59,160.266,2026-09-26T13:05:44.452,36,0,0
213,60,159.495,2026-09-26T13:08:23.947,36,0,0
213,61,164.071,2026-09-26T13:11:08.018,36,0,0
213,62,157.554,2026-09-26T13:13:45.572,35,0,0
213,63,162.679,2026-09-26T13:16:28.251,34,0,0
213,64,157.798,2026-09-26T13:19:06.049,34,0,0
213,65,153.826,2026-09-26T13:21:39.875,34,0,0
213,66,152.486,2026-09-26T13:24:12.361,34,0,0
213,67,151.102,2026-09-26T13:26:43.463,34,0,0
213,68,161.993,2026-09-26T13:29:25.456,32,0,0
213,69,156.812,2026-09-26T13:32:02.268,32,0,0
213,70,157.563,2026-09-26T13:34:39.831,31,0,0
213,71,153.155,2026-09-26T13:37:12.986,29,0,0
213,72,157.826,2026-09-26T13:39:50.812,29,0,0
213,73,161.75,2026-09-26T13:42:32.562,28,0,0
213,74,157.499,2026-09-26T13:45:10.061,26,0,0
213,75,158.539,2026-09-26T13:47:48.6,26,0,0
213,76,153.104,2026-09-26T13:50:21.704,26,0,0
213,77,151.082,2026-09-26T13:52:52.786,26,0,0
213,78,156.289,2026-09-26T13:55:29.075,26,0,0
213,79,147.556,2026-09-26T13:57:56.631,26,0,0
213,80,154.287,2026-09-26T14:00:30.918,26,0,0
213,81,153.938,2026-09-26T14:03:04.856,26,0,0
213,82,160.833,2026-09-26T14:05:45.689,24,0,0
213,83,158.048,2026-09-26T14:08:23.737,24,0,0
213,84,156.812,2026-09-26T14:11:00.549,23,0,0
213,85,163.239,2026-09-26T14:13:43.788,22,0,0
213,86,499.986,2026-09-26T14:22:03.774,25,1,0
213,87,203.777,2026-09-26T14:25:27.551,25,0,0
213,88,163.277,2026-09-26T14:28:10.828,24,0,0
213,89,155.116,2026-09-26T14:30:45.944,24,0,0
213,90,162.284,2026-09-26T14:33:28.228,24,0,0
213,91,155.426,2026-09-26T14:36:03.654,24,0,0
213,92,158.958,2026-09-26T14:38:42.612,24,0,0
213,93,158.972,2026-09-26T14:41:21.584,24,0,0
213,94,156.479,2026-09-26T14:43:58.063,24,0,0
213,95,162.266,2026-09-26T14:46:40.329,23,0,0
213,96,155.746,2026-09-26T14:49:16.075,22,0,0
213,97,170.274,2026-09-26T14:52:06.349,22,0,0
213,98,168.675,2026-09-26T14:54:55.024,22,0,0
213,99,170.559,2026-09-26T14:57:45.583,22,0,0
213,100,165.955,2026-09-26T15:00:31.538,22,0,0
213,101,172.164,2026-09-26T15:03:23.702,22,0,0
213,102,159.058,2026-09-26T15:06:02.76,22,0,0
213,103,157.943,2026-09-26T15:08:40.703,21,0,0
213,104,155.25,2026-09-26T15:11:15.953,21,0,0
213,105,179.277,2026-09-26T15:14:15.23,21,0,0
213,106,167.635,2026-09-26T15:17:02.865,21,0,0
213,107,161.914,2026-09-26T15:19:44.779,21,0,0
213,108,157.741,2026-09-26T15:22:22.52,21,0,0
213,109,161.729,2026-09-26T15:25:04.249,21,0,0
213,110,157.321,2026-09-26T15:27:41.57,20,0,0
213,111,195.747,2026-09-26T15:30:57.317,20,0,0
213,112,206.156,2026-09-26T15:34:23.473,19,0,0
213,113,159.617,2026-09-26T15:37:03.09,18,0,0
213,114,155.89,2026-09-26T15:39:38.98,18,0,0
213,115,154.86,2026-09-26T15:42:13.84,17,0,0
213,116,159.682,2026-09-26T15:44:53.522,16,0,0
213,117,152.847,2026-09-26T15:47:26.369,16,0,0
213,118,160.836,2026-09-26T15:50:07.205,16,0,0
213,119,185.897,2026-09-26T15:53:13.102,15,0,0
213,120,164.164,2026-09-26T15:55:57.266,15,0,0
213,121,280.033,2026-09-26T16:00:37.299,15,0,1
213,122,245.98,2026-09-26T16:04:43.279,15,0,1
213,123,236.092,2026-09-26T16:08:39.371,15,0,1
213,124,241.095,2026-09-26T16:12:40.466,15,0,1
213,125,268.147,2026-09-26T16:17:08.613,15,0,0
213,126,153.881,2026-09-26T16:19:42.494,15,0,0
213,127,158.11,2026-09-26T16:22:20.604,15,0,0
213,128,156.46,2026-09-26T16:24:57.064,15,0,0
213,129,155.354,2026-09-26T16:27:32.418,15,0,0
213,130,156.115,2026-09-26T16:30:08.533,15,0,0
213,131,505.28,2026-09-26T16:38:33.813,17,1,0
213,132,196.788,2026-09-26T16:41:50.601,17,0,0
213,133,164.836,2026-09-26T16:44:35.437,17,0,0
213,134,165.902,2026-09-26T16:47:21.339,18,0,0
213,135,155.515,2026-09-26T16:49:56.854,18,0,0
213,136,153.893,2026-09-26T16:52:30.747,18,0,0
213,137,152.185,2026-09-26T16:55:02.932,18,0,0
213,138,154.924,2026-09-26T16:57:37.856,18,0,0
213,139,155.973,2026-09-26T17:00:13.829,18,0,0
213,140,152.412,2026-09-26T17:02:46.241,18,0,0
213,141,160.298,2026-09-26T17:05:26.539,18,0,0
213,142,163.359,2026-09-26T17:08:09.898,18,0,0
213,143,191.568,2026-09-26T17:11:21.466,18,0,0
213,144,161.788,2026-09-26T17:14:03.254,18,0,0
213,145,165.538,2026-09-26T17:16:48.792,18,0,0
213,146,157.992,2026-09-26T17:19:26.784,18,0,0
213,147,159.085,2026-09-26T17:22:05.869,18,0,0
213,148,156.536,2026-09-26T17:24:42.405,17,0,0
213,149,157.532,2026-09-26T17:27:19.937,17,0,0
213,150,161.563,2026-09-26T17:30:01.5,17,0,0
213,151,153.792,2026-09-26T17:32:35.292,17,0,0
213,152,154.254,2026-09-26T17:35:09.546,17,0,0
213,153,152.912,2026-09-26T17:37:42.458,18,0,0
213,154,155.563,2026-09-26T17:40:18.021,18,0,0
213,155,166.773,2026-09-26T17:43:04.794,17,0,0
213,156,162.873,2026-09-26T17:45:47.667,17,0,0
213,157,172.549,2026-09-26T17:48:40.216,17,0,0
213,158,197.821,2026-09-26T17:51:58.037,16,0,1
213,159,225.416,2026-09-26T17:55:43.453,16,0,1
213,160,217.401,2026-09-26T17:59:20.854,16,0,1
213,161,230.642,2026-09-26T18:03:11.496,16,0,1
213,162,53671.529,2026-09-27T08:57:43.025,15,0,0
213,163,169.133,2026-09-27T09:00:32.158,15,0,0
213,164,172.72,2026-09-27T09:03:24.878,15,0,0
213,165,161.465,2026-09-27T09:06:06.343,15,0,0
213,166,159.853,2026-09-27T09:08:46.196,15,0,0
213,167,159.448,2026-09-27T09:11:25.644,15,0,0
213,168,162.636,2026-09-27T09:14:08.28,15,0,0
213,169,158.666,2026-09-27T09:16:46.946,15,0,0
213,170,162.229,2026-09-27T09:19:29.175,15,0,0
213,171,157.972,2026-09-27T09:22:07.147,15,0,0
213,172,162.023,2026-09-27T09:24:49.17,15,0,0
213,173,156.816,2026-09-27T09:27:25.986,15,0,0
213,174,160.376,2026-09-27T09:30:06.362,15,0,0
213,175,160.83,2026-09-27T09:32:47.192,15,0,0
213,176,157.338,2026-09-27T09:35:24.53,15,0,0
213,177,157.364,2026-09-27T09:38:01.894,15,0,0
213,178,158.804,2026-09-27T09:40:40.698,15,0,0
213,179,157.894,2026-09-27T09:43:18.592,15,0,0
213,180,156.485,2026-09-27T09:45:55.077,15,0,0
213,181,160.957,2026-09-27T09:48:36.034,15,0,0
213,182,161.796,2026-09-27T09:51:17.83,15,0,0
213,183,159.934,2026-09-27T09:53:57.764,15,0,0
213,184,154.27,2026-09-27T09:56:32.034,15,0,0
213,185,160.519,2026-09-27T09:59:12.553,15,0,0
213,186,157.057,2026-09-27T10:01:49.61,15,0,0
213,187,159.218,2026-09-27T10:04:28.828,15,0,0
213,188,156.035,2026-09-27T10:07:04.863,15,0,0
213,189,152.403,2026-09-27T10:09:37.266,15,0,0
213,190,153.141,2026-09-27T10:12:10.407,15,0,0
213,191,201.433,2026-09-27T10:15:31.84,15,1,0
213,192,401.545,2026-09-27T10:22:13.385,16,0,0
213,193,1166.869,2026-09-27T10:41:40.254,16,0,1
213,194,183.057,2026-09-27T10:44:43.311,16,0,0
213,195,160.08,2026-09-27T10:47:23.391,15,0,0
213,196,157.963,2026-09-27T10:50:01.354,15,0,0
213,197,162.102,2026-09-27T10:52:43.456,15,0,0
213,198,157.673,2026-09-27T10:55:21.129,15,0,0
213,199,163.012,2026-09-27T10:58:04.141,15,0,0
213,200,161.652,2026-09-27T11:00:45.793,15,0,0
213,201,155.177,2026-09-27T11:03:20.97,15,0,0
213,202,156.632,2026-09-27T11:05:57.602,15,0,0
213,203,177.48,2026-09-27T11:08:55.082,15,0,0
213,204,154.677,2026-09-27T11:11:29.759,15,0,0
213,205,156.355,2026-09-27T11:14:06.114,15,0,0
213,206,154.44,2026-09-27T11:16:40.554,15,0,0
213,207,157.193,2026-09-27T11:19:17.747,14,0,0
213,208,157.715,2026-09-27T11:21:55.462,14,0,0
213,209,508.936,2026-09-27T11:30:24.398,16,1,0
213,210,455.754,2026-09-27T11:38:00.152,17,0,0
213,211,155.903,2026-09-27T11:40:36.055,17,0,0
213,212,155.99,2026-09-27T11:43:12.045,16,0,0
213,213,156.959,2026-09-27T11:45:49.004,16,0,0
213,214,159.917,2026-09-27T11:48:28.921,16,0,0
213,215,159.558,2026-09-27T11:51:08.479,15,0,0
213,216,159.093,2026-09-27T11:53:47.572,15,0,0
213,217,159.696,2026-09-27T11:56:27.268,15,0,0
213,218,172.948,2026-09-27T11:59:20.216,15,0,0
213,219,161.241,2026-09-27T12:02:01.457,15,0,0
213,220,163.165,2026-09-27T12:04:44.622,15,0,0
213,221,176.445,2026-09-27T12:07:41.067,14,0,0
213,222,159.115,2026-09-27T12:10:20.182,14,0,0
213,223,161.909,2026-09-27T12:13:02.091,14,0,0
213,224,161.55,2026-09-27T12:15:43.641,14,0,0
213,225,159.378,2026-09-27T12:18:23.019,14,0,0
213,226,160.396,2026-09-27T12:21:03.415,13,0,0
213,227,160.634,2026-09-27T12:23:44.049,13,0,0
213,228,159.549,2026-09-27T12:26:23.598,13,0,0
213,229,159.395,2026-09-27T12:29:02.993,13,0,0
213,230,161.292,2026-09-27T12:31:44.285,14,0,0
213,231,162.657,2026-09-27T12:34:26.942,14,0,0
213,232,162.452,2026-09-27T12:37:09.394,14,0,0
213,233,163.815,2026-09-27T12:39:53.209,14,0,0
213,234,170.578,2026-09-27T12:42:43.787,14,0,0
213,235,174.311,2026-09-27T12:45:38.098,12,0,0
213,236,164.811,2026-09-27T12:48:22.909,12,0,0
213,237,163.704,2026-09-27T12:51:06.613,12,0,0
213,238,159.659,2026-09-27T12:53:46.272,12,0,0
213,239,160.529,2026-09-27T12:56:26.801,12,0,0
213,240,162.282,2026-09-27T12:59:09.083,12,0,0
213,241,162.216,2026-09-27T13:01:51.299,12,0,0
213,242,175.037,2026-09-27T13:04:46.336,12,0,0
213,243,164.936,2026-09-27T13:07:31.272,12,0,0
213,244,166.493,2026-09-27T13:10:17.765,12,0,0
213,245,159.826,2026-09-27T13:12:57.591,12,0,0
213,246,159.999,2026-09-27T13:15:37.59,12,0,0
213,247,158.05,2026-09-27T13:18:15.64,12,0,0
213,248,163.354,2026-09-27T13:20:58.994,12,0,0
213,249,161.207,2026-09-27T13:23:40.201,12,0,0
213,250,571.57,2026-09-27T13:33:11.771,14,1,0
213,251,188.84,2026-09-27T13:36:20.611,14,0,0
213,252,156.402,2026-09-27T13:38:57.013,13,0,0
213,253,153.333,2026-09-27T13:41:30.346,13,0,0
213,254,153.859,2026-09-27T13:44:04.205,13,0,0
213,255,153.241,2026-09-27T13:46:37.446,13,0,0
213,256,154.922,2026-09-27T13:49:12.368,13,0,0
213,257,156.933,2026-09-27T13:51:49.301,13,0,0
213,258,152.864,2026-09-27T13:54:22.165,12,0,0
213,259,154.997,2026-09-27T13:56:57.162,12,0,0
213,260,158.249,2026-09-27T13:59:35.411,12,0,0
213,261,153.29,2026-09-27T14:02:08.701,11,0,0
213,262,150.197,2026-09-27T14:04:38.898,11,0,0
213,263,151.586,2026-09-27T14:07:10.484,11,0,0
213,264,161.358,2026-09-27T14:09:51.842,11,0,0
213,265,159.276,2026-09-27T14:12:31.118,11,0,0
213,266,159.045,2026-09-27T14:15:10.163,11,0,0
213,267,157.215,2026-09-27T14:17:47.378,11,0,0
213,268,152.374,2026-09-27T14:20:19.752,11,0,0
213,269,150.878,2026-09-27T14:22:50.63,11,0,0
213,270,148.428,2026-09-27T14:25:19.058,11,0,0
213,271,150.493,2026-09-27T14:27:49.551,11,0,0
213,272,155.98,2026-09-27T14:30:25.531,12,0,0
213,273,154.559,2026-09-27T14:33:00.09,12,0,0
213,274,153.209,2026-09-27T14:35:33.299,12,0,0
213,275,155.005,2026-09-27T14:38:08.304,12,0,0
213,276,153.5,2026-09-27T14:40:41.804,12,0,0
213,277,160.797,2026-09-27T14:43:22.601,12,0,0
213,278,167.5,2026-09-27T14:46:10.101,12,0,0
213,279,154.684,2026-09-27T14:48:44.785,12,0,0
213,280,155.044,2026-09-27T14:51:19.829,12,0,0
213,281,152.356,2026-09-27T14:53:52.185,12,0,0
213,282,155.453,2026-09-27T14:56:27.638,11,0,0
213,283,152.785,2026-09-27T14:59:00.423,11,0,0
213,284,153.48,2026-09-27T15:01:33.903,11,0,0
213,285,150.113,2026-09-27T15:04:04.016,11,0,0
213,286,155.909,2026-09-27T15:06:39.925,11,0,0
213,287,150.515,2026-09-27T15:09:10.44,11,0,0
213,288,154.123,2026-09-27T15:11:44.563,11,0,0
213,289,156.976,2026-09-27T15:14:21.539,11,0,0
213,290,156.842,2026-09-27T15:16:58.381,11,0,0
213,291,154.293,2026-09-27T15:19:32.674,11,0,0
213,292,148.219,2026-09-27T15:22:00.893,11,0,0
213,293,151.128,2026-09-27T15:24:32.021,11,0,0
213,294,146.788,2026-09-27T15:26:58.809,11,0,0
213,295,150.185,2026-09-27T15:29:28.994,11,0,0
213,296,150.227,2026-09-27T15:31:59.221,11,0,0
257,1,178.977,2026-09-26T10:05:21.166,17,0,0
257,2,171.842,2026-09-26T10:08:13.008,15,0,0
257,3,159.786,2026-09-26T10:10:52.794,14,0,0
257,4,195.063,2026-09-26T10:14:07.857,13,0,0
257,5,160.459,2026-09-26T10:16:48.316,13,0,0
257,6,169.699,2026-09-26T10:19:38.015,12,0,0
257,7,163.1,2026-09-26T10:22:21.115,12,0,0
257,8,159.507,2026-09-26T10:25:00.622,13,0,0
257,9,156.514,2026-09-26T10:27:37.136,12,0,0
257,10,163.613,2026-09-26T10:30:20.749,11,0,0
257,11,171.6,2026-09-26T10:33:12.349,16,1,0
257,12,290.128,2026-09-26T10:38:02.477,35,0,0
257,13,163.654,2026-09-26T10:40:46.131,34,0,0
257,14,161.782,2026-09-26T10:43:27.913,31,0,0
257,15,157.217,2026-09-26T10:46:05.13,30,0,0
257,16,150.627,2026-09-26T10:48:35.757,27,0,0
257,17,160.57,2026-09-26T10:51:16.327,26,0,0
257,18,151.648,2026-09-26T10:53:47.975,25,0,0
257,19,162.675,2026-09-26T10:56:30.65,24,0,0
257,20,156.448,2026-09-26T10:59:07.098,24,0,0
257,21,158.249,2026-09-26T11:01:45.347,24,0,0
257,22,157.181,2026-09-26T11:04:22.528,23,0,0
257,23,148.92,2026-09-26T11:06:51.448,22,0,0
257,24,147.641,2026-09-26T11:09:19.089,22,0,0
257,25,147.271,2026-09-26T11:11:46.36,21,0,0
257,26,166.154,2026-09-26T11:14:32.514,21,0,0
257,27,152.897,2026-09-26T11:17:05.411,20,0,0
257,28,150.741,2026-09-26T11:19:36.152,20,0,0
257,29,151.125,2026-09-26T11:22:07.277,20,0,0
257,30,149.196,2026-09-26T11:24:36.473,19,0,0
257,31,154.208,2026-09-26T11:27:10.681,19,0,0
257,32,152.773,2026-09-26T11:29:43.454,19,0,0
257,33,150.634,2026-09-26T11:32:14.088,18,0,0
257,34,171.849,2026-09-26T11:35:05.937,18,0,0
257,35,169.857,2026-09-26T11:37:55.794,18,0,0
257,36,160.889,2026-09-26T11:40:36.683,18,0,0
257,37,151.913,2026-09-26T11:43:08.596,17,0,0
257,38,151.445,2026-09-26T11:45:40.041,17,0,0
257,39,150.04,2026-09-26T11:48:10.081,16,0,0
257,40,156.453,2026-09-26T11:50:46.534,15,0,0
257,41,152.67,2026-09-26T11:53:19.204,13,0,0
257,42,145.999,2026-09-26T11:55:45.203,13,0,0
257,43,144.326,2026-09-26T11:58:09.529,13,0,0
257,44,172.225,2026-09-26T12:01:01.754,13,1,0
257,45,497.074,2026-09-26T12:09:18.828,18,0,0
257,46,158.11,2026-09-26T12:11:56.938,18,0,0
257,47,161.699,2026-09-26T12:14:38.637,18,0,0
257,48,159.326,2026-09-26T12:17:17.963,18,0,0
257,49,162.89,2026-09-26T12:20:00.853,18,0,0
257,50,160.936,2026-09-26T12:22:41.789,18,0,0
257,51,152.312,2026-09-26T12:25:14.101,17,0,0
257,52,147.873,2026-09-26T12:27:41.974,17,0,0
257,53,156.339,2026-09-26T12:30:18.313,17,0,0
257,54,150.081,2026-09-26T12:32:48.394,17,0,0
257,55,158.476,2026-09-26T12:35:26.87,17,0,0
257,56,152.543,2026-09-26T12:37:59.413,16,0,0
257,57,149.238,2026-09-26T12:40:28.651,15,0,0
257,58,150.653,2026-09-26T12:42:59.304,15,0,0
257,59,155.858,2026-09-26T12:45:35.162,15,0,0
257,60,150.424,2026-09-26T12:48:05.586,15,0,0
257,61,149.068,2026-09-26T12:50:34.654,14,0,0
257,62,156.698,2026-09-26T12:53:11.352,14,0,0
257,63,152.246,2026-09-26T12:55:43.598,14,0,0
257,64,152.718,2026-09-26T12:58:16.316,14,0,0
257,65,148.274,2026-09-26T13:00:44.59,14,0,0
257,66,149.612,2026-09-26T13:03:14.202,11,0,0
257,67,157.327,2026-09-26T13:05:51.529,11,0,0
257,68,151.922,2026-09-26T13:08:23.451,11,0,0
257,69,154.699,2026-09-26T13:10:58.15,11,0,0
257,70,162.028,2026-09-26T13:13:40.178,11,0,0
257,71,154.252,2026-09-26T13:16:14.43,9,0,0
257,72,150.325,2026-09-26T13:18:44.755,9,0,0
257,73,152.293,2026-09-26T13:21:17.048,9,0,0
257,74,153.03,2026-09-26T13:23:50.078,9,0,0
257,75,152.21,2026-09-26T13:26:22.288,9,0,0
257,76,156.288,2026-09-26T13:28:58.576,10,0,0
257,77,155.786,2026-09-26T13:31:34.362,10,0,0
257,78,158.316,2026-09-26T13:34:12.678,10,0,0
257,79,154.192,2026-09-26T13:36:46.87,10,0,0
257,80,161.849,2026-09-26T13:39:28.719,10,0,0
257,81,152.208,2026-09-26T13:42:00.927,10,0,0
257,82,156.245,2026-09-26T13:44:37.172,10,0,0
257,83,151.156,2026-09-26T13:47:08.328,9,0,0
257,84,157.756,2026-09-26T13:49:46.084,9,0,0
257,85,161.332,2026-09-26T13:52:27.416,9,0,0
257,86,156.134,2026-09-26T13:55:03.55,9,0,0
257,87,151.985,2026-09-26T13:57:35.535,9,0,0
257,88,158.212,2026-09-26T14:00:13.747,9,0,0
257,89,157.396,2026-09-26T14:02:51.143,9,0,0
257,90,151.487,2026-09-26T14:05:22.63,9,0,0
257,91,171.59,2026-09-26T14:08:14.22,9,1,0
257,92,485.222,2026-09-26T14:16:19.442,12,0,0
257,93,172.903,2026-09-26T14:19:12.345,12,0,0
257,94,186.867,2026-09-26T14:22:19.212,12,0,0
257,95,192.17,2026-09-26T14:25:31.382,12,1,0
257,96,428.247,2026-09-26T14:32:39.629,13,0,0
257,97,168.834,2026-09-26T14:35:28.463,13,0,0
257,98,166.929,2026-09-26T14:38:15.392,13,0,0
257,99,163.067,2026-09-26T14:40:58.459,13,0,0
257,100,161.583,2026-09-26T14:43:40.042,13,0,0
257,101,168.161,2026-09-26T14:46:28.203,13,0,0
257,102,163.938,2026-09-26T14:49:12.141,14,0,0
257,103,171.297,2026-09-26T14:52:03.438,14,0,0
257,104,171.356,2026-09-26T14:54:54.794,14,0,0
257,105,173.677,2026-09-26T14:57:48.471,14,0,0
257,106,162.257,2026-09-26T15:00:30.728,14,0,0
257,107,166.601,2026-09-26T15:03:17.329,13,0,0
257,108,160.541,2026-09-26T15:05:57.87,13,0,0
257,109,180.359,2026-09-26T15:08:58.229,13,0,0
257,110,190.992,2026-09-26T15:12:09.221,13,1,0
257,111,1113.723,2026-09-26T15:30:42.944,19,0,0
257,112,209.64,2026-09-26T15:34:12.584,18,0,0
257,113,166.991,2026-09-26T15:36:59.575,17,0,0
257,114,154.623,2026-09-26T15:39:34.198,17,0,0
257,115,157.68,2026-09-26T15:42:11.878,16,0,0
257,116,163.866,2026-09-26T15:44:55.744,17,0,0
257,117,159.958,2026-09-26T15:47:35.702,17,0,0
257,118,161.21,2026-09-26T15:50:16.912,17,0,0
257,119,178.169,2026-09-26T15:53:15.081,16,0,0
257,120,167.231,2026-09-26T15:56:02.312,16,0,1
257,121,323.724,2026-09-26T16:01:26.036,16,0,1
257,122,220.515,2026-09-26T16:05:06.551,16,0,1
257,123,246.239,2026-09-26T16:09:12.79,16,0,1
257,124,228.922,2026-09-26T16:13:01.712,16,0,1
257,125,261.365,2026-09-26T16:17:23.077,16,0,0
257,126,175.142,2026-09-26T16:20:18.219,16,0,0
257,127,164.184,2026-09-26T16:23:02.403,16,0,0
257,128,160.055,2026-09-26T16:25:42.458,16,0,0
257,129,160.452,2026-09-26T16:28:22.91,16,0,0
257,130,160.929,2026-09-26T16:31:03.839,17,0,0
257,131,167.239,2026-09-26T16:33:51.078,16,0,0
257,132,155.645,2026-09-26T16:36:26.723,16,0,0
257,133,158.356,2026-09-26T16:39:05.079,16,0,0
257,134,158.424,2026-09-26T16:41:43.503,16,0,0
257,135,158.373,2026-09-26T16:44:21.876,16,0,0
257,136,167.034,2026-09-26T16:47:08.91,16,0,0
257,137,152.149,2026-09-26T16:49:41.059,16,0,0
257,138,152.676,2026-09-26T16:52:13.735,16,0,0
257,139,156.076,2026-09-26T16:54:49.811,16,0,0
257,140,170.628,2026-09-26T16:57:40.439,16,1,0
257,141,417.604,2026-09-26T17:04:38.043,17,0,0
257,142,165.164,2026-09-26T17:07:23.207,17,0,0
257,143,164.139,2026-09-26T17:10:07.346,17,0,0
257,144,170.707,2026-09-26T17:12:58.053,17,0,0
257,145,166.86,2026-09-26T17:15:44.913,17,0,0
257,146,163.754,2026-09-26T17:18:28.667,17,0,0
257,147,165.474,2026-09-26T17:21:14.141,17,0,0
257,148,169.332,2026-09-26T17:24:03.473,16,0,0
257,149,157.864,2026-09-26T17:26:41.337,16,0,0
257,150,160.995,2026-09-26T17:29:22.332,16,0,0
257,151,166.494,2026-09-26T17:32:08.826,16,0,0
257,152,161.326,2026-09-26T17:34:50.152,16,0,0
257,153,161.53,2026-09-26T17:37:31.682,16,0,0
257,154,158.852,2026-09-26T17:40:10.534,16,0,0
257,155,158.898,2026-09-26T17:42:49.432,16,0,0
257,156,165.827,2026-09-26T17:45:35.259,16,0,0
257,157,181.896,2026-09-26T17:48:37.155,16,0,0
257,158,266.571,2026-09-26T17:53:03.726,18,1,1
257,159,54289.052,2026-09-27T08:57:52.778,21,0,0
257,160,163.486,2026-09-27T09:00:36.264,20,0,0
257,161,167.514,2026-09-27T09:03:23.778,20,0,0
257,162,154.41,2026-09-27T09:05:58.188,20,0,0
257,163,156.757,2026-09-27T09:08:34.945,20,0,0
257,164,147.064,2026-09-27T09:11:02.009,19,0,0
257,165,153.436,2026-09-27T09:13:35.445,19,0,0
257,166,146.7,2026-09-27T09:16:02.145,19,0,0
257,167,153.056,2026-09-27T09:18:35.201,19,0,0
257,168,157.155,2026-09-27T09:21:12.356,19,0,0
257,169,173.642,2026-09-27T09:24:05.998,19,0,0
257,170,149.933,2026-09-27T09:26:35.931,19,0,0
257,171,147.527,2026-09-27T09:29:03.458,19,0,0
257,172,147.3,2026-09-27T09:31:30.758,19,0,0
257,173,150.535,2026-09-27T09:34:01.293,19,0,0
257,174,147.4,2026-09-27T09:36:28.693,18,0,0
257,175,143.054,2026-09-27T09:38:51.747,18,0,0
257,176,151.242,2026-09-27T09:41:22.989,18,0,0
257,177,164.764,2026-09-27T09:44:07.753,18,0,0
257,178,163.925,2026-09-27T09:46:51.678,18,0,0
257,179,172.89,2026-09-27T09:49:44.568,17,0,0
257,180,146.337,2026-09-27T09:52:10.905,17,0,0
257,181,148.044,2026-09-27T09:54:38.949,17,0,0
257,182,145.046,2026-09-27T09:57:03.995,17,0,0
257,183,150.017,2026-09-27T09:59:34.012,17,0,0
257,184,144.087,2026-09-27T10:01:58.099,17,0,0
257,185,146.451,2026-09-27T10:04:24.55,17,0,0
257,186,166.666,2026-09-27T10:07:11.216,17,1,0
257,187,329.186,2026-09-27T10:12:40.402,17,0,0
257,188,142.68,2026-09-27T10:15:03.082,17,0,0
257,189,146.125,2026-09-27T10:17:29.207,17,0,0
257,190,149.708,2026-09-27T10:19:58.915,17,0,0
257,191,142.423,2026-09-27T10:22:21.338,17,0,0
257,192,1169.811,2026-09-27T10:41:51.149,17,0,1
257,193,189.076,2026-09-27T10:45:00.225,17,0,0
257,194,143.634,2026-09-27T10:47:23.859,17,0,0
257,195,141.985,2026-09-27T10:49:45.844,16,0,0
257,196,335.285,2026-09-27T10:55:21.129,16,1,0
257,197,199.11,2026-09-27T10:58:40.239,16,0,0
257,198,158.435,2026-09-27T11:01:18.674,16,0,0
257,199,157.257,2026-09-27T11:03:55.931,16,0,0
257,200,169.502,2026-09-27T11:06:45.433,16,0,0
257,201,161.799,2026-09-27T11:09:27.232,16,0,0
257,202,153.445,2026-09-27T11:12:00.677,16,0,0
257,203,150.807,2026-09-27T11:14:31.484,16,0,0
257,204,154.089,2026-09-27T11:17:05.573,16,0,0
257,205,156.361,2026-09-27T11:19:41.934,16,0,0
257,206,158.678,2026-09-27T11:22:20.612,16,0,0
257,207,153.546,2026-09-27T11:24:54.158,16,0,0
257,208,154.283,2026-09-27T11:27:28.441,16,0,0
257,209,152.867,2026-09-27T11:30:01.308,15,0,0
257,210,150.268,2026-09-27T11:32:31.576,15,0,0
257,211,163.595,2026-09-27T11:35:15.171,15,0,0
257,212,157.442,2026-09-27T11:37:52.613,14,0,0
257,213,150.976,2026-09-27T11:40:23.589,14,0,0
257,214,158.305,2026-09-27T11:43:01.894,14,0,0
257,215,150.699,2026-09-27T11:45:32.593,13,0,0
257,216,156.939,2026-09-27T11:48:09.532,13,0,0
257,217,156.688,2026-09-27T11:50:46.22,13,0,0
257,218,153.306,2026-09-27T11:53:19.526,13,0,0
257,219,151.062,2026-09-27T11:55:50.588,13,0,0
257,220,223.28,2026-09-27T11:59:33.868,13,1,0
257,221,528.488,2026-09-27T12:08:22.356,15,0,0
257,222,160.559,2026-09-27T12:11:02.915,15,0,0
257,223,154.854,2026-09-27T12:13:37.769,15,0,0
257,224,155.755,2026-09-27T12:16:13.524,15,0,0
257,225,159.99,2026-09-27T12:18:53.514,15,0,0
257,226,153.597,2026-09-27T12:21:27.111,14,0,0
257,227,150.282,2026-09-27T12:23:57.393,14,0,0
257,228,152.218,2026-09-27T12:26:29.611,14,0,0
257,229,154.017,2026-09-27T12:29:03.628,14,0,0
257,230,154.125,2026-09-27T12:31:37.753,13,0,0
257,231,155.153,2026-09-27T12:34:12.906,13,0,0
257,232,158.37,2026-09-27T12:36:51.276,13,0,0
257,233,148.662,2026-09-27T12:39:19.938,13,0,0
257,234,153.192,2026-09-27T12:41:53.13,13,0,0
257,235,393.957,2026-09-27T12:48:27.087,13,1,0
257,236,209.46,2026-09-27T12:51:56.547,14,0,0
257,237,168.92,2026-09-27T12:54:45.467,14,0,0
257,238,170.545,2026-09-27T12:57:36.012,14,0,0
257,239,171.652,2026-09-27T13:00:27.664,14,0,0
257,240,168.028,2026-09-27T13:03:15.692,14,0,0
257,241,171.371,2026-09-27T13:06:07.063,14,0,0
257,242,162.588,2026-09-27T13:08:49.651,14,0,0
257,243,164.196,2026-09-27T13:11:33.847,14,0,0
257,244,163.259,2026-09-27T13:14:17.106,14,0,0
257,245,161.28,2026-09-27T13:16:58.386,14,0,0
257,246,164.335,2026-09-27T13:19:42.721,14,0,0
257,247,158.696,2026-09-27T13:22:21.417,14,0,0
257,248,163.451,2026-09-27T13:25:04.868,14,0,0
257,249,159.853,2026-09-27T13:27:44.721,14,0,0
257,250,155.721,2026-09-27T13:30:20.442,13,0,0
257,251,160.056,2026-09-27T13:33:00.498,13,0,0
257,252,362.656,2026-09-27T13:39:03.154,14,1,0
257,253,181.177,2026-09-27T13:42:04.331,14,0,0
257,254,148.278,2026-09-27T13:44:32.609,14,0,0
257,255,155.002,2026-09-27T13:47:07.611,14,0,0
257,256,154.729,2026-09-27T13:49:42.34,14,0,0
257,257,147.765,2026-09-27T13:52:10.105,14,0,0
257,258,160.187,2026-09-27T13:54:50.292,13,0,0
257,259,155.794,2026-09-27T13:57:26.086,13,0,0
257,260,150.967,2026-09-27T13:59:57.053,13,0,0
257,261,151.625,2026-09-27T14:02:28.678,12,0,0
257,262,147.303,2026-09-27T14:04:55.981,12,0,0
257,263,151.892,2026-09-27T14:07:27.873,12,0,0
257,264,149.56,2026-09-27T14:09:57.433,12,0,0
257,265,158.361,2026-09-27T14:12:35.794,12,0,0
257,266,156.242,2026-09-27T14:15:12.036,12,0,0
257,267,157.275,2026-09-27T14:17:49.311,12,0,0
257,268,151.123,2026-09-27T14:20:20.434,12,0,0
257,269,151.508,2026-09-27T14:22:51.942,12,0,0
257,270,152.057,2026-09-27T14:25:23.999,12,0,0
257,271,146.483,2026-09-27T14:27:50.482,12,0,0
257,272,154.093,2026-09-27T14:30:24.575,11,0,0
257,273,151.638,2026-09-27T14:32:56.213,11,0,0
257,274,152.225,2026-09-27T14:35:28.438,11,0,0
257,275,153.561,2026-09-27T14:38:01.999,11,0,0
257,276,152.122,2026-09-27T14:40:34.121,11,0,0
257,277,145.83,2026-09-27T14:42:59.951,11,0,0
257,278,146.262,2026-09-27T14:45:26.213,11,0,0
257,279,145.518,2026-09-27T14:47:51.731,11,0,0
257,280,144.234,2026-09-27T14:50:15.965,11,0,0
257,281,161.292,2026-09-27T14:52:57.257,11,1,0
257,282,311.569,2026-09-27T14:58:08.826,12,0,0
257,283,154.995,2026-09-27T15:00:43.821,12,0,0
257,284,147.749,2026-09-27T15:03:11.57,12,0,0
257,285,153.783,2026-09-27T15:05:45.353,12,0,0
257,286,146.412,2026-09-27T15:08:11.765,12,0,0
257,287,148.641,2026-09-27T15:10:40.406,12,0,0
257,288,155.328,2026-09-27T15:13:15.734,12,0,0
257,289,151.923,2026-09-27T15:15:47.657,12,0,0
257,290,156.222,2026-09-27T15:18:23.879,12,0,0
257,291,149.28,2026-09-27T15:20:53.159,12,0,0
257,292,151.22,2026-09-27T15:23:24.379,12,0,0
257,293,157.618,2026-09-27T15:26:01.997,12,0,0
257,294,157.934,2026-09-27T15:28:39.931,12,0,0
257,295,150.003,2026-09-27T15:31:09.934,12,0,0
989,1,175.101,2026-09-26T10:07:33.158,69,0,0
989,2,165.326,2026-09-26T10:10:18.484,66,0,0
989,3,177.936,2026-09-26T10:13:16.42,62,0,0
989,4,165.994,2026-09-26T10:16:02.414,59,0,0
989,5,189.174,2026-09-26T10:19:11.588,56,0,0
989,6,176.698,2026-09-26T10:22:08.286,53,0,0
989,7,161.251,2026-09-26T10:24:49.537,49,0,0
989,8,162.088,2026-09-26T10:27:31.625,45,0,0
989,9,162.697,2026-09-26T10:30:14.322,44,0,0
989,10,154.025,2026-09-26T10:32:48.347,40,0,0
989,11,153.894,2026-09-26T10:35:22.241,38,0,0
989,12,161.294,2026-09-26T10:38:03.535,36,0,0
989,13,172.291,2026-09-26T10:40:55.826,36,0,0
989,14,167.538,2026-09-26T10:43:43.364,34,0,0
989,15,157.388,2026-09-26T10:46:20.752,32,0,0
989,16,161.966,2026-09-26T10:49:02.718,31,0,0
989,17,151.481,2026-09-26T10:51:34.199,28,0,0
989,18,165.894,2026-09-26T10:54:20.093,27,0,0
989,19,155.224,2026-09-26T10:56:55.317,27,0,0
989,20,154.294,2026-09-26T10:59:29.611,27,0,0
989,21,163.583,2026-09-26T11:02:13.194,26,0,0
989,22,155.758,2026-09-26T11:04:48.952,26,0,0
989,23,159.937,2026-09-26T11:07:28.889,26,0,0
989,24,154.084,2026-09-26T11:10:02.973,25,0,0
989,25,151.824,2026-09-26T11:12:34.797,23,0,0
989,26,154.956,2026-09-26T11:15:09.753,23,0,0
989,27,165.32,2026-09-26T11:17:55.073,22,0,0
989,28,158.094,2026-09-26T11:20:33.167,22,0,0
989,29,165.32,2026-09-26T11:23:18.487,22,0,0
989,30,152.947,2026-09-26T11:25:51.434,22,0,0
989,31,158.14,2026-09-26T11:28:29.574,22,0,0
989,32,156.928,2026-09-26T11:31:06.502,22,0,0
989,33,155.648,2026-09-26T11:33:42.15,22,0,0
989,34,159.796,2026-09-26T11:36:21.946,21,0,0
989,35,172.609,2026-09-26T11:39:14.555,20,0,0
989,36,154.615,2026-09-26T11:41:49.17,20,0,0
989,37,168.715,2026-09-26T11:44:37.885,20,0,0
989,38,166.456,2026-09-26T11:47:24.341,19,0,0
989,39,150.86,2026-09-26T11:49:55.201,18,0,0
989,40,152.053,2026-09-26T11:52:27.254,17,0,0
989,41,153.019,2026-09-26T11:55:00.273,15,0,0
989,42,151.259,2026-09-26T11:57:31.532,15,0,0
989,43,151.22,2026-09-26T12:00:02.752,15,0,0
989,44,149.506,2026-09-26T12:02:32.258,15,0,0
989,45,155.988,2026-09-26T12:05:08.246,13,0,0
989,46,153.455,2026-09-26T12:07:41.701,13,0,0
989,47,154.725,2026-09-26T12:10:16.426,12,0,0
989,48,152.678,2026-09-26T12:12:49.104,11,0,0
989,49,153.848,2026-09-26T12:15:22.952,11,0,0
989,50,155.597,2026-09-26T12:17:58.549,10,0,0
989,51,175.285,2026-09-26T12:20:53.834,10,0,0
989,52,166.282,2026-09-26T12:23:40.116,10,0,0
989,53,155.629,2026-09-26T12:26:15.745,8,0,0
989,54,157.054,2026-09-26T12:28:52.799,8,0,0
989,55,157.207,2026-09-26T12:31:30.006,8,0,0
989,56,153.741,2026-09-26T12:34:03.747,8,0,0
989,57,150.156,2026-09-26T12:36:33.903,8,0,0
989,58,158.734,2026-09-26T12:39:12.637,8,0,0
989,59,160.501,2026-09-26T12:41:53.138,8,0,0
989,60,152.177,2026-09-26T12:44:25.315,8,0,0
989,61,157.808,2026-09-26T12:47:03.123,7,0,0
989,62,151.339,2026-09-26T12:49:34.462,7,0,0
989,63,166.207,2026-09-26T12:52:20.669,7,0,0
989,64,154.458,2026-09-26T12:54:55.127,7,0,0
989,65,172.386,2026-09-26T12:57:47.513,7,1,0
989,66,486.721,2026-09-26T13:05:54.234,16,0,0
989,67,164.56,2026-09-26T13:08:38.794,15,0,0
989,68,161.645,2026-09-26T13:11:20.439,15,0,0
989,69,796.57,2026-09-26T13:24:37.009,27,0,0
989,70,160.965,2026-09-26T13:27:17.974,27,0,0
989,71,161.703,2026-09-26T13:29:59.677,26,0,0
989,72,163.346,2026-09-26T13:32:43.023,26,0,0
989,73,161.488,2026-09-26T13:35:24.511,25,0,0
989,74,163.112,2026-09-26T13:38:07.623,23,0,0
989,75,161.064,2026-09-26T13:40:48.687,23,0,0
989,76,164.877,2026-09-26T13:43:33.564,23,0,0
989,77,172.999,2026-09-26T13:46:26.563,23,0,0
989,78,171.244,2026-09-26T13:49:17.807,23,0,0
989,79,170.647,2026-09-26T13:52:08.454,23,0,0
989,80,161.794,2026-09-26T13:54:50.248,23,0,0
989,81,160.785,2026-09-26T13:57:31.033,22,0,0
989,82,157.387,2026-09-26T14:00:08.42,22,0,0
989,83,164.784,2026-09-26T14:02:53.204,21,0,0
989,84,156.975,2026-09-26T14:05:30.179,19,0,0
989,85,157.716,2026-09-26T14:08:07.895,19,0,0
989,86,159.351,2026-09-26T14:10:47.246,19,0,0
989,87,167.802,2026-09-26T14:13:35.048,19,0,0
989,88,162.345,2026-09-26T14:16:17.393,19,0,0
989,89,156.856,2026-09-26T14:18:54.249,19,0,0
989,90,161.199,2026-09-26T14:21:35.448,19,0,0
989,91,165.092,2026-09-26T14:24:20.54,19,0,0
989,92,158.429,2026-09-26T14:26:58.969,19,0,0
989,93,158.189,2026-09-26T14:29:37.158,19,0,0
989,94,156.546,2026-09-26T14:32:13.704,19,0,0
989,95,157.115,2026-09-26T14:34:50.819,19,0,0
989,96,162.01,2026-09-26T14:37:32.829,19,0,0
989,97,156.483,2026-09-26T14:40:09.312,19,0,0
989,98,169.552,2026-09-26T14:42:58.864,19,0,0
989,99,163.179,2026-09-26T14:45:42.043,19,0,0
989,100,167.188,2026-09-26T14:48:29.231,19,0,0
989,101,172.271,2026-09-26T14:51:21.502,19,0,0
989,102,165.972,2026-09-26T14:54:07.474,19,0,0
989,103,198.925,2026-09-26T14:57:26.399,19,0,0
989,104,172.709,2026-09-26T15:00:19.108,19,0,0
989,105,161.476,2026-09-26T15:03:00.584,19,0,0
989,106,162.615,2026-09-26T15:05:43.199,19,0,0
989,107,163.198,2026-09-26T15:08:26.397,19,0,0
989,108,158.341,2026-09-26T15:11:04.738,19,0,0
989,109,184.68,2026-09-26T15:14:09.418,19,0,0
989,110,157.344,2026-09-26T15:16:46.762,19,0,0
989,111,176.586,2026-09-26T15:19:43.348,17,0,0
989,112,157.016,2026-09-26T15:22:20.364,16,0,0
989,113,167.769,2026-09-26T15:25:08.133,16,0,0
989,114,641.476,2026-09-26T15:35:49.609,16,0,0
989,115,162.46,2026-09-26T15:38:32.069,15,0,0
989,116,158.267,2026-09-26T15:41:10.336,15,0,0
989,117,158.589,2026-09-26T15:43:48.925,15,0,0
989,118,162.149,2026-09-26T15:46:31.074,15,0,0
989,119,174.908,2026-09-26T15:49:25.982,14,0,0
989,120,173.359,2026-09-26T15:52:19.341,14,0,0
989,121,175.864,2026-09-26T15:55:15.205,14,0,0
989,122,291.963,2026-09-26T16:00:07.168,14,1,1
989,123,463.523,2026-09-26T16:07:50.691,14,0,1
989,124,231.571,2026-09-26T16:11:42.262,14,0,1
989,125,250.964,2026-09-26T16:15:53.226,14,0,1
989,126,188.842,2026-09-26T16:19:02.068,14,0,0
989,127,160.223,2026-09-26T16:21:42.291,14,0,0
989,128,161.368,2026-09-26T16:24:23.659,14,0,0
989,129,160.279,2026-09-26T16:27:03.938,14,0,0
989,130,159.833,2026-09-26T16:29:43.771,14,0,0
989,131,158.272,2026-09-26T16:32:22.043,14,0,0
989,132,155.598,2026-09-26T16:34:57.641,14,0,0
989,133,157.727,2026-09-26T16:37:35.368,14,0,0
989,134,157.104,2026-09-26T16:40:12.472,14,0,0
989,135,154.503,2026-09-26T16:42:46.975,14,0,0
989,136,174.281,2026-09-26T16:45:41.256,14,0,0
989,137,160.26,2026-09-26T16:48:21.516,14,0,0
989,138,153.948,2026-09-26T16:50:55.464,14,0,0
989,139,158.471,2026-09-26T16:53:33.935,14,0,0
989,140,154.091,2026-09-26T16:56:08.026,14,0,0
989,141,154.963,2026-09-26T16:58:42.989,14,0,0
989,142,153.879,2026-09-26T17:01:16.868,14,0,0
989,143,156.175,2026-09-26T17:03:53.043,14,0,0
989,144,155.557,2026-09-26T17:06:28.6,14,0,0
989,145,168.466,2026-09-26T17:09:17.066,14,0,0
989,146,168.269,2026-09-26T17:12:05.335,14,0,0
989,147,170.255,2026-09-26T17:14:55.59,14,0,0
989,148,173.149,2026-09-26T17:17:48.739,14,0,0
989,149,166.719,2026-09-26T17:20:35.458,14,0,0
989,150,158.0,2026-09-26T17:23:13.458,14,0,0
989,151,164.502,2026-09-26T17:25:57.96,14,0,0
989,152,163.848,2026-09-26T17:28:41.808,14,0,0
989,153,158.297,2026-09-26T17:31:20.105,14,0,0
989,154,158.994,2026-09-26T17:33:59.099,14,0,0
989,155,162.601,2026-09-26T17:36:41.7,14,0,0
989,156,161.942,2026-09-26T17:39:23.642,14,0,0
989,157,159.784,2026-09-26T17:42:03.426,14,0,0
989,158,169.655,2026-09-26T17:44:53.081,14,0,0
989,159,163.089,2026-09-26T17:47:36.17,14,0,0
989,160,167.24,2026-09-26T17:50:23.41,14,0,1
989,161,197.165,2026-09-26T17:53:40.575,14,0,1
989,162,221.615,2026-09-26T17:57:22.19,13,0,1
989,163,301.146,2026-09-26T18:02:23.336,13,0,1
989,164,53731.251,2026-09-27T08:57:54.587,14,0,0
989,165,163.867,2026-09-27T09:00:38.454,14,0,0
989,166,179.762,2026-09-27T09:03:38.216,14,0,0
989,167,158.045,2026-09-27T09:06:16.261,14,0,0
989,168,164.63,2026-09-27T09:09:00.891,14,0,0
989,169,156.673,2026-09-27T09:11:37.564,14,0,0
989,170,159.466,2026-09-27T09:14:17.03,14,0,0
989,171,154.905,2026-09-27T09:16:51.935,14,0,0
989,172,159.657,2026-09-27T09:19:31.592,14,0,0
989,173,160.736,2026-09-27T09:22:12.328,13,0,0
989,174,157.856,2026-09-27T09:24:50.184,13,0,0
989,175,157.649,2026-09-27T09:27:27.833,13,0,0
989,176,161.071,2026-09-27T09:30:08.904,13,0,0
989,177,182.237,2026-09-27T09:33:11.141,14,0,0
989,178,169.396,2026-09-27T09:36:00.537,14,1,0
989,179,323.743,2026-09-27T09:41:24.28,14,0,0
989,180,164.778,2026-09-27T09:44:09.058,14,0,0
989,181,164.735,2026-09-27T09:46:53.793,14,0,0
989,182,173.582,2026-09-27T09:49:47.375,14,0,0
989,183,160.828,2026-09-27T09:52:28.203,14,0,0
989,184,156.378,2026-09-27T09:55:04.581,14,0,0
989,185,154.616,2026-09-27T09:57:39.197,14,0,0
989,186,153.739,2026-09-27T10:00:12.936,14,0,0
989,187,155.252,2026-09-27T10:02:48.188,14,0,0
989,188,159.32,2026-09-27T10:05:27.508,14,0,0
989,189,157.937,2026-09-27T10:08:05.445,14,0,0
989,190,154.94,2026-09-27T10:10:40.385,14,0,0
989,191,156.558,2026-09-27T10:13:16.943,14,0,0
989,192,159.36,2026-09-27T10:15:56.303,14,0,0
989,193,153.576,2026-09-27T10:18:29.879,14,0,0
989,194,157.499,2026-09-27T10:21:07.378,14,0,0
989,195,154.965,2026-09-27T10:23:42.343,13,0,0
989,196,1197.125,2026-09-27T10:43:39.468,13,0,0
989,197,158.17,2026-09-27T10:46:17.638,13,0,0
989,198,156.427,2026-09-27T10:48:54.065,13,0,0
989,199,162.997,2026-09-27T10:51:37.062,13,0,0
989,200,160.05,2026-09-27T10:54:17.112,12,0,0
989,201,155.315,2026-09-27T10:56:52.427,12,0,0
989,202,157.063,2026-09-27T10:59:29.49,12,0,0
989,203,154.529,2026-09-27T11:02:04.019,12,0,0
989,204,154.913,2026-09-27T11:04:38.932,12,0,0
989,205,156.28,2026-09-27T11:07:15.212,12,0,0
989,206,162.22,2026-09-27T11:09:57.432,12,0,0
989,207,165.662,2026-09-27T11:12:43.094,12,0,0
989,208,382.061,2026-09-27T11:19:05.155,12,1,0
989,209,192.005,2026-09-27T11:22:17.16,12,0,0
989,210,155.632,2026-09-27T11:24:52.792,12,0,0
989,211,154.169,2026-09-27T11:27:26.961,12,0,0
989,212,151.548,2026-09-27T11:29:58.509,11,0,0
989,213,151.504,2026-09-27T11:32:30.013,11,0,0
989,214,164.356,2026-09-27T11:35:14.369,11,0,0
989,215,155.889,2026-09-27T11:37:50.258,11,0,0
989,216,152.082,2026-09-27T11:40:22.34,11,0,0
989,217,158.549,2026-09-27T11:43:00.889,11,0,0
989,218,150.769,2026-09-27T11:45:31.658,11,0,0
989,219,156.919,2026-09-27T11:48:08.577,11,0,0
989,220,154.159,2026-09-27T11:50:42.736,11,0,0
989,221,151.596,2026-09-27T11:53:14.332,11,0,0
989,222,155.042,2026-09-27T11:55:49.374,11,0,0
989,223,157.781,2026-09-27T11:58:27.155,11,0,0
989,224,154.23,2026-09-27T12:01:01.385,11,0,0
989,225,159.279,2026-09-27T12:03:40.664,11,0,0
989,226,155.07,2026-09-27T12:06:15.734,11,0,0
989,227,161.958,2026-09-27T12:08:57.692,11,0,0
989,228,152.98,2026-09-27T12:11:30.672,11,0,0
989,229,154.328,2026-09-27T12:14:05,11,0,0
989,230,150.921,2026-09-27T12:16:35.921,11,0,0
989,231,152.223,2026-09-27T12:19:08.144,11,0,0
989,232,163.109,2026-09-27T12:21:51.253,11,0,0
989,233,154.861,2026-09-27T12:24:26.114,11,0,0
989,234,158.866,2026-09-27T12:27:04.98,11,0,0
989,235,160.233,2026-09-27T12:29:45.213,11,0,0
989,236,151.806,2026-09-27T12:32:17.019,11,0,0
989,237,157.439,2026-09-27T12:34:54.458,11,0,0
989,238,157.078,2026-09-27T12:37:31.536,11,0,0
989,239,151.702,2026-09-27T12:40:03.238,11,0,0
989,240,160.961,2026-09-27T12:42:44.199,11,0,0
989,241,162.456,2026-09-27T12:45:26.655,11,0,0
989,242,158.644,2026-09-27T12:48:05.299,11,0,0
989,243,152.239,2026-09-27T12:50:37.538,11,0,0
989,244,153.656,2026-09-27T12:53:11.194,11,0,0
989,245,152.525,2026-09-27T12:55:43.719,11,0,0
989,246,158.421,2026-09-27T12:58:22.14,11,0,0
989,247,150.298,2026-09-27T13:00:52.438,11,0,0
989,248,150.581,2026-09-27T13:03:23.019,11,0,0
989,249,154.159,2026-09-27T13:05:57.178,11,0,0
989,250,156.591,2026-09-27T13:08:33.769,11,0,0
989,251,155.634,2026-09-27T13:11:09.403,11,0,0
989,252,151.031,2026-09-27T13:13:40.434,11,0,0
989,253,149.843,2026-09-27T13:16:10.277,11,0,0
989,254,154.936,2026-09-27T13:18:45.213,11,0,0
989,255,414.035,2026-09-27T13:25:39.248,11,1,0
989,256,204.514,2026-09-27T13:29:03.762,11,0,0
989,257,159.514,2026-09-27T13:31:43.276,11,0,0
989,258,156.808,2026-09-27T13:34:20.084,10,0,0
989,259,164.027,2026-09-27T13:37:04.111,10,0,0
989,260,163.44,2026-09-27T13:39:47.551,10,0,0
989,261,158.327,2026-09-27T13:42:25.878,10,0,0
989,262,158.581,2026-09-27T13:45:04.459,10,0,0
989,263,156.477,2026-09-27T13:47:40.936,10,0,0
989,264,157.026,2026-09-27T13:50:17.962,10,0,0
989,265,155.356,2026-09-27T13:52:53.318,10,0,0
989,266,161.714,2026-09-27T13:55:35.032,10,0,0
989,267,156.935,2026-09-27T13:58:11.967,10,0,0
989,268,157.015,2026-09-27T14:00:48.982,10,0,0
989,269,162.144,2026-09-27T14:03:31.126,10,0,0
989,270,162.265,2026-09-27T14:06:13.391,10,0,0
989,271,163.498,2026-09-27T14:08:56.889,10,0,0
989,272,158.672,2026-09-27T14:11:35.561,10,0,0
989,273,158.45,2026-09-27T14:14:14.011,10,0,0
989,274,155.651,2026-09-27T14:16:49.662,10,0,0
989,275,162.904,2026-09-27T14:19:32.566,9,0,0
989,276,169.563,2026-09-27T14:22:22.129,10,0,0
989,277,162.169,2026-09-27T14:25:04.298,10,0,0
989,278,158.623,2026-09-27T14:27:42.921,10,0,0
989,279,162.764,2026-09-27T14:30:25.685,10,0,0
989,280,162.653,2026-09-27T14:33:08.338,10,0,0
989,281,155.609,2026-09-27T14:35:43.947,10,0,0
989,282,161.271,2026-09-27T14:38:25.218,10,0,0
989,283,157.598,2026-09-27T14:41:02.816,9,0,0
989,284,159.332,2026-09-27T14:43:42.148,9,0,0
989,285,157.101,2026-09-27T14:46:19.249,9,0,0
989,286,157.271,2026-09-27T14:48:56.52,9,0,0
989,287,183.19,2026-09-27T14:51:59.71,9,1,0
989,288,332.498,2026-09-27T14:57:32.208,9,0,0
989,289,159.451,2026-09-27T15:00:11.659,9,0,0
989,290,159.799,2026-09-27T15:02:51.458,9,0,0
989,291,155.241,2026-09-27T15:05:26.699,10,0,0
989,292,154.655,2026-09-27T15:08:01.354,10,0,0
989,293,158.159,2026-09-27T15:10:39.513,10,0,0
989,294,162.243,2026-09-27T15:13:21.756,10,0,0
989,295,158.152,2026-09-27T15:15:59.908,10,0,0
989,296,159.27,2026-09-27T15:18:39.178,10,0,0
989,297,155.18,2026-09-27T15:21:14.358,10,0,0
989,298,157.849,2026-09-27T15:23:52.207,10,0,0
989,299,158.804,2026-09-27T15:26:31.011,10,0,0
989,300,155.834,2026-09-27T15:29:06.845,10,0,0
989,301,156.843,2026-09-27T15:31:43.688,10,0,0
121,1,183.033,2026-09-26T10:07:35.728,70,0,0
121,2,168.804,2026-09-26T10:10:24.532,71,0,0
121,3,182.63,2026-09-26T10:13:27.162,68,0,0
121,4,172.492,2026-09-26T10:16:19.654,65,0,0
121,5,191.99,2026-09-26T10:19:31.644,63,0,0
121,6,174.725,2026-09-26T10:22:26.369,62,0,0
121,7,160.356,2026-09-26T10:25:06.725,60,0,0
121,8,166.115,2026-09-26T10:27:52.84,53,0,0
121,9,166.682,2026-09-26T10:30:39.522,51,0,0
121,10,167.099,2026-09-26T10:33:26.621,51,0,0
121,11,168.45,2026-09-26T10:36:15.071,50,0,0
121,12,168.183,2026-09-26T10:39:03.254,47,0,0
121,13,175.916,2026-09-26T10:41:59.17,47,0,0
121,14,171.834,2026-09-26T10:44:51.004,47,0,0
121,15,164.226,2026-09-26T10:47:35.23,44,0,0
121,16,158.502,2026-09-26T10:50:13.732,42,0,0
121,17,162.109,2026-09-26T10:52:55.841,41,0,0
121,18,164.516,2026-09-26T10:55:40.357,41,0,0
121,19,164.063,2026-09-26T10:58:24.42,38,0,0
121,20,173.69,2026-09-26T11:01:18.11,38,0,0
121,21,166.541,2026-09-26T11:04:04.651,37,0,0
121,22,161.288,2026-09-26T11:06:45.939,36,0,0
121,23,157.759,2026-09-26T11:09:23.698,35,0,0
121,24,156.213,2026-09-26T11:11:59.911,33,0,0
121,25,162.351,2026-09-26T11:14:42.262,32,0,0
121,26,160.288,2026-09-26T11:17:22.55,32,0,0
121,27,163.2,2026-09-26T11:20:05.75,30,0,0
121,28,163.44,2026-09-26T11:22:49.19,29,0,0
121,29,160.801,2026-09-26T11:25:29.991,28,0,0
121,30,153.964,2026-09-26T11:28:03.955,28,0,0
121,31,160.573,2026-09-26T11:30:44.528,28,0,0
121,32,156.143,2026-09-26T11:33:20.671,29,0,0
121,33,158.516,2026-09-26T11:35:59.187,30,0,0
121,34,161.772,2026-09-26T11:38:40.959,28,0,0
121,35,632.147,2026-09-26T11:49:13.106,40,1,0
121,36,160.92,2026-09-26T11:51:54.026,38,0,0
121,37,158.167,2026-09-26T11:54:32.193,38,0,0
121,38,163.227,2026-09-26T11:57:15.42,35,0,0
121,39,158.773,2026-09-26T11:59:54.193,33,0,0
121,40,155.283,2026-09-26T12:02:29.476,32,0,0
121,41,162.315,2026-09-26T12:05:11.791,30,0,0
121,42,156.735,2026-09-26T12:07:48.526,28,0,0
121,43,164.197,2026-09-26T12:10:32.723,28,0,0
121,44,162.796,2026-09-26T12:13:15.519,27,0,0
121,45,159.349,2026-09-26T12:15:54.868,28,0,0
121,46,166.732,2026-09-26T12:18:41.6,27,0,0
121,47,168.205,2026-09-26T12:21:29.805,27,0,0
121,48,615.002,2026-09-26T12:31:44.807,35,1,0
121,49,216.992,2026-09-26T12:35:21.799,37,0,0
121,50,175.536,2026-09-26T12:38:17.335,37,0,0
121,51,169.41,2026-09-26T12:41:06.745,36,0,0
121,52,169.45,2026-09-26T12:43:56.195,36,0,0
121,53,167.716,2026-09-26T12:46:43.911,36,0,0
121,54,167.188,2026-09-26T12:49:31.099,35,0,0
121,55,170.772,2026-09-26T12:52:21.871,35,0,0
121,56,165.458,2026-09-26T12:55:07.329,35,0,0
121,57,165.051,2026-09-26T12:57:52.38,35,0,0
121,58,159.845,2026-09-26T13:00:32.225,33,0,0
121,59,160.258,2026-09-26T13:03:12.483,32,0,0
121,60,164.008,2026-09-26T13:05:56.491,32,0,0
121,61,168.969,2026-09-26T13:08:45.46,32,0,0
121,62,160.176,2026-09-26T13:11:25.636,32,0,0
121,63,160.49,2026-09-26T13:14:06.126,31,0,0
121,64,163.703,2026-09-26T13:16:49.829,31,0,0
121,65,167.13,2026-09-26T13:19:36.959,31,0,0
121,66,157.25,2026-09-26T13:22:14.209,31,0,0
121,67,158.41,2026-09-26T13:24:52.619,30,0,0
121,68,153.866,2026-09-26T13:27:26.485,30,0,0
121,69,158.219,2026-09-26T13:30:04.704,30,0,0
121,70,164.981,2026-09-26T13:32:49.685,29,0,0
121,71,156.034,2026-09-26T13:35:25.719,27,0,0
121,72,162.259,2026-09-26T13:38:07.978,27,0,0
121,73,162.426,2026-09-26T13:40:50.404,27,0,0
121,74,168.006,2026-09-26T13:43:38.41,25,0,0
121,75,168.509,2026-09-26T13:46:26.919,25,0,0
121,76,156.255,2026-09-26T13:49:03.174,25,0,0
121,77,156.365,2026-09-26T13:51:39.539,25,0,0
121,78,154.36,2026-09-26T13:54:13.899,25,0,0
121,79,151.651,2026-09-26T13:56:45.55,25,0,0
121,80,160.195,2026-09-26T13:59:25.745,25,0,0
121,81,154.033,2026-09-26T14:01:59.778,24,0,0
121,82,154.957,2026-09-26T14:04:34.735,23,0,0
121,83,158.436,2026-09-26T14:07:13.171,23,0,0
121,84,161.381,2026-09-26T14:09:54.552,20,0,0
121,85,159.681,2026-09-26T14:12:34.233,20,0,0
121,86,159.683,2026-09-26T14:15:13.916,20,1,0
121,87,160.671,2026-09-26T14:17:54.587,20,0,0
121,88,159.299,2026-09-26T14:20:33.886,20,0,0
121,89,164.648,2026-09-26T14:23:18.534,20,0,0
121,90,157.088,2026-09-26T14:25:55.622,20,0,0
121,91,157.342,2026-09-26T14:28:32.964,20,0,0
121,92,154.73,2026-09-26T14:31:07.694,20,0,0
121,93,158.18,2026-09-26T14:33:45.874,20,0,0
121,94,160.229,2026-09-26T14:36:26.103,20,0,0
121,95,150.345,2026-09-26T14:38:56.448,20,0,0
121,96,159.832,2026-09-26T14:41:36.28,20,0,0
121,97,153.99,2026-09-26T14:44:10.27,20,0,0
121,98,156.598,2026-09-26T14:46:46.868,20,0,0
121,99,169.546,2026-09-26T14:49:36.414,20,0,0
121,100,178.76,2026-09-26T14:52:35.174,20,0,0
121,101,176.153,2026-09-26T14:55:31.327,20,0,0
121,102,166.185,2026-09-26T14:58:17.512,20,0,0
121,103,176.752,2026-09-26T15:01:14.264,20,0,0
121,104,161.212,2026-09-26T15:03:55.476,20,0,0
121,105,496.692,2026-09-26T15:12:12.168,20,1,0
121,106,233.399,2026-09-26T15:16:05.567,20,0,0
121,107,195.105,2026-09-26T15:19:20.672,20,0,0
121,108,171.169,2026-09-26T15:22:11.841,20,0,0
121,109,172.144,2026-09-26T15:25:03.985,20,0,0
121,110,167.275,2026-09-26T15:27:51.26,21,0,0
121,111,200.027,2026-09-26T15:31:11.287,21,1,0
121,112,216.213,2026-09-26T15:34:47.5,20,0,0
121,113,169.751,2026-09-26T15:37:37.251,19,0,0
121,114,168.065,2026-09-26T15:40:25.316,19,0,0
121,115,159.313,2026-09-26T15:43:04.629,18,0,0
121,116,162.505,2026-09-26T15:45:47.134,18,0,0
121,117,159.357,2026-09-26T15:48:26.491,18,1,0
121,118,161.965,2026-09-26T15:51:08.456,18,0,0
121,119,166.206,2026-09-26T15:53:54.662,17,0,0
121,120,185.874,2026-09-26T15:57:00.536,17,0,1
121,121,279.574,2026-09-26T16:01:40.11,17,0,1
121,122,214.65,2026-09-26T16:05:14.76,17,1,1
121,123,249.965,2026-09-26T16:09:24.725,17,1,1
121,124,230.043,2026-09-26T16:13:14.768,17,1,1
121,125,253.831,2026-09-26T16:17:28.599,17,0,0
121,126,170.164,2026-09-26T16:20:18.763,17,0,0
121,127,165.15,2026-09-26T16:23:03.913,17,0,0
121,128,159.97,2026-09-26T16:25:43.883,17,0,0
121,129,159.369,2026-09-26T16:28:23.252,17,0,0
121,130,159.616,2026-09-26T16:31:02.868,16,0,0
121,131,158.541,2026-09-26T16:33:41.409,15,0,0
121,132,156.965,2026-09-26T16:36:18.374,15,0,0
121,133,153.213,2026-09-26T16:38:51.587,15,0,0
121,134,159.85,2026-09-26T16:41:31.437,15,0,0
121,135,162.963,2026-09-26T16:44:14.4,15,0,0
121,136,158.716,2026-09-26T16:46:53.116,15,0,0
121,137,160.272,2026-09-26T16:49:33.388,15,0,0
121,138,154.707,2026-09-26T16:52:08.095,15,0,0
121,139,161.298,2026-09-26T16:54:49.393,15,0,0
121,140,164.733,2026-09-26T16:57:34.126,15,0,0
121,141,158.768,2026-09-26T17:00:12.894,15,0,0
121,142,158.111,2026-09-26T17:02:51.005,15,0,0
121,143,161.028,2026-09-26T17:05:32.033,15,1,0
121,144,172.041,2026-09-26T17:08:24.074,15,0,0
121,145,193.082,2026-09-26T17:11:37.156,15,0,0
121,146,183.087,2026-09-26T17:14:40.243,15,0,0
121,147,194.14,2026-09-26T17:17:54.383,15,1,0
121,148,344.533,2026-09-26T17:23:38.916,15,0,0
121,149,161.401,2026-09-26T17:26:20.317,15,0,0
121,150,171.434,2026-09-26T17:29:11.751,15,0,0
121,151,166.411,2026-09-26T17:31:58.162,15,0,0
121,152,161.545,2026-09-26T17:34:39.707,15,0,0
121,153,167.153,2026-09-26T17:37:26.86,15,0,0
121,154,165.649,2026-09-26T17:40:12.509,17,0,0
121,155,177.803,2026-09-26T17:43:10.312,18,0,0
121,156,163.815,2026-09-26T17:45:54.127,18,0,0
121,157,170.168,2026-09-26T17:48:44.295,18,0,0
121,158,204.29,2026-09-26T17:52:08.585,17,0,1
121,159,228.92,2026-09-26T17:55:57.505,17,0,1
121,160,317.332,2026-09-26T18:01:14.837,17,0,1
121,161,246.88,2026-09-26T18:05:21.717,17,0,1
121,162,53557.22,2026-09-27T08:57:58.937,16,0,0
121,163,187.321,2026-09-27T09:01:06.258,17,0,0
121,164,179.248,2026-09-27T09:04:05.506,17,0,0
121,165,159.428,2026-09-27T09:06:44.934,17,0,0
121,166,160.844,2026-09-27T09:09:25.778,17,0,0
121,167,164.741,2026-09-27T09:12:10.519,17,0,0
121,168,158.022,2026-09-27T09:14:48.541,17,0,0
121,169,157.214,2026-09-27T09:17:25.755,17,0,0
121,170,162.119,2026-09-27T09:20:07.874,17,0,0
121,171,177.681,2026-09-27T09:23:05.555,17,0,0
121,172,161.45,2026-09-27T09:25:47.005,17,0,0
121,173,170.679,2026-09-27T09:28:37.684,17,0,0
121,174,160.804,2026-09-27T09:31:18.488,17,0,0
121,175,154.897,2026-09-27T09:33:53.385,17,0,0
121,176,155.375,2026-09-27T09:36:28.76,17,0,0
121,177,154.867,2026-09-27T09:39:03.627,16,0,0
121,178,158.178,2026-09-27T09:41:41.805,16,0,0
121,179,164.865,2026-09-27T09:44:26.67,16,0,0
121,180,165.101,2026-09-27T09:47:11.771,16,0,0
121,181,173.3,2026-09-27T09:50:05.071,16,0,0
121,182,153.666,2026-09-27T09:52:38.737,16,0,0
121,183,160.245,2026-09-27T09:55:18.982,16,0,0
121,184,156.305,2026-09-27T09:57:55.287,16,0,0
121,185,156.41,2026-09-27T10:00:31.697,16,0,0
121,186,159.935,2026-09-27T10:03:11.632,16,0,0
121,187,154.869,2026-09-27T10:05:46.501,16,0,0
121,188,157.922,2026-09-27T10:08:24.423,16,0,0
121,189,158.331,2026-09-27T10:11:02.754,16,0,0
121,190,159.645,2026-09-27T10:13:42.399,16,0,0
121,191,153.614,2026-09-27T10:16:16.013,16,0,0
121,192,156.261,2026-09-27T10:18:52.274,15,0,0
121,193,158.856,2026-09-27T10:21:31.13,15,0,0
121,194,152.893,2026-09-27T10:24:04.023,15,0,0
121,195,1190.624,2026-09-27T10:43:54.647,14,0,0
121,196,158.196,2026-09-27T10:46:32.843,14,0,0
121,197,152.844,2026-09-27T10:49:05.687,14,0,0
121,198,158.229,2026-09-27T10:51:43.916,14,0,0
121,199,157.331,2026-09-27T10:54:21.247,14,0,0
121,200,155.439,2026-09-27T10:56:56.686,13,0,0
121,201,155.001,2026-09-27T10:59:31.687,13,0,0
121,202,160.603,2026-09-27T11:02:12.29,13,0,0
121,203,153.797,2026-09-27T11:04:46.087,13,0,0
121,204,156.639,2026-09-27T11:07:22.726,13,0,0
121,205,159.547,2026-09-27T11:10:02.273,13,0,0
121,206,161.345,2026-09-27T11:12:43.618,13,0,0
121,207,444.123,2026-09-27T11:20:07.741,15,1,0
121,208,239.013,2026-09-27T11:24:06.754,15,1,0
121,209,268.793,2026-09-27T11:28:35.547,14,0,0
121,210,162.256,2026-09-27T11:31:17.803,14,0,0
121,211,172.963,2026-09-27T11:34:10.766,14,0,0
121,212,164.307,2026-09-27T11:36:55.073,13,0,0
121,213,163.876,2026-09-27T11:39:38.949,13,0,0
121,214,162.177,2026-09-27T11:42:21.126,13,0,0
121,215,159.237,2026-09-27T11:45:00.363,12,0,0
121,216,168.673,2026-09-27T11:47:49.036,12,0,0
121,217,160.247,2026-09-27T11:50:29.283,12,0,0
121,218,163.431,2026-09-27T11:53:12.714,12,0,0
121,219,156.369,2026-09-27T11:55:49.083,12,0,0
121,220,221.998,2026-09-27T11:59:31.081,12,1,0
121,221,352.194,2026-09-27T12:05:23.275,13,0,0
121,222,169.569,2026-09-27T12:08:12.844,13,0,0
121,223,163.218,2026-09-27T12:10:56.062,13,0,0
121,224,162.64,2026-09-27T12:13:38.702,13,0,0
121,225,165.851,2026-09-27T12:16:24.553,13,0,0
121,226,159.713,2026-09-27T12:19:04.266,12,0,0
121,227,167.51,2026-09-27T12:21:51.776,12,0,0
121,228,160.154,2026-09-27T12:24:31.93,12,0,0
121,229,164.719,2026-09-27T12:27:16.649,12,0,0
121,230,158.841,2026-09-27T12:29:55.49,12,0,0
121,231,159.322,2026-09-27T12:32:34.812,12,0,0
121,232,155.493,2026-09-27T12:35:10.305,12,0,0
121,233,165.071,2026-09-27T12:37:55.376,12,0,0
121,234,193.371,2026-09-27T12:41:08.747,12,1,0
121,235,614.742,2026-09-27T12:51:23.489,15,0,0
121,236,163.366,2026-09-27T12:54:06.855,15,0,0
121,237,160.887,2026-09-27T12:56:47.742,15,0,0
121,238,166.869,2026-09-27T12:59:34.611,15,0,0
121,239,160.305,2026-09-27T13:02:14.916,15,0,0
121,240,168.18,2026-09-27T13:05:03.096,15,0,0
121,241,159.033,2026-09-27T13:07:42.129,15,0,0
121,242,159.925,2026-09-27T13:10:22.054,15,0,0
121,243,162.088,2026-09-27T13:13:04.142,15,0,0
121,244,162.707,2026-09-27T13:15:46.849,15,0,0
121,245,164.95,2026-09-27T13:18:31.799,15,0,0
121,246,161.054,2026-09-27T13:21:12.853,15,0,0
121,247,160.544,2026-09-27T13:23:53.397,15,0,0
121,248,162.402,2026-09-27T13:26:35.799,15,0,0
121,249,165.047,2026-09-27T13:29:20.846,15,0,0
121,250,459.581,2026-09-27T13:37:00.427,15,1,0
121,251,606.19,2026-09-27T13:47:06.617,15,0,0
121,252,160.128,2026-09-27T13:49:46.745,15,0,0
121,253,154.654,2026-09-27T13:52:21.399,15,0,0
121,254,153.351,2026-09-27T13:54:54.75,15,0,0
121,255,155.963,2026-09-27T13:57:30.713,15,0,0
121,256,158.377,2026-09-27T14:00:09.09,15,0,0
121,257,155.423,2026-09-27T14:02:44.513,15,0,0
121,258,155.382,2026-09-27T14:05:19.895,14,0,0
121,259,159.304,2026-09-27T14:07:59.199,14,0,0
121,260,156.701,2026-09-27T14:10:35.9,14,0,0
121,261,156.296,2026-09-27T14:13:12.196,14,0,0
121,262,161.338,2026-09-27T14:15:53.534,14,0,0
121,263,158.367,2026-09-27T14:18:31.901,14,0,0
121,264,157.694,2026-09-27T14:21:09.595,14,0,0
121,265,151.821,2026-09-27T14:23:41.416,14,0,0
121,266,153.613,2026-09-27T14:26:15.029,13,0,0
121,267,154.433,2026-09-27T14:28:49.462,13,0,0
121,268,153.561,2026-09-27T14:31:23.023,13,0,0
121,269,152.734,2026-09-27T14:33:55.757,13,0,0
121,270,155.489,2026-09-27T14:36:31.246,13,0,0
121,271,150.765,2026-09-27T14:39:02.011,13,0,0
121,272,151.89,2026-09-27T14:41:33.901,13,0,0
121,273,157.118,2026-09-27T14:44:11.019,13,0,0
121,274,157.345,2026-09-27T14:46:48.364,13,0,0
121,275,155.491,2026-09-27T14:49:23.855,13,0,0
121,276,150.201,2026-09-27T14:51:54.056,13,0,0
121,277,160.796,2026-09-27T14:54:34.852,13,0,0
121,278,156.757,2026-09-27T14:57:11.609,13,0,0
121,279,152.178,2026-09-27T14:59:43.787,13,0,0
121,280,151.485,2026-09-27T15:02:15.272,13,0,0
121,281,153.276,2026-09-27T15:04:48.548,13,0,0
121,282,150.098,2026-09-27T15:07:18.646,13,0,0
121,283,150.696,2026-09-27T15:09:49.342,13,0,0
121,284,157.313,2026-09-27T15:12:26.655,13,0,0
121,285,165.684,2026-09-27T15:15:12.339,13,0,0
121,286,158.47,2026-09-27T15:17:50.809,13,0,0
121,287,155.124,2026-09-27T15:20:25.933,13,0,0
121,288,159.726,2026-09-27T15:23:05.659,13,0,0
121,289,150.867,2026-09-27T15:25:36.526,13,0,0
121,290,152.247,2026-09-27T15:28:08.773,13,0,0
121,291,157.696,2026-09-27T15:30:46.469,13,0,0
282,1,180.308,2026-09-26T10:04:51.716,3,0,0
282,2,185.023,2026-09-26T10:07:56.739,7,0,0
282,3,175.446,2026-09-26T10:10:52.185,13,0,0
282,4,203.684,2026-09-26T10:14:15.869,15,0,0
282,5,178.352,2026-09-26T10:17:14.221,17,0,0
282,6,174.559,2026-09-26T10:20:08.78,17,0,0
282,7,186.156,2026-09-26T10:23:14.936,19,0,0
282,8,168.592,2026-09-26T10:26:03.528,21,0,0
282,9,159.516,2026-09-26T10:28:43.044,22,0,0
282,10,163.872,2026-09-26T10:31:26.916,26,0,0
282,11,158.841,2026-09-26T10:34:05.757,25,0,0
282,12,162.413,2026-09-26T10:36:48.17,24,0,0
282,13,163.455,2026-09-26T10:39:31.625,23,0,0
282,14,173.012,2026-09-26T10:42:24.637,24,0,0
282,15,169.426,2026-09-26T10:45:14.063,24,0,0
282,16,167.295,2026-09-26T10:48:01.358,24,0,0
282,17,164.637,2026-09-26T10:50:45.995,23,0,0
282,18,161.698,2026-09-26T10:53:27.693,22,0,0
282,19,166.974,2026-09-26T10:56:14.667,22,0,0
282,20,161.48,2026-09-26T10:58:56.147,22,0,0
282,21,165.481,2026-09-26T11:01:41.628,23,0,0
282,22,164.101,2026-09-26T11:04:25.729,24,0,0
282,23,158.511,2026-09-26T11:07:04.24,23,0,0
282,24,157.112,2026-09-26T11:09:41.352,23,0,0
282,25,149.74,2026-09-26T11:12:11.092,22,0,0
282,26,162.701,2026-09-26T11:14:53.793,22,0,0
282,27,173.187,2026-09-26T11:17:46.98,21,0,0
282,28,156.161,2026-09-26T11:20:23.141,21,0,0
282,29,158.351,2026-09-26T11:23:01.492,21,0,0
282,30,156.912,2026-09-26T11:25:38.404,21,0,0
282,31,165.857,2026-09-26T11:28:24.261,21,0,0
282,32,159.021,2026-09-26T11:31:03.282,21,0,0
282,33,154.875,2026-09-26T11:33:38.157,21,0,0
282,34,163.029,2026-09-26T11:36:21.186,20,0,0
282,35,173.849,2026-09-26T11:39:15.035,21,0,0
282,36,155.161,2026-09-26T11:41:50.196,21,0,0
282,37,175.185,2026-09-26T11:44:45.381,22,0,0
282,38,179.395,2026-09-26T11:47:44.776,20,0,0
282,39,658.733,2026-09-26T11:58:43.509,29,1,0
282,40,211.777,2026-09-26T12:02:15.286,31,0,0
282,41,166.878,2026-09-26T12:05:02.164,29,0,0
282,42,158.754,2026-09-26T12:07:40.918,27,0,0
282,43,154.959,2026-09-26T12:10:15.877,27,0,0
282,44,151.994,2026-09-26T12:12:47.871,26,0,0
282,45,154.167,2026-09-26T12:15:22.038,26,0,0
282,46,151.587,2026-09-26T12:17:53.625,24,0,0
282,47,175.296,2026-09-26T12:20:48.921,23,0,0
282,48,164.801,2026-09-26T12:23:33.722,23,0,0
282,49,153.521,2026-09-26T12:26:07.243,22,0,0
282,50,152.951,2026-09-26T12:28:40.194,22,0,0
282,51,149.137,2026-09-26T12:31:09.331,21,0,0
282,52,151.324,2026-09-26T12:33:40.655,21,0,0
282,53,152.052,2026-09-26T12:36:12.707,21,0,0
282,54,148.302,2026-09-26T12:38:41.009,22,0,0
282,55,158.46,2026-09-26T12:41:19.469,22,0,0
282,56,153.114,2026-09-26T12:43:52.583,21,0,0
282,57,156.112,2026-09-26T12:46:28.695,21,0,0
282,58,147.815,2026-09-26T12:48:56.51,20,0,0
282,59,147.689,2026-09-26T12:51:24.199,20,0,0
282,60,154.015,2026-09-26T12:53:58.214,19,0,0
282,61,151.32,2026-09-26T12:56:29.534,19,0,0
282,62,164.341,2026-09-26T12:59:13.875,19,0,0
282,63,150.661,2026-09-26T13:01:44.536,19,0,0
282,64,150.116,2026-09-26T13:04:14.652,19,0,0
282,65,154.912,2026-09-26T13:06:49.564,19,0,0
282,66,152.862,2026-09-26T13:09:22.426,18,0,0
282,67,147.813,2026-09-26T13:11:50.239,18,0,0
282,68,154.862,2026-09-26T13:14:25.101,18,0,0
282,69,151.322,2026-09-26T13:16:56.423,17,0,0
282,70,159.325,2026-09-26T13:19:35.748,16,0,0
282,71,156.129,2026-09-26T13:22:11.877,16,0,0
282,72,251.898,2026-09-26T13:26:23.775,17,1,0
282,73,701.357,2026-09-26T13:38:05.132,26,0,0
282,74,151.753,2026-09-26T13:40:36.885,24,0,0
282,75,154.631,2026-09-26T13:43:11.516,24,0,0
282,76,150.806,2026-09-26T13:45:42.322,24,0,0
282,77,156.116,2026-09-26T13:48:18.438,24,0,0
282,78,151.297,2026-09-26T13:50:49.735,24,0,0
282,79,149.434,2026-09-26T13:53:19.169,24,0,0
282,80,152.781,2026-09-26T13:55:51.95,24,0,0
282,81,148.809,2026-09-26T13:58:20.759,23,0,0
282,82,644.644,2026-09-26T14:09:05.403,25,1,0
282,83,218.132,2026-09-26T14:12:43.535,25,0,0
282,84,181.602,2026-09-26T14:15:45.137,25,0,0
282,85,175.923,2026-09-26T14:18:41.06,25,0,0
282,86,171.293,2026-09-26T14:21:32.353,24,0,0
282,87,173.597,2026-09-26T14:24:25.95,24,0,0
282,88,169.857,2026-09-26T14:27:15.807,23,0,0
282,89,170.604,2026-09-26T14:30:06.411,23,0,0
282,90,161.654,2026-09-26T14:32:48.065,23,0,0
282,91,159.88,2026-09-26T14:35:27.945,23,0,0
282,92,160.45,2026-09-26T14:38:08.395,23,0,0
282,93,169.159,2026-09-26T14:40:57.554,23,0,0
282,94,168.377,2026-09-26T14:43:45.931,23,0,0
282,95,175.842,2026-09-26T14:46:41.773,24,0,0
282,96,168.221,2026-09-26T14:49:29.994,23,0,0
282,97,180.009,2026-09-26T14:52:30.003,23,0,0
282,98,173.333,2026-09-26T14:55:23.336,23,0,0
282,99,167.609,2026-09-26T14:58:10.945,23,0,0
282,100,165.317,2026-09-26T15:00:56.262,23,0,0
282,101,165.039,2026-09-26T15:03:41.301,23,0,0
282,102,172.043,2026-09-26T15:06:33.344,23,0,0
282,103,175.784,2026-09-26T15:09:29.128,22,0,0
282,104,173.572,2026-09-26T15:12:22.7,22,0,0
282,105,163.65,2026-09-26T15:15:06.35,22,0,0
282,106,161.925,2026-09-26T15:17:48.275,22,0,0
282,107,171.88,2026-09-26T15:20:40.155,22,0,0
282,108,163.452,2026-09-26T15:23:23.607,22,0,0
282,109,170.837,2026-09-26T15:26:14.444,22,0,0
282,110,156.741,2026-09-26T15:28:51.185,22,0,0
282,111,170.515,2026-09-26T15:31:41.7,22,0,0
282,112,215.227,2026-09-26T15:35:16.927,21,0,0
282,113,159.845,2026-09-26T15:37:56.772,20,0,0
282,114,164.154,2026-09-26T15:40:40.926,20,0,0
282,115,160.795,2026-09-26T15:43:21.721,19,0,0
282,116,163.591,2026-09-26T15:46:05.312,19,0,0
282,117,158.274,2026-09-26T15:48:43.586,19,0,0
282,118,590.128,2026-09-26T15:58:33.714,19,1,1
282,119,226.81,2026-09-26T16:02:20.524,18,0,1
282,120,227.984,2026-09-26T16:06:08.508,18,0,1
282,121,239.261,2026-09-26T16:10:07.769,18,0,1
282,122,243.814,2026-09-26T16:14:11.583,18,0,1
282,123,232.132,2026-09-26T16:18:03.715,18,0,0
282,124,184.168,2026-09-26T16:21:07.883,18,0,0
282,125,174.005,2026-09-26T16:24:01.888,18,0,0
282,126,174.539,2026-09-26T16:26:56.427,18,0,0
282,127,171.638,2026-09-26T16:29:48.065,19,0,0
282,128,173.905,2026-09-26T16:32:41.97,19,0,0
282,129,169.098,2026-09-26T16:35:31.068,19,0,0
282,130,166.526,2026-09-26T16:38:17.594,19,0,0
282,131,166.145,2026-09-26T16:41:03.739,19,0,0
282,132,164.501,2026-09-26T16:43:48.24,19,0,0
282,133,168.14,2026-09-26T16:46:36.38,19,0,0
282,134,164.061,2026-09-26T16:49:20.441,20,0,0
282,135,164.28,2026-09-26T16:52:04.721,20,0,0
282,136,163.827,2026-09-26T16:54:48.548,20,0,0
282,137,163.739,2026-09-26T16:57:32.287,20,0,0
282,138,165.479,2026-09-26T17:00:17.766,20,0,0
282,139,168.964,2026-09-26T17:03:06.73,20,0,0
282,140,164.894,2026-09-26T17:05:51.624,20,0,0
282,141,167.736,2026-09-26T17:08:39.36,20,0,0
282,142,193.619,2026-09-26T17:11:52.979,20,0,0
282,143,175.881,2026-09-26T17:14:48.86,20,0,0
282,144,178.267,2026-09-26T17:17:47.127,20,0,0
282,145,173.093,2026-09-26T17:20:40.22,19,0,0
282,146,168.466,2026-09-26T17:23:28.686,19,0,0
282,147,167.16,2026-09-26T17:26:15.846,19,0,0
282,148,169.103,2026-09-26T17:29:04.949,19,0,0
282,149,169.295,2026-09-26T17:31:54.244,20,0,0
282,150,164.389,2026-09-26T17:34:38.633,20,0,0
282,151,166.407,2026-09-26T17:37:25.04,20,0,0
282,152,163.343,2026-09-26T17:40:08.383,20,0,0
282,153,169.565,2026-09-26T17:42:57.948,20,0,0
282,154,168.964,2026-09-26T17:45:46.912,20,0,0
282,155,176.543,2026-09-26T17:48:43.455,20,0,0
282,156,199.959,2026-09-26T17:52:03.414,20,0,1
282,157,225.006,2026-09-26T17:55:48.42,20,0,1
282,158,321.501,2026-09-26T18:01:09.921,20,0,1
282,159,246.15,2026-09-26T18:05:16.071,19,0,1
282,160,53840.237,2026-09-27T09:02:36.308,22,0,0
282,161,161.029,2026-09-27T09:05:17.337,21,0,0
282,162,159.591,2026-09-27T09:07:56.928,21,0,0
282,163,161.692,2026-09-27T09:10:38.62,21,0,0
282,164,169.77,2026-09-27T09:13:28.39,21,0,0
282,165,156.893,2026-09-27T09:16:05.283,20,0,0
282,166,155.756,2026-09-27T09:18:41.039,20,0,0
282,167,168.151,2026-09-27T09:21:29.19,20,0,0
282,168,180.618,2026-09-27T09:24:29.808,20,0,0
282,169,159.143,2026-09-27T09:27:08.951,20,0,0
282,170,153.821,2026-09-27T09:29:42.772,20,0,0
282,171,159.218,2026-09-27T09:32:21.99,20,0,0
282,172,156.711,2026-09-27T09:34:58.701,20,0,0
282,173,165.121,2026-09-27T09:37:43.822,20,0,0
282,174,156.016,2026-09-27T09:40:19.838,19,0,0
282,175,154.448,2026-09-27T09:42:54.286,19,0,0
282,176,155.702,2026-09-27T09:45:29.988,19,0,0
282,177,167.342,2026-09-27T09:48:17.33,19,0,0
282,178,179.976,2026-09-27T09:51:17.306,19,0,0
282,179,164.174,2026-09-27T09:54:01.48,18,0,0
282,180,160.016,2026-09-27T09:56:41.496,18,0,0
282,181,156.291,2026-09-27T09:59:17.787,18,0,0
282,182,158.259,2026-09-27T10:01:56.046,18,0,0
282,183,155.448,2026-09-27T10:04:31.494,18,0,0
282,184,155.678,2026-09-27T10:07:07.172,18,0,0
282,185,158.185,2026-09-27T10:09:45.357,18,0,0
282,186,157.298,2026-09-27T10:12:22.655,18,0,0
282,187,159.75,2026-09-27T10:15:02.405,18,0,0
282,188,159.359,2026-09-27T10:17:41.764,18,0,0
282,189,159.69,2026-09-27T10:20:21.454,18,0,0
282,190,155.485,2026-09-27T10:22:56.939,18,0,0
282,191,1525.337,2026-09-27T10:48:22.276,18,1,0
282,192,191.819,2026-09-27T10:51:34.095,18,0,0
282,193,159.036,2026-09-27T10:54:13.131,18,0,0
282,194,152.713,2026-09-27T10:56:45.844,18,0,0
282,195,152.052,2026-09-27T10:59:17.896,17,0,0
282,196,152.48,2026-09-27T11:01:50.376,17,0,0
282,197,149.072,2026-09-27T11:04:19.448,17,0,0
282,198,157.386,2026-09-27T11:06:56.834,17,0,0
282,199,150.992,2026-09-27T11:09:27.826,17,0,0
282,200,149.969,2026-09-27T11:11:57.795,17,0,0
282,201,149.514,2026-09-27T11:14:27.309,17,0,0
282,202,148.186,2026-09-27T11:16:55.495,17,0,0
282,203,151.593,2026-09-27T11:19:27.088,17,0,0
282,204,150.335,2026-09-27T11:21:57.423,17,0,0
282,205,147.838,2026-09-27T11:24:25.261,17,0,0
282,206,148.059,2026-09-27T11:26:53.32,17,0,0
282,207,148.103,2026-09-27T11:29:21.423,17,0,0
282,208,158.599,2026-09-27T11:32:00.022,17,0,0
282,209,156.079,2026-09-27T11:34:36.101,17,0,0
282,210,150.126,2026-09-27T11:37:06.227,16,0,0
282,211,151.15,2026-09-27T11:39:37.377,16,0,0
282,212,150.721,2026-09-27T11:42:08.098,15,0,0
282,213,150.576,2026-09-27T11:44:38.674,15,0,0
282,214,149.781,2026-09-27T11:47:08.455,15,0,0
282,215,151.741,2026-09-27T11:49:40.196,14,0,0
282,216,145.863,2026-09-27T11:52:06.059,14,0,0
282,217,148.3,2026-09-27T11:54:34.359,14,0,0
282,218,147.815,2026-09-27T11:57:02.174,14,0,0
282,219,151.386,2026-09-27T11:59:33.56,14,0,0
282,220,150.917,2026-09-27T12:02:04.477,14,0,0
282,221,149.601,2026-09-27T12:04:34.078,12,0,0
282,222,174.072,2026-09-27T12:07:28.15,12,0,0
282,223,148.859,2026-09-27T12:09:57.009,12,0,0
282,224,147.334,2026-09-27T12:12:24.343,12,0,0
282,225,152.627,2026-09-27T12:14:56.97,12,0,0
282,226,493.934,2026-09-27T12:23:10.904,15,1,0
282,227,203.69,2026-09-27T12:26:34.594,15,0,0
282,228,161.883,2026-09-27T12:29:16.477,15,0,0
282,229,162.545,2026-09-27T12:31:59.022,15,0,0
282,230,172.694,2026-09-27T12:34:51.716,15,0,0
282,231,162.612,2026-09-27T12:37:34.328,15,0,0
282,232,171.048,2026-09-27T12:40:25.376,15,0,0
282,233,165.164,2026-09-27T12:43:10.54,15,0,0
282,234,162.719,2026-09-27T12:45:53.259,15,0,0
282,235,156.653,2026-09-27T12:48:29.912,14,0,0
282,236,164.923,2026-09-27T12:51:14.835,13,0,0
282,237,158.583,2026-09-27T12:53:53.418,13,0,0
282,238,156.769,2026-09-27T12:56:30.187,13,0,0
282,239,154.253,2026-09-27T12:59:04.44,13,0,0
282,240,152.905,2026-09-27T13:01:37.345,13,0,0
282,241,171.424,2026-09-27T13:04:28.769,13,0,0
282,242,154.19,2026-09-27T13:07:02.959,13,0,0
282,243,152.942,2026-09-27T13:09:35.901,13,0,0
282,244,161.087,2026-09-27T13:12:16.988,13,0,0
282,245,155.711,2026-09-27T13:14:52.699,13,0,0
282,246,156.382,2026-09-27T13:17:29.081,13,0,0
282,247,154.818,2026-09-27T13:20:03.899,13,0,0
282,248,155.463,2026-09-27T13:22:39.362,13,0,0
282,249,156.123,2026-09-27T13:25:15.485,13,0,0
282,250,156.637,2026-09-27T13:27:52.122,12,0,0
282,251,154.103,2026-09-27T13:30:26.225,12,0,0
282,252,156.262,2026-09-27T13:33:02.487,12,0,0
282,253,156.377,2026-09-27T13:35:38.864,12,0,0
282,254,155.041,2026-09-27T13:38:13.905,12,0,0
282,255,152.839,2026-09-27T13:40:46.744,12,0,0
282,256,155.532,2026-09-27T13:43:22.276,12,0,0
282,257,149.879,2026-09-27T13:45:52.155,12,0,0
282,258,153.172,2026-09-27T13:48:25.327,11,0,0
282,259,157.434,2026-09-27T13:51:02.761,11,0,0
282,260,166.301,2026-09-27T13:53:49.062,11,0,0
282,261,525.544,2026-09-27T14:02:34.606,13,1,0
282,262,206.589,2026-09-27T14:06:01.195,13,0,0
282,263,713.185,2026-09-27T14:17:54.38,13,0,0
282,264,167.084,2026-09-27T14:20:41.464,13,0,0
282,265,171.772,2026-09-27T14:23:33.236,13,0,0
282,266,170.779,2026-09-27T14:26:24.015,14,0,0
282,267,171.976,2026-09-27T14:29:15.991,14,0,0
282,268,170.089,2026-09-27T14:32:06.08,14,0,0
282,269,167.845,2026-09-27T14:34:53.925,14,0,0
282,270,172.812,2026-09-27T14:37:46.737,14,0,0
282,271,166.696,2026-09-27T14:40:33.433,14,0,0
282,272,171.796,2026-09-27T14:43:25.229,14,0,0
282,273,167.451,2026-09-27T14:46:12.68,14,0,0
282,274,167.528,2026-09-27T14:49:00.208,14,0,0
282,275,167.022,2026-09-27T14:51:47.23,14,0,0
282,276,168.381,2026-09-27T14:54:35.611,14,0,0
282,277,166.369,2026-09-27T14:57:21.98,14,0,0
282,278,167.418,2026-09-27T15:00:09.398,14,0,0
282,279,168.679,2026-09-27T15:02:58.077,14,0,0
282,280,166.66,2026-09-27T15:05:44.737,14,0,0
282,281,164.885,2026-09-27T15:08:29.622,14,0,0
282,282,167.439,2026-09-27T15:11:17.061,14,0,0
282,283,169.514,2026-09-27T15:14:06.575,14,0,0
282,284,168.791,2026-09-27T15:16:55.366,14,0,0
282,285,165.437,2026-09-27T15:19:40.803,14,0,0
282,286,166.251,2026-09-27T15:22:27.054,14,0,0
282,287,163.928,2026-09-27T15:25:10.982,14,0,0
282,288,166.185,2026-09-27T15:27:57.167,14,0,0
282,289,167.97,2026-09-27T15:30:45.137,14,0,0
619,1,218.203,2026-09-26T10:09:00.368,82,0,0
619,2,210.45,2026-09-26T10:12:30.818,82,0,0
619,3,198.67,2026-09-26T10:15:49.488,80,0,0
619,4,224.681,2026-09-26T10:19:34.169,80,0,0
619,5,210.622,2026-09-26T10:23:04.791,82,0,0
619,6,188.073,2026-09-26T10:26:12.864,82,0,0
619,7,182.353,2026-09-26T10:29:15.217,83,0,0
619,8,184.935,2026-09-26T10:32:20.152,81,0,0
619,9,186.701,2026-09-26T10:35:26.853,79,0,0
619,10,188.82,2026-09-26T10:38:35.673,76,0,0
619,11,185.169,2026-09-26T10:41:40.842,70,0,0
619,12,187.447,2026-09-26T10:44:48.289,69,0,0
619,13,194.106,2026-09-26T10:48:02.395,68,0,0
619,14,187.642,2026-09-26T10:51:10.037,65,0,0
619,15,190.391,2026-09-26T10:54:20.428,62,0,0
619,16,189.589,2026-09-26T10:57:30.017,61,0,0
619,17,216.37,2026-09-26T11:01:06.387,62,0,0
619,18,192.84,2026-09-26T11:04:19.227,61,0,0
619,19,190.08,2026-09-26T11:07:29.307,61,0,0
619,20,190.759,2026-09-26T11:10:40.066,63,0,0
619,21,196.241,2026-09-26T11:13:56.307,63,0,0
619,22,189.795,2026-09-26T11:17:06.102,63,0,0
619,23,195.801,2026-09-26T11:20:21.903,61,0,0
619,24,202.439,2026-09-26T11:23:44.342,58,0,0
619,25,192.999,2026-09-26T11:26:57.341,59,0,0
619,26,187.659,2026-09-26T11:30:05,61,0,0
619,27,199.699,2026-09-26T11:33:24.699,61,0,0
619,28,457.666,2026-09-26T11:41:02.365,65,1,0
619,29,227.425,2026-09-26T11:44:49.79,66,0,0
619,30,191.373,2026-09-26T11:48:01.163,64,0,0
619,31,183.207,2026-09-26T11:51:04.37,64,0,0
619,32,161.593,2026-09-26T11:53:45.963,62,0,0
619,33,160.161,2026-09-26T11:56:26.124,58,0,0
619,34,164.23,2026-09-26T11:59:10.354,55,0,0
619,35,162.97,2026-09-26T12:01:53.324,55,0,0
619,36,161.984,2026-09-26T12:04:35.308,54,0,0
619,37,174.676,2026-09-26T12:07:29.984,53,0,0
619,38,165.139,2026-09-26T12:10:15.123,51,0,0
619,39,161.168,2026-09-26T12:12:56.291,51,0,0
619,40,163.048,2026-09-26T12:15:39.339,52,0,0
619,41,166.78,2026-09-26T12:18:26.119,50,0,0
619,42,178.522,2026-09-26T12:21:24.641,49,0,0
619,43,176.017,2026-09-26T12:24:20.658,47,0,0
619,44,165.718,2026-09-26T12:27:06.376,48,0,0
619,45,162.9,2026-09-26T12:29:49.276,47,0,0
619,46,167.518,2026-09-26T12:32:36.794,46,0,0
619,47,177.856,2026-09-26T12:35:34.65,46,0,0
619,48,162.057,2026-09-26T12:38:16.707,46,0,0
619,49,158.395,2026-09-26T12:40:55.102,46,0,0
619,50,178.566,2026-09-26T12:43:53.668,45,0,0
619,51,163.85,2026-09-26T12:46:37.518,43,0,0
619,52,170.499,2026-09-26T12:49:28.017,43,0,0
619,53,182.176,2026-09-26T12:52:30.193,43,0,0
619,54,176.98,2026-09-26T12:55:27.173,41,0,0
619,55,170.017,2026-09-26T12:58:17.19,42,0,0
619,56,170.289,2026-09-26T13:01:07.479,43,0,0
619,57,172.165,2026-09-26T13:03:59.644,44,0,0
619,58,168.959,2026-09-26T13:06:48.603,42,0,0
619,59,170.415,2026-09-26T13:09:39.018,40,0,0
619,60,446.219,2026-09-26T13:17:05.237,42,1,0
619,61,185.801,2026-09-26T13:20:11.038,42,0,0
619,62,159.346,2026-09-26T13:22:50.384,43,0,0
619,63,158.315,2026-09-26T13:25:28.699,41,0,0
619,64,153.023,2026-09-26T13:28:01.722,41,0,0
619,65,164.612,2026-09-26T13:30:46.334,41,0,0
619,66,161.356,2026-09-26T13:33:27.69,41,0,0
619,67,157.368,2026-09-26T13:36:05.058,40,0,0
619,68,154.04,2026-09-26T13:38:39.098,40,0,0
619,69,152.099,2026-09-26T13:41:11.197,40,0,0
619,70,153.865,2026-09-26T13:43:45.062,37,0,0
619,71,164.472,2026-09-26T13:46:29.534,34,0,0
619,72,166.143,2026-09-26T13:49:15.677,34,0,0
619,73,158.964,2026-09-26T13:51:54.641,34,0,0
619,74,152.684,2026-09-26T13:54:27.325,31,0,0
619,75,153.364,2026-09-26T13:57:00.689,30,0,0
619,76,153.158,2026-09-26T13:59:33.847,30,0,0
619,77,151.866,2026-09-26T14:02:05.713,30,0,0
619,78,153.635,2026-09-26T14:04:39.348,29,0,0
619,79,154.556,2026-09-26T14:07:13.904,29,0,0
619,80,159.439,2026-09-26T14:09:53.343,29,0,0
619,81,159.202,2026-09-26T14:12:32.545,29,0,0
619,82,156.559,2026-09-26T14:15:09.104,28,0,0
619,83,151.301,2026-09-26T14:17:40.405,28,0,0
619,84,160.033,2026-09-26T14:20:20.438,28,0,0
619,85,153.623,2026-09-26T14:22:54.061,28,0,0
619,86,154.458,2026-09-26T14:25:28.519,28,0,0
619,87,159.945,2026-09-26T14:28:08.464,27,0,0
619,88,155.279,2026-09-26T14:30:43.743,27,0,0
619,89,150.744,2026-09-26T14:33:14.487,27,0,0
619,90,154.315,2026-09-26T14:35:48.802,27,0,0
619,91,154.587,2026-09-26T14:38:23.389,27,0,0
619,92,154.575,2026-09-26T14:40:57.964,27,0,0
619,93,156.423,2026-09-26T14:43:34.387,27,0,0
619,94,476.68,2026-09-26T14:51:31.067,29,1,0
619,95,221.046,2026-09-26T14:55:12.113,29,0,0
619,96,173.734,2026-09-26T14:58:05.847,29,0,0
619,97,169.255,2026-09-26T15:00:55.102,29,0,0
619,98,165.076,2026-09-26T15:03:40.178,29,0,0
619,99,171.9,2026-09-26T15:06:32.078,29,0,0
619,100,176.344,2026-09-26T15:09:28.422,29,0,0
619,101,175.683,2026-09-26T15:12:24.105,29,0,0
619,102,165.305,2026-09-26T15:15:09.41,29,0,0
619,103,160.194,2026-09-26T15:17:49.604,27,0,0
619,104,174.649,2026-09-26T15:20:44.253,27,0,0
619,105,161.774,2026-09-26T15:23:26.027,27,0,0
619,106,170.611,2026-09-26T15:26:16.638,27,0,0
619,107,158.695,2026-09-26T15:28:55.333,27,0,0
619,108,168.12,2026-09-26T15:31:43.453,27,0,0
619,109,215.883,2026-09-26T15:35:19.336,27,0,0
619,110,156.204,2026-09-26T15:37:55.54,27,0,0
619,111,157.881,2026-09-26T15:40:33.421,26,0,0
619,112,150.81,2026-09-26T15:43:04.231,25,0,0
619,113,155.062,2026-09-26T15:45:39.293,23,0,0
619,114,166.606,2026-09-26T15:48:25.899,23,0,0
619,115,160.414,2026-09-26T15:51:06.313,21,0,0
619,116,167.45,2026-09-26T15:53:53.763,21,0,0
619,117,183.736,2026-09-26T15:56:57.499,21,0,1
619,118,276.807,2026-09-26T16:01:34.306,21,0,1
619,119,215.828,2026-09-26T16:05:10.134,20,0,1
619,120,248.625,2026-09-26T16:09:18.759,20,0,1
619,121,228.733,2026-09-26T16:13:07.492,20,0,1
619,122,256.142,2026-09-26T16:17:23.634,20,0,0
619,123,168.531,2026-09-26T16:20:12.165,20,0,0
619,124,150.703,2026-09-26T16:22:42.868,20,0,0
619,125,150.92,2026-09-26T16:25:13.788,20,0,0
619,126,154.234,2026-09-26T16:27:48.022,20,0,0
619,127,471.661,2026-09-26T16:35:39.683,22,1,0
619,128,190.622,2026-09-26T16:38:50.305,22,0,0
619,129,160.552,2026-09-26T16:41:30.857,22,0,0
619,130,163.247,2026-09-26T16:44:14.104,22,0,0
619,131,158.313,2026-09-26T16:46:52.417,22,0,0
619,132,155.878,2026-09-26T16:49:28.295,22,0,0
619,133,152.035,2026-09-26T16:52:00.33,22,0,0
619,134,151.792,2026-09-26T16:54:32.122,22,0,0
619,135,159.317,2026-09-26T16:57:11.439,22,0,0
619,136,153.771,2026-09-26T16:59:45.21,22,0,0
619,137,156.973,2026-09-26T17:02:22.183,22,0,0
619,138,156.882,2026-09-26T17:04:59.065,22,0,0
619,139,154.462,2026-09-26T17:07:33.527,22,0,0
619,140,162.674,2026-09-26T17:10:16.201,22,0,0
619,141,164.56,2026-09-26T17:13:00.761,22,0,0
619,142,158.707,2026-09-26T17:15:39.468,22,0,0
619,143,155.917,2026-09-26T17:18:15.385,22,0,0
619,144,168.063,2026-09-26T17:21:03.448,22,0,0
619,145,162.542,2026-09-26T17:23:45.99,22,0,0
619,146,155.362,2026-09-26T17:26:21.352,22,0,0
619,147,160.278,2026-09-26T17:29:01.63,22,0,0
619,148,155.134,2026-09-26T17:31:36.764,22,0,0
619,149,154.387,2026-09-26T17:34:11.151,22,0,0
619,150,154.457,2026-09-26T17:36:45.608,22,0,0
619,151,161.747,2026-09-26T17:39:27.355,22,0,0
619,152,163.828,2026-09-26T17:42:11.183,22,0,0
619,153,163.848,2026-09-26T17:44:55.031,22,0,0
619,154,159.779,2026-09-26T17:47:34.81,22,0,0
619,155,161.583,2026-09-26T17:50:16.393,22,0,1
619,156,186.613,2026-09-26T17:53:23.006,22,0,1
619,157,232.503,2026-09-26T17:57:15.509,22,0,1
619,158,302.416,2026-09-26T18:02:17.925,22,0,1
619,159,53746.082,2026-09-27T08:58:04.007,22,0,0
619,160,227.232,2026-09-27T09:01:51.239,21,0,0
619,161,206.249,2026-09-27T09:05:17.488,22,0,0
619,162,204.426,2026-09-27T09:08:41.914,22,0,0
619,163,201.764,2026-09-27T09:12:03.678,22,0,0
619,164,197.984,2026-09-27T09:15:21.662,22,0,0
619,165,197.527,2026-09-27T09:18:39.189,21,0,0
619,166,200.611,2026-09-27T09:21:59.8,21,0,0
619,167,191.608,2026-09-27T09:25:11.408,21,0,0
619,168,203.061,2026-09-27T09:28:34.469,21,0,0
619,169,189.05,2026-09-27T09:31:43.519,21,0,0
619,170,192.073,2026-09-27T09:34:55.592,21,0,0
619,171,196.354,2026-09-27T09:38:11.946,21,0,0
619,172,191.401,2026-09-27T09:41:23.347,21,0,0
619,173,192.37,2026-09-27T09:44:35.717,21,0,0
619,174,193.513,2026-09-27T09:47:49.23,20,0,0
619,175,194.284,2026-09-27T09:51:03.514,20,0,0
619,176,187.176,2026-09-27T09:54:10.69,20,0,0
619,177,185.107,2026-09-27T09:57:15.797,20,0,0
619,178,192.288,2026-09-27T10:00:28.085,20,0,0
619,179,193.056,2026-09-27T10:03:41.141,19,0,0
619,180,185.511,2026-09-27T10:06:46.652,19,0,0
619,181,187.187,2026-09-27T10:09:53.839,19,0,0
619,182,186.533,2026-09-27T10:13:00.372,19,0,0
619,183,184.903,2026-09-27T10:16:05.275,19,0,0
619,184,460.289,2026-09-27T10:23:45.564,20,1,0
619,185,1225.845,2026-09-27T10:44:11.409,19,0,0
619,186,166.242,2026-09-27T10:46:57.651,19,0,0
619,187,165.247,2026-09-27T10:49:42.898,19,0,0
619,188,160.065,2026-09-27T10:52:22.963,19,0,0
619,189,164.196,2026-09-27T10:55:07.159,19,0,0
619,190,161.349,2026-09-27T10:57:48.508,19,0,0
619,191,159.218,2026-09-27T11:00:27.726,19,0,0
619,192,157.132,2026-09-27T11:03:04.858,19,0,0
619,193,160.575,2026-09-27T11:05:45.433,19,0,0
619,194,185.923,2026-09-27T11:08:51.356,19,0,0
619,195,157.825,2026-09-27T11:11:29.181,19,0,0
619,196,161.757,2026-09-27T11:14:10.938,19,0,0
619,197,156.595,2026-09-27T11:16:47.533,19,0,0
619,198,160.818,2026-09-27T11:19:28.351,19,0,0
619,199,156.144,2026-09-27T11:22:04.495,19,0,0
619,200,167.694,2026-09-27T11:24:52.189,19,0,0
619,201,161.944,2026-09-27T11:27:34.133,19,0,0
619,202,158.942,2026-09-27T11:30:13.075,19,0,0
619,203,159.919,2026-09-27T11:32:52.994,19,0,0
619,204,161.804,2026-09-27T11:35:34.798,19,0,0
619,205,158.219,2026-09-27T11:38:13.017,19,0,0
619,206,160.468,2026-09-27T11:40:53.485,19,0,0
619,207,157.555,2026-09-27T11:43:31.04,19,0,0
619,208,161.668,2026-09-27T11:46:12.708,19,0,0
619,209,428.766,2026-09-27T11:53:21.474,19,1,0
619,210,186.583,2026-09-27T11:56:28.057,19,0,0
619,211,168.988,2026-09-27T11:59:17.045,19,0,0
619,212,153.491,2026-09-27T12:01:50.536,18,0,0
619,213,154.136,2026-09-27T12:04:24.672,18,0,0
619,214,161.265,2026-09-27T12:07:05.937,17,0,0
619,215,161.693,2026-09-27T12:09:47.63,16,0,0
619,216,151.578,2026-09-27T12:12:19.208,16,0,0
619,217,155.209,2026-09-27T12:14:54.417,16,0,0
619,218,152.374,2026-09-27T12:17:26.791,16,0,0
619,219,150.944,2026-09-27T12:19:57.735,16,0,0
619,220,158.133,2026-09-27T12:22:35.868,16,0,0
619,221,156.723,2026-09-27T12:25:12.591,16,0,0
619,222,161.381,2026-09-27T12:27:53.972,16,0,0
619,223,150.357,2026-09-27T12:30:24.329,16,0,0
619,224,170.177,2026-09-27T12:33:14.506,16,1,0
619,225,346.968,2026-09-27T12:39:01.474,16,0,0
619,226,151.251,2026-09-27T12:41:32.725,16,0,0
619,227,168.752,2026-09-27T12:44:21.477,16,0,0
619,228,155.412,2026-09-27T12:46:56.889,16,0,0
619,229,149.956,2026-09-27T12:49:26.845,16,0,0
619,230,151.605,2026-09-27T12:51:58.45,16,0,0
619,231,153.452,2026-09-27T12:54:31.902,16,0,0
619,232,158.348,2026-09-27T12:57:10.25,16,0,0
619,233,151.929,2026-09-27T12:59:42.179,16,0,0
619,234,152.109,2026-09-27T13:02:14.288,16,0,0
619,235,154.445,2026-09-27T13:04:48.733,16,0,0
619,236,174.991,2026-09-27T13:07:43.724,16,1,0
619,237,323.589,2026-09-27T13:13:07.313,16,0,0
619,238,414.611,2026-09-27T13:20:01.924,17,1,0
619,239,191.736,2026-09-27T13:23:13.66,17,0,0
619,240,154.883,2026-09-27T13:25:48.543,16,0,0
619,241,153.524,2026-09-27T13:28:22.067,16,0,0
619,242,164.297,2026-09-27T13:31:06.364,16,0,0
619,243,152.471,2026-09-27T13:33:38.835,16,0,0
619,244,150.221,2026-09-27T13:36:09.056,16,0,0
619,245,155.875,2026-09-27T13:38:44.931,16,0,0
619,246,151.474,2026-09-27T13:41:16.405,16,0,0
619,247,152.532,2026-09-27T13:43:48.937,16,0,0
619,248,152.211,2026-09-27T13:46:21.148,16,0,0
619,249,153.346,2026-09-27T13:48:54.494,16,0,0
619,250,152.427,2026-09-27T13:51:26.921,16,0,0
619,251,157.373,2026-09-27T13:54:04.294,16,0,0
619,252,162.4,2026-09-27T13:56:46.694,16,0,0
619,253,156.377,2026-09-27T13:59:23.071,16,0,0
619,254,152.138,2026-09-27T14:01:55.209,16,0,0
619,255,153.534,2026-09-27T14:04:28.743,16,0,0
619,256,152.549,2026-09-27T14:07:01.292,16,0,0
619,257,161.828,2026-09-27T14:09:43.12,16,0,0
619,258,152.227,2026-09-27T14:12:15.347,15,0,0
619,259,152.188,2026-09-27T14:14:47.535,15,0,0
619,260,159.264,2026-09-27T14:17:26.799,15,0,0
619,261,154.433,2026-09-27T14:20:01.232,15,0,0
619,262,157.989,2026-09-27T14:22:39.221,15,0,0
619,263,378.892,2026-09-27T14:28:58.113,15,1,0
619,264,188.795,2026-09-27T14:32:06.908,15,0,0
619,265,162.019,2026-09-27T14:34:48.927,15,0,0
619,266,154.431,2026-09-27T14:37:23.358,15,0,0
619,267,151.017,2026-09-27T14:39:54.375,15,0,0
619,268,151.875,2026-09-27T14:42:26.25,15,0,0
619,269,157.18,2026-09-27T14:45:03.43,15,0,0
619,270,153.185,2026-09-27T14:47:36.615,15,0,0
619,271,150.883,2026-09-27T14:50:07.498,15,0,0
619,272,154.056,2026-09-27T14:52:41.554,15,0,0
619,273,154.127,2026-09-27T14:55:15.681,15,0,0
619,274,157.602,2026-09-27T14:57:53.283,15,0,0
619,275,156.191,2026-09-27T15:00:29.474,15,0,0
619,276,161.175,2026-09-27T15:03:10.649,15,0,0
619,277,157.378,2026-09-27T15:05:48.027,15,0,0
619,278,158.776,2026-09-27T15:08:26.803,15,0,0
619,279,156.314,2026-09-27T15:11:03.117,15,0,0
619,280,153.484,2026-09-27T15:13:36.601,15,0,0
619,281,154.727,2026-09-27T15:16:11.328,15,0,0
619,282,152.932,2026-09-27T15:18:44.26,15,0,0
619,283,151.253,2026-09-27T15:21:15.513,15,0,0
619,284,157.509,2026-09-27T15:23:53.022,15,0,0
619,285,155.999,2026-09-27T15:26:29.021,15,0,0
619,286,151.576,2026-09-27T15:29:00.597,15,0,0
619,287,154.197,2026-09-27T15:31:34.794,15,0,0
8,1,216.92,2026-09-26T10:05:56.868,41,0,0
8,2,216.646,2026-09-26T10:09:33.514,49,0,0
8,3,221.937,2026-09-26T10:13:15.451,61,0,0
8,4,206.938,2026-09-26T10:16:42.389,68,0,0
8,5,197.691,2026-09-26T10:20:00.08,68,0,0
8,6,211.436,2026-09-26T10:23:31.516,71,0,0
8,7,189.518,2026-09-26T10:26:41.034,72,0,0
8,8,184.302,2026-09-26T10:29:45.336,72,0,0
8,9,178.339,2026-09-26T10:32:43.675,70,0,0
8,10,176.034,2026-09-26T10:35:39.709,68,0,0
8,11,185.301,2026-09-26T10:38:45.01,64,0,0
8,12,193.654,2026-09-26T10:41:58.664,63,0,0
8,13,184.32,2026-09-26T10:45:02.984,62,0,0
8,14,173.963,2026-09-26T10:47:56.947,60,0,0
8,15,173.398,2026-09-26T10:50:50.345,54,0,0
8,16,167.615,2026-09-26T10:53:37.96,52,0,0
8,17,168.139,2026-09-26T10:56:26.099,50,0,0
8,18,170.724,2026-09-26T10:59:16.823,52,0,0
8,19,176.571,2026-09-26T11:02:13.394,50,0,0
8,20,167.179,2026-09-26T11:05:00.573,50,0,0
8,21,170.951,2026-09-26T11:07:51.524,48,0,0
8,22,166.326,2026-09-26T11:10:37.85,46,0,0
8,23,208.196,2026-09-26T11:14:06.046,43,1,0
8,24,411.744,2026-09-26T11:20:57.79,51,0,0
8,25,179.758,2026-09-26T11:23:57.548,51,0,0
8,26,173.775,2026-09-26T11:26:51.323,51,0,0
8,27,173.533,2026-09-26T11:29:44.856,51,0,0
8,28,171.862,2026-09-26T11:32:36.718,51,0,0
8,29,178.466,2026-09-26T11:35:35.184,50,0,0
8,30,177.181,2026-09-26T11:38:32.365,49,0,0
8,31,178.163,2026-09-26T11:41:30.528,49,0,0
8,32,186.475,2026-09-26T11:44:37.003,48,0,0
8,33,184.553,2026-09-26T11:47:41.556,47,0,0
8,34,176.231,2026-09-26T11:50:37.787,47,0,0
8,35,172.134,2026-09-26T11:53:29.921,46,0,0
8,36,172.59,2026-09-26T11:56:22.511,46,0,0
8,37,174.1,2026-09-26T11:59:16.611,45,0,0
8,38,174.963,2026-09-26T12:02:11.574,42,0,0
8,39,177.226,2026-09-26T12:05:08.8,40,0,0
8,40,176.384,2026-09-26T12:08:05.184,39,0,0
8,41,175.815,2026-09-26T12:11:00.999,36,0,0
8,42,179.08,2026-09-26T12:14:00.079,35,0,0
8,43,180.044,2026-09-26T12:17:00.123,35,0,0
8,44,178.287,2026-09-26T12:19:58.41,34,0,0
8,45,176.055,2026-09-26T12:22:54.465,34,0,0
8,46,179.676,2026-09-26T12:25:54.141,34,0,0
8,47,175.549,2026-09-26T12:28:49.69,34,0,0
8,48,171.505,2026-09-26T12:31:41.195,34,0,0
8,49,171.835,2026-09-26T12:34:33.03,34,0,0
8,50,170.369,2026-09-26T12:37:23.399,35,0,0
8,51,175.868,2026-09-26T12:40:19.267,35,0,0
8,52,171.941,2026-09-26T12:43:11.208,35,0,0
8,53,169.977,2026-09-26T12:46:01.185,35,0,0
8,54,175.062,2026-09-26T12:48:56.247,34,0,0
8,55,168.243,2026-09-26T12:51:44.49,34,0,0
8,56,172.372,2026-09-26T12:54:36.862,34,0,0
8,57,170.729,2026-09-26T12:57:27.591,34,0,0
8,58,173.851,2026-09-26T13:00:21.442,32,0,0
8,59,623.509,2026-09-26T13:10:44.951,41,1,0
8,60,705.327,2026-09-26T13:22:30.278,48,1,0
8,61,858.835,2026-09-26T13:36:49.113,50,0,0
8,62,179.191,2026-09-26T13:39:48.304,50,0,0
8,63,180.703,2026-09-26T13:42:49.007,50,0,0
8,64,171.636,2026-09-26T13:45:40.643,50,0,0
8,65,165.506,2026-09-26T13:48:26.149,50,0,0
8,66,162.708,2026-09-26T13:51:08.857,50,0,0
8,67,160.892,2026-09-26T13:53:49.749,50,0,0
8,68,168.849,2026-09-26T13:56:38.598,50,0,0
8,69,161.681,2026-09-26T13:59:20.279,50,0,0
8,70,158.411,2026-09-26T14:01:58.69,49,0,0
8,71,161.469,2026-09-26T14:04:40.159,47,0,0
8,72,158.83,2026-09-26T14:07:18.989,47,0,0
8,73,164.647,2026-09-26T14:10:03.636,46,0,0
8,74,161.544,2026-09-26T14:12:45.18,45,0,0
8,75,170.531,2026-09-26T14:15:35.711,45,0,0
8,76,161.106,2026-09-26T14:18:16.817,44,0,0
8,77,160.237,2026-09-26T14:20:57.054,43,0,0
8,78,162.172,2026-09-26T14:23:39.226,43,0,0
8,79,164.639,2026-09-26T14:26:23.865,42,0,0
8,80,159.368,2026-09-26T14:29:03.233,42,0,0
8,81,160.861,2026-09-26T14:31:44.094,42,0,0
8,82,161.102,2026-09-26T14:34:25.196,41,0,0
8,83,159.286,2026-09-26T14:37:04.482,41,0,0
8,84,161.676,2026-09-26T14:39:46.158,40,0,0
8,85,157.59,2026-09-26T14:42:23.748,40,0,0
8,86,166.532,2026-09-26T14:45:10.28,39,0,0
8,87,160.628,2026-09-26T14:47:50.908,38,0,0
8,88,160.334,2026-09-26T14:50:31.242,37,0,0
8,89,186.61,2026-09-26T14:53:37.852,37,0,0
8,90,164.935,2026-09-26T14:56:22.787,35,0,0
8,91,181.728,2026-09-26T14:59:24.515,35,0,0
8,92,157.603,2026-09-26T15:02:02.118,35,0,0
8,93,177.291,2026-09-26T15:04:59.409,34,0,0
8,94,161.304,2026-09-26T15:07:40.713,34,0,0
8,95,167.524,2026-09-26T15:10:28.237,34,0,0
8,96,162.201,2026-09-26T15:13:10.438,34,0,0
8,97,172.391,2026-09-26T15:16:02.829,34,0,0
8,98,193.493,2026-09-26T15:19:16.322,34,0,0
8,99,164.916,2026-09-26T15:22:01.238,34,0,0
8,100,157.031,2026-09-26T15:24:38.269,34,0,0
8,101,159.111,2026-09-26T15:27:17.38,34,0,0
8,102,209.961,2026-09-26T15:30:47.341,34,0,0
8,103,202.408,2026-09-26T15:34:09.749,33,0,0
8,104,161.143,2026-09-26T15:36:50.892,33,0,0
8,105,154.885,2026-09-26T15:39:25.777,33,0,0
8,106,156.405,2026-09-26T15:42:02.182,33,0,0
8,107,167.49,2026-09-26T15:44:49.672,33,0,0
8,108,152.978,2026-09-26T15:47:22.65,33,0,0
8,109,166.339,2026-09-26T15:50:08.989,33,0,0
8,110,185.907,2026-09-26T15:53:14.896,33,0,0
8,111,173.425,2026-09-26T15:56:08.321,33,0,1
8,112,702.997,2026-09-26T16:07:51.318,33,1,1
8,113,245.555,2026-09-26T16:11:56.873,32,0,1
8,114,247.733,2026-09-26T16:16:04.606,32,0,1
8,115,177.894,2026-09-26T16:19:02.5,31,0,0
8,116,155.38,2026-09-26T16:21:37.88,31,0,0
8,117,153.682,2026-09-26T16:24:11.562,30,0,0
8,118,152.076,2026-09-26T16:26:43.638,30,0,0
8,119,147.067,2026-09-26T16:29:10.705,29,0,0
8,120,153.697,2026-09-26T16:31:44.402,29,0,0
8,121,155.858,2026-09-26T16:34:20.26,29,0,0
8,122,147.872,2026-09-26T16:36:48.132,29,0,0
8,123,143.575,2026-09-26T16:39:11.707,27,0,0
8,124,152.095,2026-09-26T16:41:43.802,27,0,0
8,125,155.082,2026-09-26T16:44:18.884,27,0,0
8,126,150.274,2026-09-26T16:46:49.158,27,0,0
8,127,146.249,2026-09-26T16:49:15.407,27,0,0
8,128,145.819,2026-09-26T16:51:41.226,27,0,0
8,129,156.115,2026-09-26T16:54:17.341,27,0,0
8,130,150.798,2026-09-26T16:56:48.139,27,0,0
8,131,148.186,2026-09-26T16:59:16.325,27,0,0
8,132,150.805,2026-09-26T17:01:47.13,27,0,0
8,133,144.429,2026-09-26T17:04:11.559,27,0,0
8,134,151.625,2026-09-26T17:06:43.184,27,0,0
8,135,161.703,2026-09-26T17:09:24.887,27,0,0
8,136,166.072,2026-09-26T17:12:10.959,26,0,0
8,137,164.9,2026-09-26T17:14:55.859,26,0,0
8,138,163.071,2026-09-26T17:17:38.93,26,0,0
8,139,149.623,2026-09-26T17:20:08.553,26,0,0
8,140,154.572,2026-09-26T17:22:43.125,26,0,0
8,141,158.086,2026-09-26T17:25:21.211,26,0,0
8,142,147.69,2026-09-26T17:27:48.901,26,0,0
8,143,148.771,2026-09-26T17:30:17.672,26,0,0
8,144,156.789,2026-09-26T17:32:54.461,25,0,0
8,145,148.153,2026-09-26T17:35:22.614,25,0,0
8,146,145.725,2026-09-26T17:37:48.339,25,0,0
8,147,147.015,2026-09-26T17:40:15.354,25,0,0
8,148,158.835,2026-09-26T17:42:54.189,25,0,0
8,149,159.507,2026-09-26T17:45:33.696,25,0,0
8,150,152.253,2026-09-26T17:48:05.949,23,0,0
8,151,151.814,2026-09-26T17:50:37.763,23,0,1
8,152,193.245,2026-09-26T17:53:51.008,23,0,1
8,153,222.128,2026-09-26T17:57:33.136,23,0,1
8,154,304.594,2026-09-26T18:02:37.73,23,0,1
8,155,53723.049,2026-09-27T08:58:00.779,23,0,0
8,156,203.159,2026-09-27T09:01:23.938,24,0,0
8,157,197.002,2026-09-27T09:04:40.94,24,0,0
8,158,191.686,2026-09-27T09:07:52.626,24,0,0
8,159,192.038,2026-09-27T09:11:04.664,24,0,0
8,160,184.615,2026-09-27T09:14:09.279,24,0,0
8,161,187.653,2026-09-27T09:17:16.932,25,0,0
8,162,182.378,2026-09-27T09:20:19.31,25,0,0
8,163,183.281,2026-09-27T09:23:22.591,25,0,0
8,164,177.514,2026-09-27T09:26:20.105,25,0,0
8,165,174.647,2026-09-27T09:29:14.752,23,0,0
8,166,170.611,2026-09-27T09:32:05.363,23,0,0
8,167,170.502,2026-09-27T09:34:55.865,23,0,0
8,168,178.377,2026-09-27T09:37:54.242,24,0,0
8,169,170.871,2026-09-27T09:40:45.113,24,0,0
8,170,182.343,2026-09-27T09:43:47.456,24,0,0
8,171,175.369,2026-09-27T09:46:42.825,23,0,0
8,172,175.416,2026-09-27T09:49:38.241,23,0,0
8,173,169.988,2026-09-27T09:52:28.229,23,0,0
8,174,165.459,2026-09-27T09:55:13.688,22,0,0
8,175,163.072,2026-09-27T09:57:56.76,22,0,0
8,176,164.883,2026-09-27T10:00:41.643,22,0,0
8,177,169.282,2026-09-27T10:03:30.925,22,0,0
8,178,215.524,2026-09-27T10:07:06.449,22,1,0
8,179,405.961,2026-09-27T10:13:52.41,22,0,0
8,180,169.757,2026-09-27T10:16:42.167,22,0,0
8,181,177.984,2026-09-27T10:19:40.151,23,0,0
8,182,170.19,2026-09-27T10:22:30.341,23,0,0
8,183,1190.017,2026-09-27T10:42:20.358,23,0,1
8,184,198.49,2026-09-27T10:45:38.848,21,0,0
8,185,177.103,2026-09-27T10:48:35.951,21,0,0
8,186,170.211,2026-09-27T10:51:26.162,21,0,0
8,187,170.579,2026-09-27T10:54:16.741,21,0,0
8,188,168.662,2026-09-27T10:57:05.403,21,0,0
8,189,170.929,2026-09-27T10:59:56.332,21,0,0
8,190,170.571,2026-09-27T11:02:46.903,21,0,0
8,191,169.728,2026-09-27T11:05:36.631,21,0,0
8,192,178.433,2026-09-27T11:08:35.064,21,0,0
8,193,167.42,2026-09-27T11:11:22.484,21,0,0
8,194,170.069,2026-09-27T11:14:12.553,21,0,0
8,195,171.939,2026-09-27T11:17:04.492,21,0,0
8,196,173.689,2026-09-27T11:19:58.181,21,0,0
8,197,166.545,2026-09-27T11:22:44.726,21,0,0
8,198,171.175,2026-09-27T11:25:35.901,21,0,0
8,199,169.909,2026-09-27T11:28:25.81,21,0,0
8,200,169.076,2026-09-27T11:31:14.886,21,0,0
8,201,541.819,2026-09-27T11:40:16.705,22,1,0
8,202,195.62,2026-09-27T11:43:32.325,23,0,0
8,203,162.178,2026-09-27T11:46:14.503,23,0,0
8,204,165.669,2026-09-27T11:49:00.172,23,0,0
8,205,163.865,2026-09-27T11:51:44.037,23,0,0
8,206,185.668,2026-09-27T11:54:49.705,23,1,0
8,207,302.213,2026-09-27T11:59:51.918,24,0,0
8,208,169.088,2026-09-27T12:02:41.006,24,0,0
8,209,162.93,2026-09-27T12:05:23.936,24,0,0
8,210,168.896,2026-09-27T12:08:12.832,22,0,0
8,211,169.533,2026-09-27T12:11:02.365,22,0,0
8,212,160.688,2026-09-27T12:13:43.053,21,0,0
8,213,161.489,2026-09-27T12:16:24.542,21,0,0
8,214,161.607,2026-09-27T12:19:06.149,21,0,0
8,215,167.014,2026-09-27T12:21:53.163,20,0,0
8,216,160.473,2026-09-27T12:24:33.636,19,0,0
8,217,165.314,2026-09-27T12:27:18.95,19,0,0
8,218,163.314,2026-09-27T12:30:02.264,19,0,0
8,219,165.111,2026-09-27T12:32:47.375,19,0,0
8,220,159.033,2026-09-27T12:35:26.408,18,0,0
8,221,169.794,2026-09-27T12:38:16.202,18,0,0
8,222,166.108,2026-09-27T12:41:02.31,18,0,0
8,223,175.838,2026-09-27T12:43:58.148,18,0,0
8,224,157.783,2026-09-27T12:46:35.931,18,0,0
8,225,159.334,2026-09-27T12:49:15.265,18,0,0
8,226,161.982,2026-09-27T12:51:57.247,18,0,0
8,227,173.555,2026-09-27T12:54:50.802,18,0,0
8,228,161.467,2026-09-27T12:57:32.269,18,0,0
8,229,165.276,2026-09-27T13:00:17.545,18,0,0
8,230,156.824,2026-09-27T13:02:54.369,18,0,0
8,231,156.808,2026-09-27T13:05:31.177,18,0,0
8,232,156.856,2026-09-27T13:08:08.033,18,0,0
8,233,157.499,2026-09-27T13:10:45.532,18,0,0
8,234,162.644,2026-09-27T13:13:28.176,18,0,0
8,235,159.569,2026-09-27T13:16:07.745,18,0,0
8,236,159.114,2026-09-27T13:18:46.859,18,0,0
8,237,160.26,2026-09-27T13:21:27.119,18,0,0
8,238,154.861,2026-09-27T13:24:01.98,18,0,0
8,239,161.425,2026-09-27T13:26:43.405,18,0,0
8,240,186.497,2026-09-27T13:29:49.902,17,1,0
8,241,347.46,2026-09-27T13:35:37.362,20,0,0
8,242,514.929,2026-09-27T13:44:12.291,21,1,0
8,243,180.386,2026-09-27T13:47:12.677,21,0,0
8,244,148.614,2026-09-27T13:49:41.291,21,0,0
8,245,147.654,2026-09-27T13:52:08.945,20,0,0
8,246,153.842,2026-09-27T13:54:42.787,19,0,0
8,247,148.195,2026-09-27T13:57:10.982,19,0,0
8,248,149.193,2026-09-27T13:59:40.175,19,0,0
8,249,149.868,2026-09-27T14:02:10.043,18,0,0
8,250,154.619,2026-09-27T14:04:44.662,18,0,0
8,251,146.64,2026-09-27T14:07:11.302,18,0,0
8,252,160.333,2026-09-27T14:09:51.635,18,0,0
8,253,149.304,2026-09-27T14:12:20.939,18,0,0
8,254,153.799,2026-09-27T14:14:54.738,18,0,0
8,255,148.831,2026-09-27T14:17:23.569,18,0,0
8,256,149.344,2026-09-27T14:19:52.913,18,0,0
8,257,155.182,2026-09-27T14:22:28.095,18,0,0
8,258,147.89,2026-09-27T14:24:55.985,17,0,0
8,259,149.954,2026-09-27T14:27:25.939,17,0,0
8,260,148.736,2026-09-27T14:29:54.675,17,0,0
8,261,151.056,2026-09-27T14:32:25.731,17,0,0
8,262,149.511,2026-09-27T14:34:55.242,17,0,0
8,263,156.052,2026-09-27T14:37:31.294,17,0,0
8,264,153.264,2026-09-27T14:40:04.558,17,0,0
8,265,146.997,2026-09-27T14:42:31.555,17,0,0
8,266,152.037,2026-09-27T14:45:03.592,17,0,0
8,267,149.343,2026-09-27T14:47:32.935,17,0,0
8,268,145.168,2026-09-27T14:49:58.103,17,0,0
8,269,149.263,2026-09-27T14:52:27.366,16,0,0
8,270,157.281,2026-09-27T14:55:04.647,16,0,0
8,271,154.275,2026-09-27T14:57:38.922,16,0,0
8,272,151.969,2026-09-27T15:00:10.891,16,0,0
8,273,150.475,2026-09-27T15:02:41.366,16,0,0
8,274,148.094,2026-09-27T15:05:09.46,16,0,0
8,275,145.425,2026-09-27T15:07:34.885,16,0,0
8,276,145.684,2026-09-27T15:10:00.569,16,0,0
8,277,153.665,2026-09-27T15:12:34.234,16,0,0
8,278,160.566,2026-09-27T15:15:14.8,16,0,0
8,279,161.552,2026-09-27T15:17:56.352,16,0,0
8,280,149.395,2026-09-27T15:20:25.747,16,0,0
8,281,152.877,2026-09-27T15:22:58.624,16,0,0
8,282,147.696,2026-09-27T15:25:26.32,16,0,0
8,283,146.156,2026-09-27T15:27:52.476,16,0,0
8,284,147.293,2026-09-27T15:30:19.769,16,0,0
71,1,172.425,2026-09-26T10:04:51.805,4,0,0
71,2,174.292,2026-09-26T10:07:46.097,3,0,0
71,3,156.975,2026-09-26T10:10:23.072,4,0,0
71,4,173.545,2026-09-26T10:13:16.617,4,0,0
71,5,163.372,2026-09-26T10:15:59.989,5,0,0
71,6,188.951,2026-09-26T10:19:08.94,5,0,0
71,7,172.03,2026-09-26T10:22:00.97,5,0,0
71,8,161.258,2026-09-26T10:24:42.228,5,0,0
71,9,150.309,2026-09-26T10:27:12.537,5,0,0
71,10,153.939,2026-09-26T10:29:46.476,5,0,0
71,11,157.264,2026-09-26T10:32:23.74,5,0,0
71,12,163.098,2026-09-26T10:35:06.838,6,0,0
71,13,153.045,2026-09-26T10:37:39.883,7,0,0
71,14,155.454,2026-09-26T10:40:15.337,7,0,0
71,15,157.577,2026-09-26T10:42:52.914,7,0,0
71,16,159.094,2026-09-26T10:45:32.008,7,0,0
71,17,155.558,2026-09-26T10:48:07.566,7,0,0
71,18,151.413,2026-09-26T10:50:38.979,7,0,0
71,19,164.236,2026-09-26T10:53:23.215,7,0,0
71,20,167.17,2026-09-26T10:56:10.385,9,0,0
71,21,150.699,2026-09-26T10:58:41.084,10,0,0
71,22,153.541,2026-09-26T11:01:14.625,10,0,0
71,23,147.679,2026-09-26T11:03:42.304,9,0,0
71,24,147.517,2026-09-26T11:06:09.821,9,0,0
71,25,151.46,2026-09-26T11:08:41.281,9,0,0
71,26,158.332,2026-09-26T11:11:19.613,9,0,0
71,27,153.142,2026-09-26T11:13:52.755,8,0,0
71,28,146.002,2026-09-26T11:16:18.757,8,0,0
71,29,155.624,2026-09-26T11:18:54.381,7,0,0
71,30,163.553,2026-09-26T11:21:37.934,7,0,0
71,31,148.293,2026-09-26T11:24:06.227,7,0,0
71,32,152.311,2026-09-26T11:26:38.538,7,0,0
71,33,150.304,2026-09-26T11:29:08.842,9,0,0
71,34,155.902,2026-09-26T11:31:44.744,8,0,0
71,35,153.038,2026-09-26T11:34:17.782,8,0,0
71,36,156.16,2026-09-26T11:36:53.942,8,0,0
71,37,155.46,2026-09-26T11:39:29.402,7,0,0
71,38,150.596,2026-09-26T11:41:59.998,6,0,0
71,39,169.702,2026-09-26T11:44:49.7,6,0,0
71,40,173.315,2026-09-26T11:47:43.015,6,0,0
71,41,153.916,2026-09-26T11:50:16.931,5,0,0
71,42,151.364,2026-09-26T11:52:48.295,5,0,0
71,43,147.092,2026-09-26T11:55:15.387,5,0,0
71,44,150.311,2026-09-26T11:57:45.698,5,0,0
71,45,151.273,2026-09-26T12:00:16.971,4,0,0
71,46,151.41,2026-09-26T12:02:48.381,2,0,0
71,47,148.093,2026-09-26T12:05:16.474,2,0,0
71,48,148.913,2026-09-26T12:07:45.387,2,0,0
71,49,157.0,2026-09-26T12:10:22.387,1,0,0
71,50,152.162,2026-09-26T12:12:54.549,1,0,0
71,51,151.505,2026-09-26T12:15:26.054,1,0,0
71,52,160.08,2026-09-26T12:18:06.134,1,0,0
71,53,564.128,2026-09-26T12:27:30.262,10,1,0
71,54,212.909,2026-09-26T12:31:03.171,13,0,0
71,55,155.832,2026-09-26T12:33:39.003,13,0,0
71,56,166.068,2026-09-26T12:36:25.071,13,0,0
71,57,178.168,2026-09-26T12:39:23.239,14,0,0
71,58,188.319,2026-09-26T12:42:31.558,14,0,0
71,59,165.121,2026-09-26T12:45:16.679,14,0,0
71,60,158.36,2026-09-26T12:47:55.039,14,0,0
71,61,164.588,2026-09-26T12:50:39.627,15,0,0
71,62,175.437,2026-09-26T12:53:35.064,15,0,0
71,63,165.953,2026-09-26T12:56:21.017,15,0,0
71,64,172.646,2026-09-26T12:59:13.663,15,0,0
71,65,165.038,2026-09-26T13:01:58.701,15,0,0
71,66,160.711,2026-09-26T13:04:39.412,13,0,0
71,67,162.95,2026-09-26T13:07:22.362,12,0,0
71,68,169.209,2026-09-26T13:10:11.571,12,0,0
71,69,163.311,2026-09-26T13:12:54.882,12,0,0
71,70,165.039,2026-09-26T13:15:39.921,12,0,0
71,71,167.735,2026-09-26T13:18:27.656,13,0,0
71,72,165.92,2026-09-26T13:21:13.576,13,0,0
71,73,165.532,2026-09-26T13:23:59.108,13,0,0
71,74,160.133,2026-09-26T13:26:39.241,13,0,0
71,75,162.731,2026-09-26T13:29:21.972,13,0,0
71,76,159.15,2026-09-26T13:32:01.122,13,0,0
71,77,164.353,2026-09-26T13:34:45.475,13,0,0
71,78,156.391,2026-09-26T13:37:21.866,13,0,0
71,79,160.5,2026-09-26T13:40:02.366,13,0,0
71,80,168.154,2026-09-26T13:42:50.52,14,0,0
71,81,171.818,2026-09-26T13:45:42.338,14,0,0
71,82,163.333,2026-09-26T13:48:25.671,14,0,0
71,83,157.227,2026-09-26T13:51:02.898,14,0,0
71,84,160.266,2026-09-26T13:53:43.164,13,0,0
71,85,680.814,2026-09-26T14:05:03.978,17,1,0
71,86,268.186,2026-09-26T14:09:32.164,17,1,0
71,87,195.541,2026-09-26T14:12:47.705,18,0,0
71,88,163.354,2026-09-26T14:15:31.059,18,0,0
71,89,152.34,2026-09-26T14:18:03.399,18,0,0
71,90,153.154,2026-09-26T14:20:36.553,18,0,0
71,91,161.321,2026-09-26T14:23:17.874,16,0,0
71,92,154.599,2026-09-26T14:25:52.473,16,0,0
71,93,155.794,2026-09-26T14:28:28.267,16,0,0
71,94,158.961,2026-09-26T14:31:07.228,18,0,0
71,95,163.411,2026-09-26T14:33:50.639,18,0,0
71,96,167.245,2026-09-26T14:36:37.884,18,0,0
71,97,156.477,2026-09-26T14:39:14.361,18,0,0
71,98,151.478,2026-09-26T14:41:45.839,18,0,0
71,99,158.42,2026-09-26T14:44:24.259,18,0,0
71,100,159.403,2026-09-26T14:47:03.662,18,0,0
71,101,173.639,2026-09-26T14:49:57.301,18,0,0
71,102,180.138,2026-09-26T14:52:57.439,18,0,0
71,103,169.826,2026-09-26T14:55:47.265,18,0,0
71,104,163.776,2026-09-26T14:58:31.041,18,0,0
71,105,183.098,2026-09-26T15:01:34.139,18,0,0
71,106,153.647,2026-09-26T15:04:07.786,18,0,0
71,107,170.573,2026-09-26T15:06:58.359,17,0,0
71,108,162.149,2026-09-26T15:09:40.508,17,0,0
71,109,186.033,2026-09-26T15:12:46.541,17,0,0
71,110,186.011,2026-09-26T15:15:52.552,18,0,0
71,111,188.099,2026-09-26T15:19:00.651,16,0,0
71,112,150.4,2026-09-26T15:21:31.051,14,0,0
71,113,153.672,2026-09-26T15:24:04.723,13,0,0
71,114,163.235,2026-09-26T15:26:47.958,13,0,0
71,115,209.584,2026-09-26T15:30:17.542,12,0,0
71,116,213.496,2026-09-26T15:33:51.038,12,0,0
71,117,159.694,2026-09-26T15:36:30.732,11,0,0
71,118,153.172,2026-09-26T15:39:03.904,11,0,0
71,119,157.923,2026-09-26T15:41:41.827,9,0,0
71,120,148.102,2026-09-26T15:44:09.929,9,0,0
71,121,169.268,2026-09-26T15:46:59.197,9,0,0
71,122,167.161,2026-09-26T15:49:46.358,9,0,0
71,123,168.315,2026-09-26T15:52:34.673,9,0,0
71,124,188.25,2026-09-26T15:55:42.923,9,0,0
71,125,715.646,2026-09-26T16:07:38.569,13,1,1
71,126,256.951,2026-09-26T16:11:55.52,13,0,1
71,127,247.585,2026-09-26T16:16:03.105,13,0,1
71,128,179.293,2026-09-26T16:19:02.398,13,0,0
71,129,144.89,2026-09-26T16:21:27.288,13,0,0
71,130,156.678,2026-09-26T16:24:03.966,12,0,0
71,131,145.353,2026-09-26T16:26:29.319,12,0,0
71,132,154.707,2026-09-26T16:29:04.026,13,0,0
71,133,157.892,2026-09-26T16:31:41.918,13,0,0
71,134,157.201,2026-09-26T16:34:19.119,13,0,0
71,135,150.321,2026-09-26T16:36:49.44,12,0,0
71,136,150.319,2026-09-26T16:39:19.759,12,0,0
71,137,154.116,2026-09-26T16:41:53.875,12,0,0
71,138,166.725,2026-09-26T16:44:40.6,12,0,0
71,139,159.432,2026-09-26T16:47:20.032,12,0,0
71,140,149.008,2026-09-26T16:49:49.04,12,0,0
71,141,149.145,2026-09-26T16:52:18.185,10,0,0
71,142,150.181,2026-09-26T16:54:48.366,10,0,0
71,143,151.795,2026-09-26T16:57:20.161,10,0,0
71,144,150.273,2026-09-26T16:59:50.434,10,0,0
71,145,151.257,2026-09-26T17:02:21.691,10,0,0
71,146,158.324,2026-09-26T17:05:00.015,10,0,0
71,147,157.556,2026-09-26T17:07:37.571,10,0,0
71,148,160.493,2026-09-26T17:10:18.064,10,0,0
71,149,165.459,2026-09-26T17:13:03.523,10,0,0
71,150,161.898,2026-09-26T17:15:45.421,10,0,0
71,151,157.314,2026-09-26T17:18:22.735,10,0,0
71,152,169.407,2026-09-26T17:21:12.142,10,0,0
71,153,156.555,2026-09-26T17:23:48.697,10,0,0
71,154,162.113,2026-09-26T17:26:30.81,10,0,0
71,155,155.745,2026-09-26T17:29:06.555,10,0,0
71,156,157.729,2026-09-26T17:31:44.284,10,0,0
71,157,157.831,2026-09-26T17:34:22.115,10,0,0
71,158,151.633,2026-09-26T17:36:53.748,10,0,0
71,159,159.432,2026-09-26T17:39:33.18,10,0,0
71,160,164.877,2026-09-26T17:42:18.057,10,0,0
71,161,166.472,2026-09-26T17:45:04.529,10,0,0
71,162,158.662,2026-09-26T17:47:43.191,10,0,0
71,163,162.455,2026-09-26T17:50:25.646,10,0,1
71,164,199.911,2026-09-26T17:53:45.557,10,0,1
71,165,221.894,2026-09-26T17:57:27.451,10,0,1
71,166,301.811,2026-09-26T18:02:29.262,10,0,1
71,167,53683.187,2026-09-27T08:57:12.449,10,0,0
71,168,157.189,2026-09-27T08:59:49.638,10,0,0
71,169,167.381,2026-09-27T09:02:37.019,10,0,0
71,170,154.5,2026-09-27T09:05:11.519,10,0,0
71,171,159.734,2026-09-27T09:07:51.253,10,0,0
71,172,160.998,2026-09-27T09:10:32.251,10,0,0
71,173,152.836,2026-09-27T09:13:05.087,10,0,0
71,174,161.378,2026-09-27T09:15:46.465,10,0,0
71,175,155.258,2026-09-27T09:18:21.723,10,0,0
71,176,165.761,2026-09-27T09:21:07.484,10,0,0
71,177,177.225,2026-09-27T09:24:04.709,10,0,0
71,178,162.628,2026-09-27T09:26:47.337,10,0,0
71,179,158.597,2026-09-27T09:29:25.934,10,0,0
71,180,202.554,2026-09-27T09:32:48.488,10,1,0
71,181,365.871,2026-09-27T09:38:54.359,12,0,0
71,182,159.836,2026-09-27T09:41:34.195,12,0,0
71,183,166.377,2026-09-27T09:44:20.572,12,0,0
71,184,167.248,2026-09-27T09:47:07.82,12,0,0
71,185,211.542,2026-09-27T09:50:39.362,12,1,0
71,186,490.384,2026-09-27T09:58:49.746,13,0,0
71,187,160.135,2026-09-27T10:01:29.881,13,0,0
71,188,163.514,2026-09-27T10:04:13.395,13,0,0
71,189,163.104,2026-09-27T10:06:56.499,13,0,0
71,190,158.576,2026-09-27T10:09:35.075,13,0,0
71,191,151.901,2026-09-27T10:12:06.976,13,0,0
71,192,148.3,2026-09-27T10:14:35.276,13,0,0
71,193,156.041,2026-09-27T10:17:11.317,13,0,0
71,194,205.238,2026-09-27T10:20:36.555,13,1,0
71,195,2332.291,2026-09-27T10:59:28.846,18,0,0
71,196,163.126,2026-09-27T11:02:11.972,18,0,0
71,197,163.499,2026-09-27T11:04:55.471,18,0,0
71,198,153.997,2026-09-27T11:07:29.468,18,0,0
71,199,160.836,2026-09-27T11:10:10.304,18,0,0
71,200,162.988,2026-09-27T11:12:53.292,18,0,0
71,201,151.188,2026-09-27T11:15:24.48,18,0,0
71,202,176.46,2026-09-27T11:18:20.94,18,0,0
71,203,154.367,2026-09-27T11:20:55.307,18,0,0
71,204,162.672,2026-09-27T11:23:37.979,18,0,0
71,205,165.219,2026-09-27T11:26:23.198,18,0,0
71,206,160.706,2026-09-27T11:29:03.904,18,0,0
71,207,164.258,2026-09-27T11:31:48.162,18,0,0
71,208,167.671,2026-09-27T11:34:35.833,18,0,0
71,209,167.974,2026-09-27T11:37:23.807,18,0,0
71,210,158.881,2026-09-27T11:40:02.688,18,0,0
71,211,161.719,2026-09-27T11:42:44.407,18,0,0
71,212,155.837,2026-09-27T11:45:20.244,17,0,0
71,213,189.302,2026-09-27T11:48:29.546,17,1,0
71,214,1606.79,2026-09-27T12:15:16.336,19,0,0
71,215,157.305,2026-09-27T12:17:53.641,18,0,0
71,216,158.631,2026-09-27T12:20:32.272,17,0,0
71,217,159.886,2026-09-27T12:23:12.158,17,0,0
71,218,158.853,2026-09-27T12:25:51.011,17,0,0
71,219,162.192,2026-09-27T12:28:33.203,17,0,0
71,220,161.682,2026-09-27T12:31:14.885,17,0,0
71,221,155.134,2026-09-27T12:33:50.019,17,0,0
71,222,154.762,2026-09-27T12:36:24.781,17,0,0
71,223,157.18,2026-09-27T12:39:01.961,17,0,0
71,224,158.727,2026-09-27T12:41:40.688,17,0,0
71,225,194.855,2026-09-27T12:44:55.543,17,0,0
71,226,152.315,2026-09-27T12:47:27.858,17,0,0
71,227,160.688,2026-09-27T12:50:08.546,17,0,0
71,228,155.001,2026-09-27T12:52:43.547,17,0,0
71,229,155.139,2026-09-27T12:55:18.686,17,0,0
71,230,157.574,2026-09-27T12:57:56.26,17,0,0
71,231,156.065,2026-09-27T13:00:32.325,17,0,0
71,232,154.349,2026-09-27T13:03:06.674,17,0,0
71,233,152.192,2026-09-27T13:05:38.866,17,0,0
71,234,152.434,2026-09-27T13:08:11.3,17,0,0
71,235,153.251,2026-09-27T13:10:44.551,17,0,0
71,236,158.746,2026-09-27T13:13:23.297,17,0,0
71,237,149.406,2026-09-27T13:15:52.703,17,0,0
71,238,156.289,2026-09-27T13:18:28.992,16,0,0
71,239,157.829,2026-09-27T13:21:06.821,16,0,0
71,240,597.304,2026-09-27T13:31:04.125,19,1,0
71,241,213.541,2026-09-27T13:34:37.666,19,0,0
71,242,171.631,2026-09-27T13:37:29.297,19,0,0
71,243,147.249,2026-09-27T13:39:56.546,19,0,0
71,244,152.252,2026-09-27T13:42:28.798,18,0,0
71,245,150.408,2026-09-27T13:44:59.206,17,0,0
71,246,152.449,2026-09-27T13:47:31.655,17,0,0
71,247,167.787,2026-09-27T13:50:19.442,17,0,0
71,248,168.421,2026-09-27T13:53:07.863,17,0,0
71,249,154.157,2026-09-27T13:55:42.02,17,0,0
71,250,151.012,2026-09-27T13:58:13.032,17,0,0
71,251,151.115,2026-09-27T14:00:44.147,17,0,0
71,252,150.612,2026-09-27T14:03:14.759,17,0,0
71,253,158.889,2026-09-27T14:05:53.648,17,0,0
71,254,156.663,2026-09-27T14:08:30.311,17,0,0
71,255,161.072,2026-09-27T14:11:11.383,17,0,0
71,256,159.142,2026-09-27T14:13:50.525,17,0,0
71,257,151.748,2026-09-27T14:16:22.273,17,0,0
71,258,147.159,2026-09-27T14:18:49.432,16,0,0
71,259,160.112,2026-09-27T14:21:29.544,16,0,0
71,260,164.761,2026-09-27T14:24:14.305,16,0,0
71,261,151.614,2026-09-27T14:26:45.919,16,0,0
71,262,154.856,2026-09-27T14:29:20.775,16,0,0
71,263,161.077,2026-09-27T14:32:01.852,16,0,0
71,264,156.336,2026-09-27T14:34:38.188,16,0,0
71,265,153.247,2026-09-27T14:37:11.435,16,0,0
71,266,151.73,2026-09-27T14:39:43.165,16,0,0
71,267,153.639,2026-09-27T14:42:16.804,16,0,0
71,268,151.614,2026-09-27T14:44:48.418,16,0,0
71,269,468.585,2026-09-27T14:52:37.003,17,1,0
71,270,204.784,2026-09-27T14:56:01.787,17,0,0
71,271,145.143,2026-09-27T14:58:26.93,17,0,0
71,272,155.144,2026-09-27T15:01:02.074,17,0,0
71,273,142.25,2026-09-27T15:03:24.324,17,0,0
71,274,151.061,2026-09-27T15:05:55.385,17,0,0
71,275,159.527,2026-09-27T15:08:34.912,17,0,0
71,276,163.589,2026-09-27T15:11:18.501,17,0,0
71,277,157.003,2026-09-27T15:13:55.504,17,0,0
71,278,155.899,2026-09-27T15:16:31.403,17,0,0
71,279,158.892,2026-09-27T15:19:10.295,17,0,0
71,280,148.16,2026-09-27T15:21:38.455,17,0,0
71,281,158.785,2026-09-27T15:24:17.24,17,0,0
71,282,159.424,2026-09-27T15:26:56.664,17,0,0
71,283,161.16,2026-09-27T15:29:37.824,17,0,0
71,284,156.961,2026-09-27T15:32:14.785,17,0,0
44,1,199.737,2026-09-26T10:05:35.793,31,0,0
44,2,205.265,2026-09-26T10:09:01.058,33,0,0
44,3,188.895,2026-09-26T10:12:09.953,35,0,0
44,4,190.251,2026-09-26T10:15:20.204,37,0,0
44,5,202.035,2026-09-26T10:18:42.239,36,0,0
44,6,183.315,2026-09-26T10:21:45.554,38,0,0
44,7,153.598,2026-09-26T10:24:19.152,37,0,0
44,8,153.072,2026-09-26T10:26:52.224,36,0,0
44,9,163.973,2026-09-26T10:29:36.197,34,0,0
44,10,158.969,2026-09-26T10:32:15.166,34,0,0
44,11,176.089,2026-09-26T10:35:11.255,35,0,0
44,12,164.911,2026-09-26T10:37:56.166,33,0,0
44,13,173.952,2026-09-26T10:40:50.118,35,0,0
44,14,172.564,2026-09-26T10:43:42.682,33,0,0
44,15,165.131,2026-09-26T10:46:27.813,34,0,0
44,16,158.005,2026-09-26T10:49:05.818,32,0,0
44,17,152.128,2026-09-26T10:51:37.946,29,0,0
44,18,167.883,2026-09-26T10:54:25.829,28,0,0
44,19,156.986,2026-09-26T10:57:02.815,28,0,0
44,20,152.987,2026-09-26T10:59:35.802,28,0,0
44,21,158.922,2026-09-26T11:02:14.724,27,0,0
44,22,158.429,2026-09-26T11:04:53.153,27,0,0
44,23,155.668,2026-09-26T11:07:28.821,25,0,0
44,24,156.549,2026-09-26T11:10:05.37,26,0,0
44,25,164.688,2026-09-26T11:12:50.058,25,0,0
44,26,152.156,2026-09-26T11:15:22.214,25,0,0
44,27,159.08,2026-09-26T11:18:01.294,24,0,0
44,28,162.862,2026-09-26T11:20:44.156,23,0,0
44,29,162.599,2026-09-26T11:23:26.755,23,0,0
44,30,152.079,2026-09-26T11:25:58.834,23,0,0
44,31,156.032,2026-09-26T11:28:34.866,23,0,0
44,32,158.428,2026-09-26T11:31:13.294,23,0,0
44,33,162.661,2026-09-26T11:33:55.955,23,0,0
44,34,156.247,2026-09-26T11:36:32.202,22,0,0
44,35,171.582,2026-09-26T11:39:23.784,22,0,0
44,36,156.03,2026-09-26T11:41:59.814,23,0,0
44,37,173.418,2026-09-26T11:44:53.232,23,0,0
44,38,172.312,2026-09-26T11:47:45.544,21,0,0
44,39,158.515,2026-09-26T11:50:24.059,19,0,0
44,40,152.434,2026-09-26T11:52:56.493,18,0,0
44,41,148.995,2026-09-26T11:55:25.488,17,0,0
44,42,624.131,2026-09-26T12:05:49.619,23,1,0
44,43,207.263,2026-09-26T12:09:16.882,25,0,0
44,44,167.425,2026-09-26T12:12:04.307,25,0,0
44,45,174.913,2026-09-26T12:14:59.22,25,0,0
44,46,170.104,2026-09-26T12:17:49.324,23,0,0
44,47,181.39,2026-09-26T12:20:50.714,24,0,0
44,48,170.968,2026-09-26T12:23:41.682,24,0,0
44,49,157.338,2026-09-26T12:26:19.02,23,0,0
44,50,160.703,2026-09-26T12:28:59.723,24,0,0
44,51,160.122,2026-09-26T12:31:39.845,23,0,0
44,52,159.106,2026-09-26T12:34:18.951,23,0,0
44,53,160.37,2026-09-26T12:36:59.321,23,0,0
44,54,157.917,2026-09-26T12:39:37.238,24,0,0
44,55,178.203,2026-09-26T12:42:35.441,24,0,0
44,56,173.181,2026-09-26T12:45:28.622,25,0,0
44,57,157.255,2026-09-26T12:48:05.877,24,0,0
44,58,156.46,2026-09-26T12:50:42.337,22,0,0
44,59,163.628,2026-09-26T12:53:25.965,23,0,0
44,60,159.248,2026-09-26T12:56:05.213,22,0,0
44,61,158.555,2026-09-26T12:58:43.768,22,0,0
44,62,149.231,2026-09-26T13:01:12.999,22,0,0
44,63,155.492,2026-09-26T13:03:48.491,22,0,0
44,64,157.192,2026-09-26T13:06:25.683,23,0,0
44,65,156.932,2026-09-26T13:09:02.615,23,0,0
44,66,157.916,2026-09-26T13:11:40.531,23,0,0
44,67,164.179,2026-09-26T13:14:24.71,23,0,0
44,68,156.195,2026-09-26T13:17:00.905,22,0,0
44,69,159.215,2026-09-26T13:19:40.12,20,0,0
44,70,159.178,2026-09-26T13:22:19.298,19,0,0
44,71,153.95,2026-09-26T13:24:53.248,18,0,0
44,72,152.544,2026-09-26T13:27:25.792,18,0,0
44,73,154.105,2026-09-26T13:29:59.897,17,0,0
44,74,152.743,2026-09-26T13:32:32.64,17,0,0
44,75,154.143,2026-09-26T13:35:06.783,17,0,0
44,76,154.685,2026-09-26T13:37:41.468,17,0,0
44,77,150.783,2026-09-26T13:40:12.251,17,0,0
44,78,159.273,2026-09-26T13:42:51.524,17,0,0
44,79,166.65,2026-09-26T13:45:38.174,17,0,0
44,80,162.774,2026-09-26T13:48:20.948,17,0,0
44,81,161.529,2026-09-26T13:51:02.477,16,0,0
44,82,159.798,2026-09-26T13:53:42.275,16,0,0
44,83,710.682,2026-09-26T14:05:32.957,22,1,0
44,84,284.692,2026-09-26T14:10:17.649,22,0,0
44,85,208.21,2026-09-26T14:13:45.859,23,0,0
44,86,196.809,2026-09-26T14:17:02.668,22,0,0
44,87,206.035,2026-09-26T14:20:28.703,22,0,0
44,88,201.109,2026-09-26T14:23:49.812,22,0,0
44,89,192.197,2026-09-26T14:27:02.009,22,0,0
44,90,198.276,2026-09-26T14:30:20.285,22,0,0
44,91,197.053,2026-09-26T14:33:37.338,22,0,0
44,92,196.81,2026-09-26T14:36:54.148,22,0,0
44,93,193.212,2026-09-26T14:40:07.36,22,0,0
44,94,189.684,2026-09-26T14:43:17.044,22,0,0
44,95,194.933,2026-09-26T14:46:31.977,22,0,0
44,96,195.465,2026-09-26T14:49:47.442,24,0,0
44,97,201.317,2026-09-26T14:53:08.759,25,0,0
44,98,197.791,2026-09-26T14:56:26.55,25,0,0
44,99,197.71,2026-09-26T14:59:44.26,25,0,0
44,100,192.385,2026-09-26T15:02:56.645,25,0,0
44,101,194.196,2026-09-26T15:06:10.841,25,0,0
44,102,198.576,2026-09-26T15:09:29.417,26,0,0
44,103,206.328,2026-09-26T15:12:55.745,25,0,0
44,104,210.218,2026-09-26T15:16:25.963,25,0,0
44,105,211.425,2026-09-26T15:19:57.388,25,0,0
44,106,187.36,2026-09-26T15:23:04.748,25,0,0
44,107,190.626,2026-09-26T15:26:15.374,25,0,0
44,108,187.279,2026-09-26T15:29:22.653,25,0,0
44,109,182.542,2026-09-26T15:32:25.195,25,0,0
44,110,205.229,2026-09-26T15:35:50.424,25,0,0
44,111,191.091,2026-09-26T15:39:01.515,25,0,0
44,112,180.561,2026-09-26T15:42:02.076,24,0,0
44,113,192.814,2026-09-26T15:45:14.89,22,0,0
44,114,181.116,2026-09-26T15:48:16.006,22,0,0
44,115,714.506,2026-09-26T16:00:10.512,25,1,1
44,116,283.35,2026-09-26T16:04:53.862,25,0,1
44,117,239.245,2026-09-26T16:08:53.107,25,0,1
44,118,237.633,2026-09-26T16:12:50.74,24,0,1
44,119,263.744,2026-09-26T16:17:14.484,23,0,0
44,120,182.448,2026-09-26T16:20:16.932,23,0,0
44,121,166.244,2026-09-26T16:23:03.176,23,0,0
44,122,163.631,2026-09-26T16:25:46.807,23,0,0
44,123,165.043,2026-09-26T16:28:31.85,23,0,0
44,124,160.478,2026-09-26T16:31:12.328,23,0,0
44,125,166.579,2026-09-26T16:33:58.907,23,0,0
44,126,156.734,2026-09-26T16:36:35.641,23,0,0
44,127,155.913,2026-09-26T16:39:11.554,23,0,0
44,128,158.624,2026-09-26T16:41:50.178,23,0,0
44,129,172.348,2026-09-26T16:44:42.526,23,0,0
44,130,180.757,2026-09-26T16:47:43.283,23,0,0
44,131,158.463,2026-09-26T16:50:21.746,23,0,0
44,132,158.664,2026-09-26T16:53:00.41,23,0,0
44,133,164.692,2026-09-26T16:55:45.102,23,0,0
44,134,160.607,2026-09-26T16:58:25.709,23,0,0
44,135,155.472,2026-09-26T17:01:01.181,23,0,0
44,136,159.037,2026-09-26T17:03:40.218,23,0,0
44,137,155.266,2026-09-26T17:06:15.484,23,0,0
44,138,199.353,2026-09-26T17:09:34.837,23,1,0
44,139,435.484,2026-09-26T17:16:50.321,24,0,0
44,140,171.523,2026-09-26T17:19:41.844,24,0,0
44,141,169.326,2026-09-26T17:22:31.17,24,0,0
44,142,181.539,2026-09-26T17:25:32.709,24,0,0
44,143,168.586,2026-09-26T17:28:21.295,24,0,0
44,144,168.457,2026-09-26T17:31:09.752,24,0,0
44,145,159.679,2026-09-26T17:33:49.431,24,0,0
44,146,172.114,2026-09-26T17:36:41.545,24,0,0
44,147,168.493,2026-09-26T17:39:30.038,24,0,0
44,148,169.452,2026-09-26T17:42:19.49,24,0,0
44,149,191.4,2026-09-26T17:45:30.89,24,0,0
44,150,188.45,2026-09-26T17:48:39.34,24,0,0
44,151,206.478,2026-09-26T17:52:05.818,24,0,1
44,152,224.935,2026-09-26T17:55:50.753,24,0,1
44,153,322.643,2026-09-26T18:01:13.396,24,0,1
44,154,245.25,2026-09-26T18:05:18.646,24,0,1
44,155,53567.272,2026-09-27T08:58:05.918,24,0,0
44,156,181.274,2026-09-27T09:01:07.192,23,0,0
44,157,179.016,2026-09-27T09:04:06.208,23,0,0
44,158,161.207,2026-09-27T09:06:47.415,23,0,0
44,159,163.675,2026-09-27T09:09:31.09,23,0,0
44,160,171.381,2026-09-27T09:12:22.471,23,0,0
44,161,162.076,2026-09-27T09:15:04.547,23,0,0
44,162,160.877,2026-09-27T09:17:45.424,23,0,0
44,163,164.808,2026-09-27T09:20:30.232,23,0,0
44,164,207.4,2026-09-27T09:23:57.632,23,1,0
44,165,340.974,2026-09-27T09:29:38.606,24,0,0
44,166,165.232,2026-09-27T09:32:23.838,24,0,0
44,167,157.886,2026-09-27T09:35:01.724,24,0,0
44,168,168.622,2026-09-27T09:37:50.346,23,0,0
44,169,155.9,2026-09-27T09:40:26.246,23,0,0
44,170,159.55,2026-09-27T09:43:05.796,23,0,0
44,171,165.974,2026-09-27T09:45:51.77,22,0,0
44,172,164.017,2026-09-27T09:48:35.787,22,0,0
44,173,164.147,2026-09-27T09:51:19.934,22,0,0
44,174,171.682,2026-09-27T09:54:11.616,21,0,0
44,175,159.081,2026-09-27T09:56:50.697,21,0,0
44,176,157.029,2026-09-27T09:59:27.726,21,0,0
44,177,160.626,2026-09-27T10:02:08.352,21,0,0
44,178,163.06,2026-09-27T10:04:51.412,21,0,0
44,179,166.272,2026-09-27T10:07:37.684,20,0,0
44,180,165.446,2026-09-27T10:10:23.13,20,0,0
44,181,158.428,2026-09-27T10:13:01.558,20,0,0
44,182,158.834,2026-09-27T10:15:40.392,20,0,0
44,183,156.356,2026-09-27T10:18:16.748,20,0,0
44,184,188.551,2026-09-27T10:21:25.299,19,1,0
44,185,1448.672,2026-09-27T10:45:33.971,20,0,0
44,186,182.693,2026-09-27T10:48:36.664,20,0,0
44,187,189.56,2026-09-27T10:51:46.224,20,0,0
44,188,180.927,2026-09-27T10:54:47.151,20,0,0
44,189,179.215,2026-09-27T10:57:46.366,20,0,0
44,190,183.021,2026-09-27T11:00:49.387,20,0,0
44,191,181.929,2026-09-27T11:03:51.316,20,0,0
44,192,188.417,2026-09-27T11:06:59.733,20,0,0
44,193,183.138,2026-09-27T11:10:02.871,20,0,0
44,194,178.442,2026-09-27T11:13:01.313,20,0,0
44,195,175.533,2026-09-27T11:15:56.846,20,0,0
44,196,176.543,2026-09-27T11:18:53.389,20,0,0
44,197,176.305,2026-09-27T11:21:49.694,20,0,0
44,198,181.757,2026-09-27T11:24:51.451,20,0,0
44,199,182.506,2026-09-27T11:27:53.957,20,0,0
44,200,183.089,2026-09-27T11:30:57.046,20,0,0
44,201,182.524,2026-09-27T11:33:59.57,20,0,0
44,202,184.288,2026-09-27T11:37:03.858,20,0,0
44,203,179.845,2026-09-27T11:40:03.703,20,0,0
44,204,179.661,2026-09-27T11:43:03.364,20,0,0
44,205,183.693,2026-09-27T11:46:07.057,20,0,0
44,206,183.046,2026-09-27T11:49:10.103,20,0,0
44,207,183.658,2026-09-27T11:52:13.761,20,0,0
44,208,180.643,2026-09-27T11:55:14.404,20,0,0
44,209,184.266,2026-09-27T11:58:18.67,20,0,0
44,210,714.015,2026-09-27T12:10:12.685,23,1,0
44,211,231.259,2026-09-27T12:14:03.944,23,0,0
44,212,159.009,2026-09-27T12:16:42.953,22,0,0
44,213,159.549,2026-09-27T12:19:22.502,22,0,0
44,214,168.417,2026-09-27T12:22:10.919,22,0,0
44,215,171.324,2026-09-27T12:25:02.243,21,0,0
44,216,159.403,2026-09-27T12:27:41.646,21,0,0
44,217,153.572,2026-09-27T12:30:15.218,21,0,0
44,218,153.995,2026-09-27T12:32:49.213,21,0,0
44,219,157.017,2026-09-27T12:35:26.23,21,0,0
44,220,169.644,2026-09-27T12:38:15.874,20,0,0
44,221,160.975,2026-09-27T12:40:56.849,20,0,0
44,222,160.277,2026-09-27T12:43:37.126,20,0,0
44,223,158.45,2026-09-27T12:46:15.576,20,0,0
44,224,150.308,2026-09-27T12:48:45.884,20,0,0
44,225,163.327,2026-09-27T12:51:29.211,20,0,0
44,226,163.436,2026-09-27T12:54:12.647,20,0,0
44,227,154.199,2026-09-27T12:56:46.846,20,0,0
44,228,157.148,2026-09-27T12:59:23.994,19,0,0
44,229,151.043,2026-09-27T13:01:55.037,19,0,0
44,230,161.583,2026-09-27T13:04:36.62,19,0,0
44,231,155.573,2026-09-27T13:07:12.193,19,0,0
44,232,150.053,2026-09-27T13:09:42.246,19,0,0
44,233,160.643,2026-09-27T13:12:22.889,19,0,0
44,234,153.986,2026-09-27T13:14:56.875,19,0,0
44,235,152.909,2026-09-27T13:17:29.784,19,0,0
44,236,157.367,2026-09-27T13:20:07.151,19,0,0
44,237,156.611,2026-09-27T13:22:43.762,19,0,0
44,238,155.039,2026-09-27T13:25:18.801,19,0,0
44,239,153.89,2026-09-27T13:27:52.691,19,0,0
44,240,154.4,2026-09-27T13:30:27.091,18,0,0
44,241,155.986,2026-09-27T13:33:03.077,17,0,0
44,242,157.751,2026-09-27T13:35:40.828,17,0,0
44,243,154.619,2026-09-27T13:38:15.447,17,0,0
44,244,159.952,2026-09-27T13:40:55.399,17,0,0
44,245,635.047,2026-09-27T13:51:30.446,19,1,0
44,246,194.825,2026-09-27T13:54:45.271,20,0,0
44,247,165.029,2026-09-27T13:57:30.3,20,0,0
44,248,163.582,2026-09-27T14:00:13.882,20,0,0
44,249,168.484,2026-09-27T14:03:02.366,20,0,0
44,250,162.846,2026-09-27T14:05:45.212,20,0,0
44,251,163.167,2026-09-27T14:08:28.379,20,0,0
44,252,161.591,2026-09-27T14:11:09.97,20,0,0
44,253,163.037,2026-09-27T14:13:53.007,20,0,0
44,254,164.534,2026-09-27T14:16:37.541,20,0,0
44,255,161.522,2026-09-27T14:19:19.063,20,0,0
44,256,158.524,2026-09-27T14:21:57.587,20,0,0
44,257,157.415,2026-09-27T14:24:35.002,20,0,0
44,258,162.523,2026-09-27T14:27:17.525,19,0,0
44,259,161.667,2026-09-27T14:29:59.192,19,0,0
44,260,161.58,2026-09-27T14:32:40.772,19,0,0
44,261,157.823,2026-09-27T14:35:18.595,19,0,0
44,262,160.699,2026-09-27T14:37:59.294,19,0,0
44,263,157.646,2026-09-27T14:40:36.94,19,0,0
44,264,161.149,2026-09-27T14:43:18.089,18,0,0
44,265,156.398,2026-09-27T14:45:54.487,18,0,0
44,266,155.912,2026-09-27T14:48:30.399,18,0,0
44,267,157.357,2026-09-27T14:51:07.756,18,0,0
44,268,156.223,2026-09-27T14:53:43.979,18,0,0
44,269,165.65,2026-09-27T14:56:29.629,18,0,0
44,270,155.264,2026-09-27T14:59:04.893,18,0,0
44,271,156.147,2026-09-27T15:01:41.04,18,0,0
44,272,159.2,2026-09-27T15:04:20.24,18,0,0
44,273,158.679,2026-09-27T15:06:58.919,18,0,0
44,274,156.331,2026-09-27T15:09:35.25,18,0,0
44,275,168.76,2026-09-27T15:12:24.01,18,0,0
44,276,167.612,2026-09-27T15:15:11.622,18,0,0
44,277,166.857,2026-09-27T15:17:58.479,18,0,0
44,278,157.617,2026-09-27T15:20:36.096,18,0,0
44,279,154.844,2026-09-27T15:23:10.94,18,0,0
44,280,160.032,2026-09-27T15:25:50.972,18,0,0
44,281,157.995,2026-09-27T15:28:28.967,18,0,0
44,282,154.924,2026-09-27T15:31:03.891,18,0,0
72,1,192.895,2026-09-26T10:05:35.12,29,0,0
72,2,210.26,2026-09-26T10:09:05.38,35,0,0
72,3,207.441,2026-09-26T10:12:32.821,42,0,0
72,4,179.029,2026-09-26T10:15:31.85,40,0,0
72,5,207.326,2026-09-26T10:18:59.176,47,0,0
72,6,185.184,2026-09-26T10:22:04.36,50,0,0
72,7,174.421,2026-09-26T10:24:58.781,54,0,0
72,8,162.962,2026-09-26T10:27:41.743,49,0,0
72,9,178.737,2026-09-26T10:30:40.48,53,0,0
72,10,166.115,2026-09-26T10:33:26.595,50,0,0
72,11,169.559,2026-09-26T10:36:16.154,52,0,0
72,12,189.114,2026-09-26T10:39:25.268,51,0,0
72,13,178.86,2026-09-26T10:42:24.128,50,0,0
72,14,170.109,2026-09-26T10:45:14.237,49,0,0
72,15,174.674,2026-09-26T10:48:08.911,47,0,0
72,16,169.05,2026-09-26T10:50:57.961,46,0,0
72,17,163.03,2026-09-26T10:53:40.991,45,0,0
72,18,171.037,2026-09-26T10:56:32.028,44,0,0
72,19,172.213,2026-09-26T10:59:24.241,42,0,0
72,20,175.572,2026-09-26T11:02:19.813,41,0,0
72,21,163.608,2026-09-26T11:05:03.421,40,0,0
72,22,165.124,2026-09-26T11:07:48.545,39,0,0
72,23,160.643,2026-09-26T11:10:29.188,37,0,0
72,24,159.913,2026-09-26T11:13:09.101,37,0,0
72,25,162.419,2026-09-26T11:15:51.52,37,0,0
72,26,174.128,2026-09-26T11:18:45.648,37,0,0
72,27,168.083,2026-09-26T11:21:33.731,35,0,0
72,28,167.093,2026-09-26T11:24:20.824,34,0,0
72,29,166.877,2026-09-26T11:27:07.701,35,0,0
72,30,172.6,2026-09-26T11:30:00.301,36,0,0
72,31,159.518,2026-09-26T11:32:39.819,36,0,0
72,32,170.484,2026-09-26T11:35:30.303,35,0,0
72,33,169.467,2026-09-26T11:38:19.77,35,0,0
72,34,174.266,2026-09-26T11:41:14.036,34,0,0
72,35,172.661,2026-09-26T11:44:06.697,32,0,0
72,36,170.278,2026-09-26T11:46:56.975,30,0,0
72,37,173.748,2026-09-26T11:49:50.723,30,0,0
72,38,829.968,2026-09-26T12:03:40.691,44,1,0
72,39,232.785,2026-09-26T12:07:33.476,44,0,0
72,40,202.247,2026-09-26T12:10:55.723,44,1,0
72,41,194.785,2026-09-26T12:14:10.508,42,0,0
72,42,170.58,2026-09-26T12:17:01.088,43,0,0
72,43,175.865,2026-09-26T12:19:56.953,41,0,0
72,44,168.437,2026-09-26T12:22:45.39,40,0,0
72,45,164.311,2026-09-26T12:25:29.701,40,0,0
72,46,165.648,2026-09-26T12:28:15.349,39,0,0
72,47,163.758,2026-09-26T12:30:59.107,39,0,0
72,48,161.197,2026-09-26T12:33:40.304,39,0,0
72,49,166.101,2026-09-26T12:36:26.405,39,0,0
72,50,169.245,2026-09-26T12:39:15.65,39,0,0
72,51,183.711,2026-09-26T12:42:19.361,38,0,0
72,52,167.929,2026-09-26T12:45:07.29,38,0,0
72,53,164.208,2026-09-26T12:47:51.498,38,0,0
72,54,161.836,2026-09-26T12:50:33.334,37,0,0
72,55,161.872,2026-09-26T12:53:15.206,37,0,0
72,56,165.179,2026-09-26T12:56:00.385,37,0,0
72,57,166.496,2026-09-26T12:58:46.881,37,0,0
72,58,163.674,2026-09-26T13:01:30.555,35,0,0
72,59,164.77,2026-09-26T13:04:15.325,34,0,0
72,60,164.351,2026-09-26T13:06:59.676,34,0,0
72,61,164.178,2026-09-26T13:09:43.854,34,0,0
72,62,163.056,2026-09-26T13:12:26.91,34,0,0
72,63,162.529,2026-09-26T13:15:09.439,33,0,0
72,64,172.564,2026-09-26T13:18:02.003,33,0,0
72,65,169.312,2026-09-26T13:20:51.315,33,0,0
72,66,161.742,2026-09-26T13:23:33.057,33,0,0
72,67,158.175,2026-09-26T13:26:11.232,33,0,0
72,68,161.773,2026-09-26T13:28:53.005,31,0,0
72,69,164.666,2026-09-26T13:31:37.671,31,0,0
72,70,163.593,2026-09-26T13:34:21.264,30,0,0
72,71,162.678,2026-09-26T13:37:03.942,28,0,0
72,72,166.042,2026-09-26T13:39:49.984,28,0,0
72,73,168.328,2026-09-26T13:42:38.312,29,0,0
72,74,160.782,2026-09-26T13:45:19.094,27,0,0
72,75,164.341,2026-09-26T13:48:03.435,27,0,0
72,76,562.353,2026-09-26T13:57:25.788,28,1,0
72,77,217.407,2026-09-26T14:01:03.195,28,0,0
72,78,166.418,2026-09-26T14:03:49.613,27,0,0
72,79,164.847,2026-09-26T14:06:34.46,27,0,0
72,80,162.032,2026-09-26T14:09:16.492,27,0,0
72,81,160.553,2026-09-26T14:11:57.045,27,0,0
72,82,160.48,2026-09-26T14:14:37.525,26,0,0
72,83,163.672,2026-09-26T14:17:21.197,27,0,0
72,84,171.071,2026-09-26T14:20:12.268,27,0,0
72,85,156.744,2026-09-26T14:22:49.012,27,0,0
72,86,158.621,2026-09-26T14:25:27.633,27,0,0
72,87,161.076,2026-09-26T14:28:08.709,28,0,0
72,88,156.569,2026-09-26T14:30:45.278,28,0,0
72,89,161.594,2026-09-26T14:33:26.872,28,0,0
72,90,153.944,2026-09-26T14:36:00.816,28,0,0
72,91,159.165,2026-09-26T14:38:39.981,28,0,0
72,92,165.23,2026-09-26T14:41:25.211,28,0,0
72,93,156.843,2026-09-26T14:44:02.054,28,0,0
72,94,160.934,2026-09-26T14:46:42.988,27,0,0
72,95,170.827,2026-09-26T14:49:33.815,27,0,0
72,96,178.426,2026-09-26T14:52:32.241,27,0,0
72,97,177.783,2026-09-26T14:55:30.024,27,0,0
72,98,165.157,2026-09-26T14:58:15.181,27,0,0
72,99,170.959,2026-09-26T15:01:06.14,27,0,0
72,100,162.987,2026-09-26T15:03:49.127,27,0,0
72,101,168.786,2026-09-26T15:06:37.913,27,0,0
72,102,172.03,2026-09-26T15:09:29.943,27,0,0
72,103,178.189,2026-09-26T15:12:28.132,23,0,0
72,104,162.426,2026-09-26T15:15:10.558,23,0,0
72,105,170.167,2026-09-26T15:18:00.725,23,0,0
72,106,165.105,2026-09-26T15:20:45.83,23,0,0
72,107,162.853,2026-09-26T15:23:28.683,23,0,0
72,108,170.208,2026-09-26T15:26:18.891,23,0,0
72,109,157.397,2026-09-26T15:28:56.288,23,0,0
72,110,181.466,2026-09-26T15:31:57.754,23,0,0
72,111,212.984,2026-09-26T15:35:30.738,23,0,0
72,112,168.047,2026-09-26T15:38:18.785,22,0,0
72,113,889.097,2026-09-26T15:53:07.882,27,1,0
72,114,261.004,2026-09-26T15:57:28.886,28,0,1
72,115,269.989,2026-09-26T16:01:58.875,26,0,1
72,116,237.5,2026-09-26T16:05:56.375,26,0,1
72,117,239.853,2026-09-26T16:09:56.228,26,0,1
72,118,245.243,2026-09-26T16:14:01.471,26,0,1
72,119,231.97,2026-09-26T16:17:53.441,24,0,0
72,120,183.687,2026-09-26T16:20:57.128,24,0,0
72,121,173.598,2026-09-26T16:23:50.726,24,0,0
72,122,165.141,2026-09-26T16:26:35.867,24,0,0
72,123,164.323,2026-09-26T16:29:20.19,24,0,0
72,124,162.567,2026-09-26T16:32:02.757,24,0,0
72,125,163.263,2026-09-26T16:34:46.02,24,0,0
72,126,169.956,2026-09-26T16:37:35.976,24,0,0
72,127,171.446,2026-09-26T16:40:27.422,24,0,0
72,128,159.709,2026-09-26T16:43:07.131,24,0,0
72,129,165.611,2026-09-26T16:45:52.742,24,0,0
72,130,171.106,2026-09-26T16:48:43.848,24,0,0
72,131,158.304,2026-09-26T16:51:22.152,24,0,0
72,132,165.293,2026-09-26T16:54:07.445,24,0,0
72,133,161.589,2026-09-26T16:56:49.034,24,0,0
72,134,161.405,2026-09-26T16:59:30.439,24,0,0
72,135,162.981,2026-09-26T17:02:13.42,24,0,0
72,136,933.806,2026-09-26T17:17:47.226,27,0,0
72,137,184.004,2026-09-26T17:20:51.23,27,0,0
72,138,173.968,2026-09-26T17:23:45.198,27,0,0
72,139,171.854,2026-09-26T17:26:37.052,27,0,0
72,140,173.209,2026-09-26T17:29:30.261,27,0,0
72,141,180.388,2026-09-26T17:32:30.649,27,0,0
72,142,176.626,2026-09-26T17:35:27.275,27,0,0
72,143,181.361,2026-09-26T17:38:28.636,27,0,0
72,144,176.219,2026-09-26T17:41:24.855,27,0,0
72,145,170.367,2026-09-26T17:44:15.222,27,0,0
72,146,176.852,2026-09-26T17:47:12.074,28,0,0
72,147,184.171,2026-09-26T17:50:16.245,28,0,1
72,148,200.348,2026-09-26T17:53:36.593,28,0,1
72,149,221.531,2026-09-26T17:57:18.124,28,0,1
72,150,301.677,2026-09-26T18:02:19.801,27,0,1
72,151,53743.943,2026-09-27T08:58:03.744,27,0,0
72,152,183.295,2026-09-27T09:01:07.039,27,0,0
72,153,177.276,2026-09-27T09:04:04.315,27,0,0
72,154,159.127,2026-09-27T09:06:43.442,27,0,0
72,155,161.155,2026-09-27T09:09:24.597,27,0,0
72,156,164.502,2026-09-27T09:12:09.099,27,0,0
72,157,158.52,2026-09-27T09:14:47.619,27,0,0
72,158,152.552,2026-09-27T09:17:20.171,27,0,0
72,159,162.555,2026-09-27T09:20:02.726,27,0,0
72,160,180.935,2026-09-27T09:23:03.661,27,0,0
72,161,161.617,2026-09-27T09:25:45.278,28,0,0
72,162,168.478,2026-09-27T09:28:33.756,28,0,0
72,163,157.762,2026-09-27T09:31:11.518,27,0,0
72,164,154.228,2026-09-27T09:33:45.746,27,0,0
72,165,154.02,2026-09-27T09:36:19.766,26,0,0
72,166,151.54,2026-09-27T09:38:51.306,26,0,0
72,167,156.713,2026-09-27T09:41:28.019,26,0,0
72,168,169.759,2026-09-27T09:44:17.778,26,0,0
72,169,172.801,2026-09-27T09:47:10.579,26,0,0
72,170,173.01,2026-09-27T09:50:03.589,26,0,0
72,171,151.919,2026-09-27T09:52:35.508,25,0,0
72,172,154.835,2026-09-27T09:55:10.343,25,0,0
72,173,150.703,2026-09-27T09:57:41.046,25,0,0
72,174,152.189,2026-09-27T10:00:13.235,24,0,0
72,175,154.292,2026-09-27T10:02:47.527,24,0,0
72,176,158.202,2026-09-27T10:05:25.729,24,0,0
72,177,155.525,2026-09-27T10:08:01.254,24,0,0
72,178,154.217,2026-09-27T10:10:35.471,23,0,0
72,179,157.255,2026-09-27T10:13:12.726,21,0,0
72,180,152.348,2026-09-27T10:15:45.074,21,0,0
72,181,150.23,2026-09-27T10:18:15.304,21,0,0
72,182,157.348,2026-09-27T10:20:52.652,21,0,0
72,183,151.306,2026-09-27T10:23:23.958,21,0,0
72,184,1549.144,2026-09-27T10:49:13.102,22,1,0
72,185,222.088,2026-09-27T10:52:55.19,22,0,0
72,186,161.146,2026-09-27T10:55:36.336,22,0,0
72,187,160.804,2026-09-27T10:58:17.14,22,0,0
72,188,165.93,2026-09-27T11:01:03.07,22,0,0
72,189,194.847,2026-09-27T11:04:17.917,22,1,0
72,190,334.616,2026-09-27T11:09:52.533,22,0,0
72,191,167.186,2026-09-27T11:12:39.719,22,0,0
72,192,160.099,2026-09-27T11:15:19.818,22,0,0
72,193,160.202,2026-09-27T11:18:00.02,22,0,0
72,194,154.012,2026-09-27T11:20:34.032,22,0,0
72,195,154.643,2026-09-27T11:23:08.675,22,0,0
72,196,160.967,2026-09-27T11:25:49.642,22,0,0
72,197,156.22,2026-09-27T11:28:25.862,22,0,0
72,198,158.13,2026-09-27T11:31:03.992,22,0,0
72,199,167.861,2026-09-27T11:33:51.853,22,0,0
72,200,169.485,2026-09-27T11:36:41.338,22,0,0
72,201,162.96,2026-09-27T11:39:24.298,21,0,0
72,202,158.305,2026-09-27T11:42:02.603,21,0,0
72,203,155.59,2026-09-27T11:44:38.193,21,0,0
72,204,155.339,2026-09-27T11:47:13.532,21,0,0
72,205,161.795,2026-09-27T11:49:55.327,21,0,0
72,206,153.902,2026-09-27T11:52:29.229,21,0,0
72,207,157.413,2026-09-27T11:55:06.642,21,0,0
72,208,156.56,2026-09-27T11:57:43.202,21,0,0
72,209,154.562,2026-09-27T12:00:17.764,21,0,0
72,210,161.628,2026-09-27T12:02:59.392,20,0,0
72,211,159.225,2026-09-27T12:05:38.617,20,0,0
72,212,157.45,2026-09-27T12:08:16.067,19,0,0
72,213,161.735,2026-09-27T12:10:57.802,19,0,0
72,214,156.353,2026-09-27T12:13:34.155,18,0,0
72,215,155.299,2026-09-27T12:16:09.454,17,0,0
72,216,572.853,2026-09-27T12:25:42.307,20,1,0
72,217,208.663,2026-09-27T12:29:10.97,20,0,0
72,218,165.637,2026-09-27T12:31:56.607,20,0,0
72,219,165.484,2026-09-27T12:34:42.091,20,0,0
72,220,168.439,2026-09-27T12:37:30.53,19,0,0
72,221,172.429,2026-09-27T12:40:22.959,19,0,0
72,222,164.832,2026-09-27T12:43:07.791,19,0,0
72,223,164.579,2026-09-27T12:45:52.37,19,0,0
72,224,160.338,2026-09-27T12:48:32.708,19,0,0
72,225,168.037,2026-09-27T12:51:20.745,19,0,0
72,226,160.771,2026-09-27T12:54:01.516,19,0,0
72,227,161.785,2026-09-27T12:56:43.301,19,0,0
72,228,164.097,2026-09-27T12:59:27.398,20,0,0
72,229,160.724,2026-09-27T13:02:08.122,20,0,0
72,230,167.755,2026-09-27T13:04:55.877,20,0,0
72,231,159.614,2026-09-27T13:07:35.491,20,0,0
72,232,163.977,2026-09-27T13:10:19.468,20,0,0
72,233,160.381,2026-09-27T13:12:59.849,20,0,0
72,234,160.1,2026-09-27T13:15:39.949,20,0,0
72,235,166.097,2026-09-27T13:18:26.046,20,0,0
72,236,163.068,2026-09-27T13:21:09.114,20,0,0
72,237,160.631,2026-09-27T13:23:49.745,20,0,0
72,238,157.23,2026-09-27T13:26:26.975,20,0,0
72,239,158.034,2026-09-27T13:29:05.009,20,0,0
72,240,161.19,2026-09-27T13:31:46.199,20,0,0
72,241,160.747,2026-09-27T13:34:26.946,18,0,0
72,242,158.426,2026-09-27T13:37:05.372,18,0,0
72,243,166.84,2026-09-27T13:39:52.212,18,0,0
72,244,157.122,2026-09-27T13:42:29.334,19,0,0
72,245,448.035,2026-09-27T13:49:57.369,18,1,0
72,246,240.707,2026-09-27T13:53:58.076,18,0,0
72,247,169.842,2026-09-27T13:56:47.918,18,0,0
72,248,162.418,2026-09-27T13:59:30.336,18,0,0
72,249,162.365,2026-09-27T14:02:12.701,19,0,0
72,250,158.86,2026-09-27T14:04:51.561,19,0,0
72,251,163.261,2026-09-27T14:07:34.822,19,0,0
72,252,157.25,2026-09-27T14:10:12.072,19,0,0
72,253,162.48,2026-09-27T14:12:54.552,19,0,0
72,254,172.975,2026-09-27T14:15:47.527,19,0,0
72,255,158.199,2026-09-27T14:18:25.726,19,0,0
72,256,165.175,2026-09-27T14:21:10.901,19,0,0
72,257,158.054,2026-09-27T14:23:48.955,19,0,0
72,258,158.77,2026-09-27T14:26:27.725,18,0,0
72,259,160.59,2026-09-27T14:29:08.315,18,0,0
72,260,166.148,2026-09-27T14:31:54.463,18,0,0
72,261,168.32,2026-09-27T14:34:42.783,18,0,0
72,262,174.606,2026-09-27T14:37:37.389,18,0,0
72,263,175.237,2026-09-27T14:40:32.626,18,0,0
72,264,179.382,2026-09-27T14:43:32.008,19,0,0
72,265,169.229,2026-09-27T14:46:21.237,19,0,0
72,266,170.322,2026-09-27T14:49:11.559,19,0,0
72,267,168.075,2026-09-27T14:51:59.634,19,0,0
72,268,171.279,2026-09-27T14:54:50.913,19,0,0
72,269,175.137,2026-09-27T14:57:46.05,19,0,0
72,270,177.094,2026-09-27T15:00:43.144,19,0,0
72,271,169.741,2026-09-27T15:03:32.885,19,0,0
72,272,168.705,2026-09-27T15:06:21.59,19,0,0
72,273,169.087,2026-09-27T15:09:10.677,19,0,0
72,274,184.575,2026-09-27T15:12:15.252,19,0,0
72,275,180.733,2026-09-27T15:15:15.985,19,0,0
72,276,177.869,2026-09-27T15:18:13.854,19,0,0
72,277,169.349,2026-09-27T15:21:03.203,19,0,0
72,278,167.899,2026-09-27T15:23:51.102,19,0,0
72,279,171.394,2026-09-27T15:26:42.496,19,0,0
72,280,166.864,2026-09-27T15:29:29.36,19,0,0
72,281,175.982,2026-09-27T15:32:25.342,19,0,0
63,1,194.206,2026-09-26T10:07:31.629,66,0,0
63,2,183.439,2026-09-26T10:10:35.068,72,0,0
63,3,207.591,2026-09-26T10:14:02.659,70,0,0
63,4,184.44,2026-09-26T10:17:07.099,70,0,0
63,5,173.298,2026-09-26T10:20:00.397,69,0,0
63,6,191.121,2026-09-26T10:23:11.518,67,0,0
63,7,172.385,2026-09-26T10:26:03.903,66,0,0
63,8,166.786,2026-09-26T10:28:50.689,63,0,0
63,9,170.129,2026-09-26T10:31:40.818,63,0,0
63,10,163.047,2026-09-26T10:34:23.865,60,0,0
63,11,166.167,2026-09-26T10:37:10.032,56,0,0
63,12,891.655,2026-09-26T10:52:01.687,76,0,0
63,13,167.968,2026-09-26T10:54:49.655,73,0,0
63,14,165.997,2026-09-26T10:57:35.652,72,0,0
63,15,183.033,2026-09-26T11:00:38.685,71,0,0
63,16,155.712,2026-09-26T11:03:14.397,71,0,0
63,17,161.243,2026-09-26T11:05:55.64,70,0,0
63,18,164.126,2026-09-26T11:08:39.766,70,0,0
63,19,162.117,2026-09-26T11:11:21.883,70,0,0
63,20,155.972,2026-09-26T11:13:57.855,70,0,0
63,21,159.115,2026-09-26T11:16:36.97,70,0,0
63,22,157.109,2026-09-26T11:19:14.079,70,0,0
63,23,164.208,2026-09-26T11:21:58.287,65,0,0
63,24,157.685,2026-09-26T11:24:35.972,63,0,0
63,25,160.707,2026-09-26T11:27:16.679,62,0,0
63,26,164.559,2026-09-26T11:30:01.238,59,0,0
63,27,158.815,2026-09-26T11:32:40.053,59,0,0
63,28,172.119,2026-09-26T11:35:32.172,58,0,0
63,29,167.792,2026-09-26T11:38:19.964,57,0,0
63,30,174.964,2026-09-26T11:41:14.928,55,0,0
63,31,160.741,2026-09-26T11:43:55.669,54,0,0
63,32,159.534,2026-09-26T11:46:35.203,53,0,0
63,33,157.502,2026-09-26T11:49:12.705,52,0,0
63,34,615.791,2026-09-26T11:59:28.496,57,0,0
63,35,256.69,2026-09-26T12:03:45.186,58,0,0
63,36,163.444,2026-09-26T12:06:28.63,58,0,0
63,37,163.681,2026-09-26T12:09:12.311,56,0,0
63,38,162.297,2026-09-26T12:11:54.608,54,0,0
63,39,170.756,2026-09-26T12:14:45.364,54,0,0
63,40,175.89,2026-09-26T12:17:41.254,54,0,0
63,41,181.033,2026-09-26T12:20:42.287,52,0,0
63,42,172.782,2026-09-26T12:23:35.069,51,0,0
63,43,161.809,2026-09-26T12:26:16.878,49,0,0
63,44,166.578,2026-09-26T12:29:03.456,49,0,0
63,45,158.855,2026-09-26T12:31:42.311,48,0,0
63,46,159.821,2026-09-26T12:34:22.132,47,0,0
63,47,158.584,2026-09-26T12:37:00.716,47,0,0
63,48,153.603,2026-09-26T12:39:34.319,47,0,0
63,49,168.988,2026-09-26T12:42:23.307,47,0,0
63,50,156.639,2026-09-26T12:44:59.946,46,0,0
63,51,158.697,2026-09-26T12:47:38.643,44,0,0
63,52,151.087,2026-09-26T12:50:09.73,44,0,0
63,53,160.003,2026-09-26T12:52:49.733,44,0,0
63,54,163.743,2026-09-26T12:55:33.476,42,0,0
63,55,159.893,2026-09-26T12:58:13.369,41,0,0
63,56,151.139,2026-09-26T13:00:44.508,41,0,0
63,57,152.433,2026-09-26T13:03:16.941,41,0,0
63,58,159.602,2026-09-26T13:05:56.543,40,0,0
63,59,152.634,2026-09-26T13:08:29.177,37,0,0
63,60,570.693,2026-09-26T13:17:59.87,45,0,0
63,61,161.688,2026-09-26T13:20:41.558,45,0,0
63,62,151.902,2026-09-26T13:23:13.46,45,0,0
63,63,152.406,2026-09-26T13:25:45.866,42,0,0
63,64,151.488,2026-09-26T13:28:17.354,42,0,0
63,65,152.997,2026-09-26T13:30:50.351,42,0,0
63,66,158.742,2026-09-26T13:33:29.093,42,0,0
63,67,157.216,2026-09-26T13:36:06.309,41,0,0
63,68,161.946,2026-09-26T13:38:48.255,41,0,0
63,69,634.844,2026-09-26T13:49:23.099,45,0,0
63,70,163.067,2026-09-26T13:52:06.166,44,0,0
63,71,154.943,2026-09-26T13:54:41.109,42,0,0
63,72,157.908,2026-09-26T13:57:19.017,41,0,0
63,73,547.101,2026-09-26T14:06:26.118,44,1,0
63,74,263.091,2026-09-26T14:10:49.209,44,0,0
63,75,181.789,2026-09-26T14:13:50.998,43,0,0
63,76,192.498,2026-09-26T14:17:03.496,42,0,0
63,77,182.136,2026-09-26T14:20:05.632,41,0,0
63,78,168.833,2026-09-26T14:22:54.465,41,0,0
63,79,172.277,2026-09-26T14:25:46.742,40,0,0
63,80,172.099,2026-09-26T14:28:38.841,40,0,0
63,81,168.498,2026-09-26T14:31:27.339,41,0,0
63,82,169.487,2026-09-26T14:34:16.826,40,0,0
63,83,164.607,2026-09-26T14:37:01.433,40,0,0
63,84,171.318,2026-09-26T14:39:52.751,41,0,0
63,85,164.635,2026-09-26T14:42:37.386,41,0,0
63,86,167.115,2026-09-26T14:45:24.501,40,0,0
63,87,173.416,2026-09-26T14:48:17.917,39,0,0
63,88,185.576,2026-09-26T14:51:23.493,38,0,0
63,89,167.81,2026-09-26T14:54:11.303,38,0,0
63,90,197.435,2026-09-26T14:57:28.738,37,0,0
63,91,175.118,2026-09-26T15:00:23.856,37,0,0
63,92,178.804,2026-09-26T15:03:22.66,36,0,0
63,93,181.732,2026-09-26T15:06:24.392,35,0,0
63,94,172.71,2026-09-26T15:09:17.102,35,0,0
63,95,173.548,2026-09-26T15:12:10.65,35,0,0
63,96,167.26,2026-09-26T15:14:57.91,35,0,0
63,97,167.334,2026-09-26T15:17:45.244,35,0,0
63,98,170.254,2026-09-26T15:20:35.498,35,0,0
63,99,168.122,2026-09-26T15:23:23.62,35,0,0
63,100,176.563,2026-09-26T15:26:20.183,35,0,0
63,101,166.021,2026-09-26T15:29:06.204,35,0,0
63,102,691.988,2026-09-26T15:40:38.192,39,0,0
63,103,169.126,2026-09-26T15:43:27.318,39,0,0
63,104,174.966,2026-09-26T15:46:22.284,38,0,0
63,105,168.815,2026-09-26T15:49:11.099,37,0,0
63,106,181.928,2026-09-26T15:52:13.027,37,0,0
63,107,178.768,2026-09-26T15:55:11.795,38,0,0
63,108,722.608,2026-09-26T16:07:14.403,39,1,1
63,109,259.569,2026-09-26T16:11:33.972,39,0,1
63,110,254.04,2026-09-26T16:15:48.012,39,0,1
63,111,191.68,2026-09-26T16:18:59.692,39,0,0
63,112,159.123,2026-09-26T16:21:38.815,39,0,0
63,113,164.221,2026-09-26T16:24:23.036,38,0,0
63,114,159.684,2026-09-26T16:27:02.72,38,0,0
63,115,164.462,2026-09-26T16:29:47.182,37,0,0
63,116,157.345,2026-09-26T16:32:24.527,36,0,0
63,117,155.412,2026-09-26T16:34:59.939,36,0,0
63,118,158.721,2026-09-26T16:37:38.66,36,0,0
63,119,160.425,2026-09-26T16:40:19.085,35,0,0
63,120,153.804,2026-09-26T16:42:52.889,35,0,0
63,121,173.08,2026-09-26T16:45:45.969,34,0,0
63,122,159.211,2026-09-26T16:48:25.18,34,0,0
63,123,158.898,2026-09-26T16:51:04.078,34,0,0
63,124,160.304,2026-09-26T16:53:44.382,33,0,0
63,125,152.434,2026-09-26T16:56:16.816,33,0,0
63,126,153.579,2026-09-26T16:58:50.395,33,0,0
63,127,152.408,2026-09-26T17:01:22.803,33,0,0
63,128,153.273,2026-09-26T17:03:56.076,33,0,0
63,129,154.212,2026-09-26T17:06:30.288,33,0,0
63,130,169.599,2026-09-26T17:09:19.887,32,0,0
63,131,166.27,2026-09-26T17:12:06.157,31,0,0
63,132,164.595,2026-09-26T17:14:50.752,31,0,0
63,133,168.133,2026-09-26T17:17:38.885,30,0,0
63,134,155.026,2026-09-26T17:20:13.911,30,0,0
63,135,185.112,2026-09-26T17:23:19.023,30,1,0
63,136,327.689,2026-09-26T17:28:46.712,31,0,0
63,137,158.281,2026-09-26T17:31:24.993,31,0,0
63,138,156.39,2026-09-26T17:34:01.383,31,0,0
63,139,152.438,2026-09-26T17:36:33.821,31,0,0
63,140,161.311,2026-09-26T17:39:15.132,31,0,0
63,141,158.115,2026-09-26T17:41:53.247,31,0,0
63,142,164.264,2026-09-26T17:44:37.511,31,0,0
63,143,154.219,2026-09-26T17:47:11.73,31,0,0
63,144,157.783,2026-09-26T17:49:49.513,31,0,0
63,145,200.047,2026-09-26T17:53:09.56,31,0,1
63,146,232.244,2026-09-26T17:57:01.804,31,0,1
63,147,297.069,2026-09-26T18:01:58.873,31,0,1
63,148,53771.381,2026-09-27T08:58:10.254,31,0,0
63,149,191.709,2026-09-27T09:01:21.963,31,0,0
63,150,165.03,2026-09-27T09:04:06.993,31,0,0
63,151,157.618,2026-09-27T09:06:44.611,31,0,0
63,152,161.039,2026-09-27T09:09:25.65,31,0,0
63,153,164.69,2026-09-27T09:12:10.34,31,0,0
63,154,148.871,2026-09-27T09:14:39.211,31,0,0
63,155,150.932,2026-09-27T09:17:10.143,31,0,0
63,156,152.262,2026-09-27T09:19:42.405,31,0,0
63,157,164.809,2026-09-27T09:22:27.214,31,0,0
63,158,159.046,2026-09-27T09:25:06.26,31,0,0
63,159,151.688,2026-09-27T09:27:37.948,30,0,0
63,160,154.241,2026-09-27T09:30:12.189,30,0,0
63,161,155.874,2026-09-27T09:32:48.063,30,0,0
63,162,153.129,2026-09-27T09:35:21.192,29,0,0
63,163,153.865,2026-09-27T09:37:55.057,29,0,0
63,164,149.174,2026-09-27T09:40:24.231,29,0,0
63,165,151.089,2026-09-27T09:42:55.32,28,0,0
63,166,150.095,2026-09-27T09:45:25.415,28,0,0
63,167,155.097,2026-09-27T09:48:00.512,28,0,0
63,168,165.701,2026-09-27T09:50:46.213,28,0,0
63,169,144.818,2026-09-27T09:53:11.031,28,0,0
63,170,143.489,2026-09-27T09:55:34.52,28,0,0
63,171,149.492,2026-09-27T09:58:04.012,27,0,0
63,172,148.146,2026-09-27T10:00:32.158,27,0,0
63,173,148.444,2026-09-27T10:03:00.602,27,0,0
63,174,148.517,2026-09-27T10:05:29.119,26,0,0
63,175,152.728,2026-09-27T10:08:01.847,26,0,0
63,176,149.758,2026-09-27T10:10:31.605,26,0,0
63,177,149.893,2026-09-27T10:13:01.498,26,0,0
63,178,147.757,2026-09-27T10:15:29.255,25,0,0
63,179,148.223,2026-09-27T10:17:57.478,24,0,0
63,180,146.157,2026-09-27T10:20:23.635,24,0,0
63,181,148.48,2026-09-27T10:22:52.115,24,0,0
63,182,1577.649,2026-09-27T10:49:09.764,24,1,0
63,183,219.047,2026-09-27T10:52:48.811,24,0,0
63,184,166.305,2026-09-27T10:55:35.116,24,0,0
63,185,167.114,2026-09-27T10:58:22.23,24,0,0
63,186,168.378,2026-09-27T11:01:10.608,24,0,0
63,187,168.297,2026-09-27T11:03:58.905,24,0,0
63,188,181.289,2026-09-27T11:07:00.194,24,0,0
63,189,164.448,2026-09-27T11:09:44.642,24,0,0
63,190,165.611,2026-09-27T11:12:30.253,24,0,0
63,191,167.791,2026-09-27T11:15:18.044,24,0,0
63,192,164.091,2026-09-27T11:18:02.135,24,0,0
63,193,167.966,2026-09-27T11:20:50.101,24,0,0
63,194,163.4,2026-09-27T11:23:33.501,24,0,0
63,195,165.541,2026-09-27T11:26:19.042,24,0,0
63,196,163.156,2026-09-27T11:29:02.198,24,0,0
63,197,162.95,2026-09-27T11:31:45.148,24,0,0
63,198,160.264,2026-09-27T11:34:25.412,24,0,0
63,199,162.303,2026-09-27T11:37:07.715,24,0,0
63,200,161.583,2026-09-27T11:39:49.298,24,0,0
63,201,163.118,2026-09-27T11:42:32.416,24,0,0
63,202,160.553,2026-09-27T11:45:12.969,24,0,0
63,203,168.678,2026-09-27T11:48:01.647,24,0,0
63,204,162.827,2026-09-27T11:50:44.474,24,0,0
63,205,163.855,2026-09-27T11:53:28.329,24,0,0
63,206,158.401,2026-09-27T11:56:06.73,24,0,0
63,207,156.881,2026-09-27T11:58:43.611,23,0,0
63,208,163.163,2026-09-27T12:01:26.774,23,0,0
63,209,160.118,2026-09-27T12:04:06.892,23,0,0
63,210,165.145,2026-09-27T12:06:52.037,21,0,0
63,211,167.575,2026-09-27T12:09:39.612,21,0,0
63,212,156.873,2026-09-27T12:12:16.485,20,0,0
63,213,163.304,2026-09-27T12:14:59.789,20,0,0
63,214,155.889,2026-09-27T12:17:35.678,20,0,0
63,215,159.223,2026-09-27T12:20:14.901,19,0,0
63,216,164.497,2026-09-27T12:22:59.398,18,0,0
63,217,168.139,2026-09-27T12:25:47.537,18,0,0
63,218,165.147,2026-09-27T12:28:32.684,18,0,0
63,219,163.725,2026-09-27T12:31:16.409,18,0,0
63,220,550.428,2026-09-27T12:40:26.837,21,1,0
63,221,221.856,2026-09-27T12:44:08.693,21,0,0
63,222,157.295,2026-09-27T12:46:45.988,21,0,0
63,223,151.44,2026-09-27T12:49:17.428,21,0,0
63,224,156.476,2026-09-27T12:51:53.904,21,0,0
63,225,155.123,2026-09-27T12:54:29.027,21,0,0
63,226,156.876,2026-09-27T12:57:05.903,21,0,0
63,227,156.153,2026-09-27T12:59:42.056,21,0,0
63,228,154.18,2026-09-27T13:02:16.236,21,0,0
63,229,172.544,2026-09-27T13:05:08.78,21,0,0
63,230,183.352,2026-09-27T13:08:12.132,21,1,0
63,231,312.437,2026-09-27T13:13:24.569,21,0,0
63,232,155.248,2026-09-27T13:15:59.817,21,0,0
63,233,161.595,2026-09-27T13:18:41.412,21,0,0
63,234,153.114,2026-09-27T13:21:14.526,21,0,0
63,235,161.777,2026-09-27T13:23:56.303,21,0,0
63,236,163.526,2026-09-27T13:26:39.829,21,0,0
63,237,172.058,2026-09-27T13:29:31.887,21,0,0
63,238,160.151,2026-09-27T13:32:12.038,21,0,0
63,239,161.535,2026-09-27T13:34:53.573,21,0,0
63,240,159.771,2026-09-27T13:37:33.344,21,0,0
63,241,155.325,2026-09-27T13:40:08.669,21,0,0
63,242,155.553,2026-09-27T13:42:44.222,20,0,0
63,243,153.31,2026-09-27T13:45:17.532,20,0,0
63,244,185.373,2026-09-27T13:48:22.905,20,1,0
63,245,487.866,2026-09-27T13:56:30.771,22,0,0
63,246,155.016,2026-09-27T13:59:05.787,22,0,0
63,247,152.042,2026-09-27T14:01:37.829,21,0,0
63,248,157.547,2026-09-27T14:04:15.376,22,0,0
63,249,161.988,2026-09-27T14:06:57.364,22,0,0
63,250,165.25,2026-09-27T14:09:42.614,22,0,0
63,251,155.191,2026-09-27T14:12:17.805,22,0,0
63,252,163.09,2026-09-27T14:15:00.895,22,0,0
63,253,160.024,2026-09-27T14:17:40.919,22,0,0
63,254,408.496,2026-09-27T14:24:29.415,22,1,0
63,255,203.884,2026-09-27T14:27:53.299,22,0,0
63,256,158.129,2026-09-27T14:30:31.428,22,0,0
63,257,162.237,2026-09-27T14:33:13.665,22,0,0
63,258,160.236,2026-09-27T14:35:53.901,21,0,0
63,259,161.188,2026-09-27T14:38:35.089,21,0,0
63,260,157.802,2026-09-27T14:41:12.891,21,0,0
63,261,165.697,2026-09-27T14:43:58.588,21,0,0
63,262,160.275,2026-09-27T14:46:38.863,21,0,0
63,263,154.425,2026-09-27T14:49:13.288,21,0,0
63,264,156.549,2026-09-27T14:51:49.837,21,0,0
63,265,161.526,2026-09-27T14:54:31.363,21,0,0
63,266,154.412,2026-09-27T14:57:05.775,21,0,0
63,267,155.834,2026-09-27T14:59:41.609,21,0,0
63,268,155.169,2026-09-27T15:02:16.778,21,0,0
63,269,154.691,2026-09-27T15:04:51.469,21,0,0
63,270,153.324,2026-09-27T15:07:24.793,21,0,0
63,271,153.065,2026-09-27T15:09:57.858,20,0,0
63,272,156.383,2026-09-27T15:12:34.241,20,0,0
63,273,159.663,2026-09-27T15:15:13.904,20,0,0
63,274,163.303,2026-09-27T15:17:57.207,20,0,0
63,275,153.507,2026-09-27T15:20:30.714,20,0,0
63,276,158.487,2026-09-27T15:23:09.201,20,0,0
63,277,158.773,2026-09-27T15:25:47.974,20,0,0
63,278,153.39,2026-09-27T15:28:21.364,20,0,0
63,279,156.305,2026-09-27T15:30:57.669,20,0,0
117,1,195.28,2026-09-26T10:08:02.098,76,0,0
117,2,173.74,2026-09-26T10:10:55.838,76,0,0
117,3,205.149,2026-09-26T10:14:20.987,74,0,0
117,4,178.438,2026-09-26T10:17:19.425,74,0,0
117,5,178.82,2026-09-26T10:20:18.245,74,0,0
117,6,201.143,2026-09-26T10:23:39.388,72,0,0
117,7,168.208,2026-09-26T10:26:27.596,70,0,0
117,8,166.66,2026-09-26T10:29:14.256,67,0,0
117,9,161.738,2026-09-26T10:31:55.994,64,0,0
117,10,164.565,2026-09-26T10:34:40.559,62,0,0
117,11,157.571,2026-09-26T10:37:18.13,57,0,0
117,12,160.174,2026-09-26T10:39:58.304,56,0,0
117,13,170.571,2026-09-26T10:42:48.875,54,0,0
117,14,196.554,2026-09-26T10:46:05.429,53,1,0
117,15,607.92,2026-09-26T10:56:13.349,68,0,0
117,16,170.22,2026-09-26T10:59:03.569,66,0,0
117,17,162.039,2026-09-26T11:01:45.608,64,0,0
117,18,168.368,2026-09-26T11:04:33.976,63,0,0
117,19,156.566,2026-09-26T11:07:10.542,60,0,0
117,20,157.698,2026-09-26T11:09:48.24,59,0,0
117,21,159.906,2026-09-26T11:12:28.146,58,0,0
117,22,191.2,2026-09-26T11:15:39.346,57,1,0
117,23,429.128,2026-09-26T11:22:48.474,68,0,0
117,24,163.161,2026-09-26T11:25:31.635,65,0,0
117,25,161.401,2026-09-26T11:28:13.036,63,0,0
117,26,159.767,2026-09-26T11:30:52.803,62,0,0
117,27,153.441,2026-09-26T11:33:26.244,62,0,0
117,28,162.78,2026-09-26T11:36:09.024,60,0,0
117,29,185.702,2026-09-26T11:39:14.726,60,0,0
117,30,160.258,2026-09-26T11:41:54.984,59,0,0
117,31,171.521,2026-09-26T11:44:46.505,59,0,0
117,32,174.098,2026-09-26T11:47:40.603,57,0,0
117,33,163.533,2026-09-26T11:50:24.136,55,0,0
117,34,158.643,2026-09-26T11:53:02.779,51,0,0
117,35,155.216,2026-09-26T11:55:37.995,49,0,0
117,36,642.05,2026-09-26T12:06:20.045,57,1,0
117,37,277.171,2026-09-26T12:10:57.216,62,0,0
117,38,190.701,2026-09-26T12:14:07.917,59,0,0
117,39,189.784,2026-09-26T12:17:17.701,59,0,0
117,40,194.452,2026-09-26T12:20:32.153,57,0,0
117,41,188.913,2026-09-26T12:23:41.066,55,0,0
117,42,182.516,2026-09-26T12:26:43.582,54,0,0
117,43,179.464,2026-09-26T12:29:43.046,51,0,0
117,44,170.592,2026-09-26T12:32:33.638,51,0,0
117,45,181.528,2026-09-26T12:35:35.166,50,0,0
117,46,181.223,2026-09-26T12:38:36.389,49,0,0
117,47,182.661,2026-09-26T12:41:39.05,49,0,0
117,48,175.468,2026-09-26T12:44:34.518,49,0,0
117,49,184.864,2026-09-26T12:47:39.382,49,0,0
117,50,173.113,2026-09-26T12:50:32.495,49,0,0
117,51,174.974,2026-09-26T12:53:27.469,49,0,0
117,52,172.551,2026-09-26T12:56:20.02,49,0,0
117,53,176.507,2026-09-26T12:59:16.527,50,0,0
117,54,183.559,2026-09-26T13:02:20.086,50,0,0
117,55,175.129,2026-09-26T13:05:15.215,50,0,0
117,56,170.231,2026-09-26T13:08:05.446,50,0,0
117,57,183.834,2026-09-26T13:11:09.28,50,0,0
117,58,173.473,2026-09-26T13:14:02.753,48,0,0
117,59,174.282,2026-09-26T13:16:57.035,48,0,0
117,60,168.943,2026-09-26T13:19:45.978,47,0,0
117,61,181.453,2026-09-26T13:22:47.431,47,0,0
117,62,173.205,2026-09-26T13:25:40.636,47,0,0
117,63,194.603,2026-09-26T13:28:55.239,46,0,0
117,64,185.216,2026-09-26T13:32:00.455,47,0,0
117,65,173.175,2026-09-26T13:34:53.63,47,0,0
117,66,169.412,2026-09-26T13:37:43.042,46,0,0
117,67,167.234,2026-09-26T13:40:30.276,45,0,0
117,68,177.662,2026-09-26T13:43:27.938,45,0,0
117,69,180.027,2026-09-26T13:46:27.965,44,0,0
117,70,179.074,2026-09-26T13:49:27.039,43,0,0
117,71,172.749,2026-09-26T13:52:19.788,41,0,0
117,72,698.339,2026-09-26T14:03:58.127,46,1,0
117,73,223.733,2026-09-26T14:07:41.86,45,0,0
117,74,175.667,2026-09-26T14:10:37.527,43,0,0
117,75,167.333,2026-09-26T14:13:24.86,42,0,0
117,76,168.586,2026-09-26T14:16:13.446,41,0,0
117,77,163.518,2026-09-26T14:18:56.964,40,0,0
117,78,162.644,2026-09-26T14:21:39.608,40,0,0
117,79,163.013,2026-09-26T14:24:22.621,39,0,0
117,80,160.384,2026-09-26T14:27:03.005,39,0,0
117,81,158.915,2026-09-26T14:29:41.92,39,0,0
117,82,159.684,2026-09-26T14:32:21.604,38,0,0
117,83,154.294,2026-09-26T14:34:55.898,37,0,0
117,84,157.879,2026-09-26T14:37:33.777,37,0,0
117,85,153.16,2026-09-26T14:40:06.937,37,0,0
117,86,167.11,2026-09-26T14:42:54.047,37,0,0
117,87,178.901,2026-09-26T14:45:52.948,37,1,0
117,88,480.074,2026-09-26T14:53:53.022,40,0,0
117,89,211.729,2026-09-26T14:57:24.751,40,0,0
117,90,169.999,2026-09-26T15:00:14.75,38,0,0
117,91,160.995,2026-09-26T15:02:55.745,38,0,0
117,92,157.811,2026-09-26T15:05:33.556,38,0,0
117,93,162.614,2026-09-26T15:08:16.17,37,0,0
117,94,164.638,2026-09-26T15:11:00.808,37,0,0
117,95,161.911,2026-09-26T15:13:42.719,36,0,0
117,96,164.348,2026-09-26T15:16:27.067,36,0,0
117,97,170.625,2026-09-26T15:19:17.692,36,0,0
117,98,164.917,2026-09-26T15:22:02.609,36,0,0
117,99,160.552,2026-09-26T15:24:43.161,36,0,0
117,100,156.3,2026-09-26T15:27:19.461,36,0,0
117,101,210.924,2026-09-26T15:30:50.385,36,0,0
117,102,210.297,2026-09-26T15:34:20.682,35,0,0
117,103,161.064,2026-09-26T15:37:01.746,35,0,0
117,104,159.03,2026-09-26T15:39:40.776,35,0,0
117,105,161.322,2026-09-26T15:42:22.098,35,0,0
117,106,166.686,2026-09-26T15:45:08.784,35,0,0
117,107,159.731,2026-09-26T15:47:48.515,35,0,0
117,108,158.153,2026-09-26T15:50:26.668,34,0,0
117,109,205.516,2026-09-26T15:53:52.184,34,1,0
117,110,775.43,2026-09-26T16:06:47.614,37,0,1
117,111,215.54,2026-09-26T16:10:23.154,37,0,1
117,112,240.75,2026-09-26T16:14:23.904,36,0,1
117,113,226.081,2026-09-26T16:18:09.985,34,0,0
117,114,179.926,2026-09-26T16:21:09.911,34,0,0
117,115,173.726,2026-09-26T16:24:03.637,33,0,0
117,116,171.913,2026-09-26T16:26:55.55,33,0,0
117,117,158.911,2026-09-26T16:29:34.461,33,0,0
117,118,155.81,2026-09-26T16:32:10.271,33,0,0
117,119,159.882,2026-09-26T16:34:50.153,32,0,0
117,120,165.455,2026-09-26T16:37:35.608,32,0,0
117,121,169.863,2026-09-26T16:40:25.471,31,0,0
117,122,152.93,2026-09-26T16:42:58.401,30,0,0
117,123,169.959,2026-09-26T16:45:48.36,29,0,0
117,124,163.847,2026-09-26T16:48:32.207,29,0,0
117,125,156.325,2026-09-26T16:51:08.532,29,0,0
117,126,163.249,2026-09-26T16:53:51.781,29,0,0
117,127,155.732,2026-09-26T16:56:27.513,29,0,0
117,128,152.662,2026-09-26T16:59:00.175,29,0,0
117,129,154.154,2026-09-26T17:01:34.329,28,0,0
117,130,150.153,2026-09-26T17:04:04.482,28,0,0
117,131,155.066,2026-09-26T17:06:39.548,28,0,0
117,132,162.537,2026-09-26T17:09:22.085,28,0,0
117,133,169.731,2026-09-26T17:12:11.816,28,0,0
117,134,167.338,2026-09-26T17:14:59.154,28,0,0
117,135,170.576,2026-09-26T17:17:49.73,28,0,0
117,136,171.091,2026-09-26T17:20:40.821,28,0,0
117,137,154.345,2026-09-26T17:23:15.166,28,0,0
117,138,162.515,2026-09-26T17:25:57.681,28,0,0
117,139,158.45,2026-09-26T17:28:36.131,28,0,0
117,140,152.956,2026-09-26T17:31:09.087,28,0,0
117,141,152.501,2026-09-26T17:33:41.588,28,0,0
117,142,156.536,2026-09-26T17:36:18.124,28,0,0
117,143,161.552,2026-09-26T17:38:59.676,28,0,0
117,144,158.619,2026-09-26T17:41:38.295,28,0,0
117,145,160.581,2026-09-26T17:44:18.876,28,0,0
117,146,155.653,2026-09-26T17:46:54.529,27,0,0
117,147,158.745,2026-09-26T17:49:33.274,27,0,0
117,148,207.887,2026-09-26T17:53:01.161,27,0,1
117,149,234.237,2026-09-26T17:56:55.398,27,0,1
117,150,294.797,2026-09-26T18:01:50.195,26,0,1
117,151,53737.883,2026-09-27T08:57:28.078,26,0,0
117,152,178.027,2026-09-27T09:00:26.105,26,0,0
117,153,177.382,2026-09-27T09:03:23.487,26,0,0
117,154,168.182,2026-09-27T09:06:11.669,26,0,0
117,155,167.134,2026-09-27T09:08:58.803,26,0,0
117,156,163.106,2026-09-27T09:11:41.909,26,0,0
117,157,161.036,2026-09-27T09:14:22.945,26,0,0
117,158,165.498,2026-09-27T09:17:08.443,26,0,0
117,159,160.627,2026-09-27T09:19:49.07,26,0,0
117,160,182.111,2026-09-27T09:22:51.181,26,0,0
117,161,166.252,2026-09-27T09:25:37.433,26,0,0
117,162,174.098,2026-09-27T09:28:31.531,27,0,0
117,163,160.701,2026-09-27T09:31:12.232,28,0,0
117,164,155.794,2026-09-27T09:33:48.026,28,0,0
117,165,160.505,2026-09-27T09:36:28.531,27,0,0
117,166,157.022,2026-09-27T09:39:05.553,27,0,0
117,167,162.782,2026-09-27T09:41:48.335,27,0,0
117,168,171.92,2026-09-27T09:44:40.255,27,0,0
117,169,165.45,2026-09-27T09:47:25.705,27,0,0
117,170,170.714,2026-09-27T09:50:16.419,27,0,0
117,171,155.369,2026-09-27T09:52:51.788,26,0,0
117,172,162.548,2026-09-27T09:55:34.336,26,0,0
117,173,157.049,2026-09-27T09:58:11.385,26,0,0
117,174,154.56,2026-09-27T10:00:45.945,25,0,0
117,175,165.024,2026-09-27T10:03:30.969,25,0,0
117,176,155.755,2026-09-27T10:06:06.724,25,0,0
117,177,158.568,2026-09-27T10:08:45.292,25,0,0
117,178,157.945,2026-09-27T10:11:23.237,24,0,0
117,179,162.039,2026-09-27T10:14:05.276,23,0,0
117,180,157.096,2026-09-27T10:16:42.372,23,0,0
117,181,156.302,2026-09-27T10:19:18.674,22,0,0
117,182,155.254,2026-09-27T10:21:53.928,22,0,0
117,183,158.76,2026-09-27T10:24:32.688,22,0,0
117,184,1744.684,2026-09-27T10:53:37.372,23,1,0
117,185,221.83,2026-09-27T10:57:19.202,23,0,0
117,186,163.866,2026-09-27T11:00:03.068,23,0,0
117,187,171.114,2026-09-27T11:02:54.182,23,0,0
117,188,163.248,2026-09-27T11:05:37.43,23,0,0
117,189,181.265,2026-09-27T11:08:38.695,23,0,0
117,190,158.015,2026-09-27T11:11:16.71,23,0,0
117,191,154.907,2026-09-27T11:13:51.617,23,0,0
117,192,161.502,2026-09-27T11:16:33.119,23,0,0
117,193,154.965,2026-09-27T11:19:08.084,23,0,0
117,194,159.094,2026-09-27T11:21:47.178,23,0,0
117,195,156.649,2026-09-27T11:24:23.827,23,0,0
117,196,152.318,2026-09-27T11:26:56.145,23,0,0
117,197,156.996,2026-09-27T11:29:33.141,23,0,0
117,198,162.3,2026-09-27T11:32:15.441,23,0,0
117,199,165.461,2026-09-27T11:35:00.902,23,0,0
117,200,163.428,2026-09-27T11:37:44.33,23,0,0
117,201,155.549,2026-09-27T11:40:19.879,23,0,0
117,202,160.648,2026-09-27T11:43:00.527,22,0,0
117,203,153.148,2026-09-27T11:45:33.675,22,0,0
117,204,159.315,2026-09-27T11:48:12.99,22,0,0
117,205,154.63,2026-09-27T11:50:47.62,22,0,0
117,206,166.569,2026-09-27T11:53:34.189,22,0,0
117,207,162.793,2026-09-27T11:56:16.982,22,0,0
117,208,175.18,2026-09-27T11:59:12.162,22,0,0
117,209,239.607,2026-09-27T12:03:11.769,22,1,0
117,210,668.328,2026-09-27T12:14:20.097,24,0,0
117,211,156.951,2026-09-27T12:16:57.048,24,0,0
117,212,203.914,2026-09-27T12:20:20.962,23,1,0
117,213,320.702,2026-09-27T12:25:41.664,23,0,0
117,214,167.108,2026-09-27T12:28:28.772,23,0,0
117,215,152.643,2026-09-27T12:31:01.415,22,0,0
117,216,158.422,2026-09-27T12:33:39.837,22,0,0
117,217,154.276,2026-09-27T12:36:14.113,22,0,0
117,218,166.987,2026-09-27T12:39:01.1,22,0,0
117,219,159.599,2026-09-27T12:41:40.699,22,0,0
117,220,200.963,2026-09-27T12:45:01.662,22,0,0
117,221,158.615,2026-09-27T12:47:40.277,22,0,0
117,222,159.459,2026-09-27T12:50:19.736,22,0,0
117,223,162.995,2026-09-27T12:53:02.731,22,0,0
117,224,160.688,2026-09-27T12:55:43.419,22,0,0
117,225,497.759,2026-09-27T13:04:01.178,23,1,0
117,226,200.841,2026-09-27T13:07:22.019,23,0,0
117,227,157.385,2026-09-27T13:09:59.404,23,0,0
117,228,148.905,2026-09-27T13:12:28.309,23,0,0
117,229,152.95,2026-09-27T13:15:01.259,23,0,0
117,230,161.163,2026-09-27T13:17:42.422,23,0,0
117,231,157.824,2026-09-27T13:20:20.246,23,0,0
117,232,152.785,2026-09-27T13:22:53.031,23,0,0
117,233,151.337,2026-09-27T13:25:24.368,23,0,0
117,234,154.265,2026-09-27T13:27:58.633,23,0,0
117,235,154.154,2026-09-27T13:30:32.787,23,0,0
117,236,158.86,2026-09-27T13:33:11.647,23,0,0
117,237,157.242,2026-09-27T13:35:48.889,23,0,0
117,238,160.756,2026-09-27T13:38:29.645,23,0,0
117,239,156.091,2026-09-27T13:41:05.736,23,0,0
117,240,150.661,2026-09-27T13:43:36.397,23,0,0
117,241,151.647,2026-09-27T13:46:08.044,23,0,0
117,242,153.604,2026-09-27T13:48:41.648,23,0,0
117,243,160.014,2026-09-27T13:51:21.662,23,0,0
117,244,158.406,2026-09-27T13:54:00.068,23,0,0
117,245,162.26,2026-09-27T13:56:42.328,23,0,0
117,246,148.255,2026-09-27T13:59:10.583,23,0,0
117,247,147.477,2026-09-27T14:01:38.06,22,0,0
117,248,156.563,2026-09-27T14:04:14.623,21,0,0
117,249,154.57,2026-09-27T14:06:49.193,21,0,0
117,250,154.515,2026-09-27T14:09:23.708,21,0,0
117,251,158.893,2026-09-27T14:12:02.601,21,0,0
117,252,153.455,2026-09-27T14:14:36.056,21,0,0
117,253,152.844,2026-09-27T14:17:08.9,21,0,0
117,254,149.265,2026-09-27T14:19:38.165,21,0,0
117,255,168.312,2026-09-27T14:22:26.477,21,0,0
117,256,155.805,2026-09-27T14:25:02.282,21,0,0
117,257,156.225,2026-09-27T14:27:38.507,21,0,0
117,258,159.33,2026-09-27T14:30:17.837,20,0,0
117,259,161.34,2026-09-27T14:32:59.177,20,0,0
117,260,159.504,2026-09-27T14:35:38.681,20,0,0
117,261,164.852,2026-09-27T14:38:23.533,20,0,0
117,262,150.035,2026-09-27T14:40:53.568,20,0,0
117,263,158.547,2026-09-27T14:43:32.115,20,0,0
117,264,162.65,2026-09-27T14:46:14.765,20,0,0
117,265,157.736,2026-09-27T14:48:52.501,20,0,0
117,266,152.362,2026-09-27T14:51:24.863,20,0,0
117,267,154.797,2026-09-27T14:53:59.66,20,0,0
117,268,152.181,2026-09-27T14:56:31.841,20,0,0
117,269,163.396,2026-09-27T14:59:15.237,20,0,0
117,270,249.352,2026-09-27T15:03:24.589,20,1,0
117,271,455.675,2026-09-27T15:11:00.264,21,0,0
117,272,154.358,2026-09-27T15:13:34.622,21,0,0
117,273,150.99,2026-09-27T15:16:05.612,21,0,0
117,274,157.643,2026-09-27T15:18:43.255,21,0,0
117,275,154.236,2026-09-27T15:21:17.491,21,0,0
117,276,156.37,2026-09-27T15:23:53.861,21,0,0
117,277,157.375,2026-09-27T15:26:31.236,21,0,0
117,278,155.267,2026-09-27T15:29:06.503,21,0,0
117,279,181.265,2026-09-27T15:32:07.768,21,0,0
39,1,171.484,2026-09-26T10:07:04.968,59,0,0
39,2,172.993,2026-09-26T10:09:57.961,60,0,0
39,3,195.938,2026-09-26T10:13:13.899,58,0,0
39,4,167.26,2026-09-26T10:16:01.159,58,0,0
39,5,217.963,2026-09-26T10:19:39.122,65,1,0
39,6,311.555,2026-09-26T10:24:50.677,77,0,0
39,7,169.673,2026-09-26T10:27:40.35,77,0,0
39,8,178.0,2026-09-26T10:30:38.35,75,0,0
39,9,164.633,2026-09-26T10:33:22.983,73,0,0
39,10,158.164,2026-09-26T10:36:01.147,71,0,0
39,11,174.784,2026-09-26T10:38:55.931,66,0,0
39,12,163.715,2026-09-26T10:41:39.646,62,0,0
39,13,164.506,2026-09-26T10:44:24.152,60,0,0
39,14,165.051,2026-09-26T10:47:09.203,58,0,0
39,15,161.962,2026-09-26T10:49:51.165,53,0,0
39,16,165.337,2026-09-26T10:52:36.502,51,0,0
39,17,159.609,2026-09-26T10:55:16.111,49,0,0
39,18,164.414,2026-09-26T10:58:00.525,48,0,0
39,19,171.574,2026-09-26T11:00:52.099,45,0,0
39,20,162.239,2026-09-26T11:03:34.338,45,0,0
39,21,157.141,2026-09-26T11:06:11.479,43,0,0
39,22,160.212,2026-09-26T11:08:51.691,42,0,0
39,23,165.99,2026-09-26T11:11:37.681,40,0,0
39,24,169.233,2026-09-26T11:14:26.914,41,0,0
39,25,166.24,2026-09-26T11:17:13.154,40,0,0
39,26,509.039,2026-09-26T11:25:42.193,47,1,0
39,27,261.378,2026-09-26T11:30:03.571,53,0,0
39,28,201.495,2026-09-26T11:33:25.066,52,0,0
39,29,196.992,2026-09-26T11:36:42.058,51,0,0
39,30,196.111,2026-09-26T11:39:58.169,50,0,0
39,31,187.234,2026-09-26T11:43:05.403,52,0,0
39,32,181.315,2026-09-26T11:46:06.718,52,0,0
39,33,180.628,2026-09-26T11:49:07.346,51,0,0
39,34,184.278,2026-09-26T11:52:11.624,49,0,0
39,35,183.242,2026-09-26T11:55:14.866,48,0,0
39,36,177.177,2026-09-26T11:58:12.043,48,0,0
39,37,180.783,2026-09-26T12:01:12.826,47,0,0
39,38,181.237,2026-09-26T12:04:14.063,45,0,0
39,39,180.424,2026-09-26T12:07:14.487,43,0,0
39,40,206.913,2026-09-26T12:10:41.4,43,0,0
39,41,183.903,2026-09-26T12:13:45.303,41,0,0
39,42,187.524,2026-09-26T12:16:52.827,41,0,0
39,43,191.058,2026-09-26T12:20:03.885,42,0,0
39,44,186.602,2026-09-26T12:23:10.487,41,0,0
39,45,187.706,2026-09-26T12:26:18.193,41,0,0
39,46,181.655,2026-09-26T12:29:19.848,41,0,0
39,47,189.563,2026-09-26T12:32:29.411,41,0,0
39,48,182.739,2026-09-26T12:35:32.15,40,0,0
39,49,182.667,2026-09-26T12:38:34.817,40,0,0
39,50,615.461,2026-09-26T12:48:50.278,48,1,0
39,51,268.568,2026-09-26T12:53:18.846,48,0,0
39,52,176.218,2026-09-26T12:56:15.064,48,0,0
39,53,178.374,2026-09-26T12:59:13.438,49,0,0
39,54,178.583,2026-09-26T13:02:12.021,49,0,0
39,55,171.156,2026-09-26T13:05:03.177,49,0,0
39,56,174.031,2026-09-26T13:07:57.208,49,0,0
39,57,174.769,2026-09-26T13:10:51.977,49,0,0
39,58,173.027,2026-09-26T13:13:45.004,47,0,0
39,59,165.519,2026-09-26T13:16:30.523,47,0,0
39,60,166.33,2026-09-26T13:19:16.853,46,0,0
39,61,161.801,2026-09-26T13:21:58.654,46,0,0
39,62,160.601,2026-09-26T13:24:39.255,46,0,0
39,63,165.22,2026-09-26T13:27:24.475,45,0,0
39,64,162.669,2026-09-26T13:30:07.144,45,0,0
39,65,164.707,2026-09-26T13:32:51.851,44,0,0
39,66,163.8,2026-09-26T13:35:35.651,44,0,0
39,67,159.468,2026-09-26T13:38:15.119,43,0,0
39,68,159.687,2026-09-26T13:40:54.806,43,0,0
39,69,165.575,2026-09-26T13:43:40.381,42,0,0
39,70,172.573,2026-09-26T13:46:32.954,40,0,0
39,71,177.93,2026-09-26T13:49:30.884,38,0,0
39,72,161.509,2026-09-26T13:52:12.393,37,0,0
39,73,169.908,2026-09-26T13:55:02.301,37,0,0
39,74,167.834,2026-09-26T13:57:50.135,34,0,0
39,75,163.215,2026-09-26T14:00:33.35,33,0,0
39,76,367.287,2026-09-26T14:06:40.637,38,1,0
39,77,237.803,2026-09-26T14:10:38.44,37,0,0
39,78,172.918,2026-09-26T14:13:31.358,36,0,0
39,79,165.07,2026-09-26T14:16:16.428,36,0,0
39,80,161.518,2026-09-26T14:18:57.946,35,0,0
39,81,163.321,2026-09-26T14:21:41.267,34,0,0
39,82,161.832,2026-09-26T14:24:23.099,33,0,0
39,83,170.409,2026-09-26T14:27:13.508,33,0,0
39,84,165.83,2026-09-26T14:29:59.338,33,0,0
39,85,161.079,2026-09-26T14:32:40.417,33,0,0
39,86,161.656,2026-09-26T14:35:22.073,32,0,0
39,87,161.916,2026-09-26T14:38:03.989,32,0,0
39,88,164.415,2026-09-26T14:40:48.404,32,0,0
39,89,158.64,2026-09-26T14:43:27.044,31,0,0
39,90,180.139,2026-09-26T14:46:27.183,31,0,0
39,91,163.11,2026-09-26T14:49:10.293,31,0,0
39,92,169.972,2026-09-26T14:52:00.265,31,0,0
39,93,175.074,2026-09-26T14:54:55.339,31,0,0
39,94,176.667,2026-09-26T14:57:52.006,31,0,0
39,95,164.778,2026-09-26T15:00:36.784,31,0,0
39,96,168.796,2026-09-26T15:03:25.58,31,0,0
39,97,181.533,2026-09-26T15:06:27.113,31,0,0
39,98,167.734,2026-09-26T15:09:14.847,31,0,0
39,99,162.745,2026-09-26T15:11:57.592,31,0,0
39,100,163.191,2026-09-26T15:14:40.783,30,0,0
39,101,185.363,2026-09-26T15:17:46.146,30,0,0
39,102,710.864,2026-09-26T15:29:37.01,33,1,0
39,103,281.648,2026-09-26T15:34:18.658,34,0,0
39,104,195.558,2026-09-26T15:37:34.216,34,0,0
39,105,195.431,2026-09-26T15:40:49.647,34,0,0
39,106,192.441,2026-09-26T15:44:02.088,34,0,0
39,107,189.538,2026-09-26T15:47:11.626,34,0,0
39,108,200.111,2026-09-26T15:50:31.737,35,0,0
39,109,211.132,2026-09-26T15:54:02.869,35,0,0
39,110,198.507,2026-09-26T15:57:21.376,34,0,1
39,111,274.791,2026-09-26T16:01:56.167,34,0,1
39,112,225.872,2026-09-26T16:05:42.039,32,0,1
39,113,243.153,2026-09-26T16:09:45.192,31,0,1
39,114,235.211,2026-09-26T16:13:40.403,31,0,1
39,115,247.342,2026-09-26T16:17:47.745,30,0,0
39,116,202.009,2026-09-26T16:21:09.754,30,0,0
39,117,193.841,2026-09-26T16:24:23.595,31,0,0
39,118,197.654,2026-09-26T16:27:41.249,32,0,0
39,119,193.939,2026-09-26T16:30:55.188,31,0,0
39,120,199.556,2026-09-26T16:34:14.744,31,0,0
39,121,198.083,2026-09-26T16:37:32.827,30,0,0
39,122,383.801,2026-09-26T16:43:56.628,31,1,0
39,123,229.634,2026-09-26T16:47:46.262,31,0,0
39,124,171.705,2026-09-26T16:50:37.967,30,0,0
39,125,164.227,2026-09-26T16:53:22.194,30,0,0
39,126,166.686,2026-09-26T16:56:08.88,30,0,0
39,127,170.474,2026-09-26T16:58:59.354,30,0,0
39,128,170.222,2026-09-26T17:01:49.576,30,0,0
39,129,163.216,2026-09-26T17:04:32.792,30,0,0
39,130,162.816,2026-09-26T17:07:15.608,29,0,0
39,131,166.44,2026-09-26T17:10:02.048,29,0,0
39,132,182.174,2026-09-26T17:13:04.222,29,0,0
39,133,166.535,2026-09-26T17:15:50.757,29,0,0
39,134,163.892,2026-09-26T17:18:34.649,29,0,0
39,135,166.473,2026-09-26T17:21:21.122,29,0,0
39,136,171.628,2026-09-26T17:24:12.75,29,0,0
39,137,170.611,2026-09-26T17:27:03.361,29,0,0
39,138,160.937,2026-09-26T17:29:44.298,29,0,0
39,139,163.992,2026-09-26T17:32:28.29,29,0,0
39,140,166.092,2026-09-26T17:35:14.382,29,0,0
39,141,158.519,2026-09-26T17:37:52.901,29,0,0
39,142,161.526,2026-09-26T17:40:34.427,29,0,0
39,143,164.702,2026-09-26T17:43:19.129,29,0,0
39,144,187.371,2026-09-26T17:46:26.5,29,0,0
39,145,169.94,2026-09-26T17:49:16.44,29,0,0
39,146,214.526,2026-09-26T17:52:50.966,29,0,1
39,147,237.528,2026-09-26T17:56:48.494,29,0,1
39,148,291.535,2026-09-26T18:01:40.029,29,0,1
39,149,53772.997,2026-09-27T08:57:53.026,29,0,0
39,150,187.276,2026-09-27T09:01:00.302,29,0,0
39,151,184.634,2026-09-27T09:04:04.936,29,0,0
39,152,180.879,2026-09-27T09:07:05.815,29,0,0
39,153,174.566,2026-09-27T09:10:00.381,29,0,0
39,154,174.437,2026-09-27T09:12:54.818,29,0,0
39,155,179.862,2026-09-27T09:15:54.68,29,0,0
39,156,174.756,2026-09-27T09:18:49.436,29,0,0
39,157,179.504,2026-09-27T09:21:48.94,29,0,0
39,158,173.77,2026-09-27T09:24:42.71,29,0,0
39,159,178.462,2026-09-27T09:27:41.172,31,0,0
39,160,174.013,2026-09-27T09:30:35.185,31,0,0
39,161,171.824,2026-09-27T09:33:27.009,31,0,0
39,162,180.015,2026-09-27T09:36:27.024,31,0,0
39,163,173.877,2026-09-27T09:39:20.901,31,0,0
39,164,172.682,2026-09-27T09:42:13.583,31,0,0
39,165,176.725,2026-09-27T09:45:10.308,30,0,0
39,166,179.026,2026-09-27T09:48:09.334,30,0,0
39,167,192.599,2026-09-27T09:51:21.933,29,0,0
39,168,177.401,2026-09-27T09:54:19.334,29,0,0
39,169,177.019,2026-09-27T09:57:16.353,29,0,0
39,170,350.15,2026-09-27T10:03:06.503,30,1,0
39,171,236.777,2026-09-27T10:07:03.28,30,0,0
39,172,166.446,2026-09-27T10:09:49.726,29,0,0
39,173,155.479,2026-09-27T10:12:25.205,29,0,0
39,174,164.112,2026-09-27T10:15:09.317,28,0,0
39,175,157.611,2026-09-27T10:17:46.928,28,0,0
39,176,155.854,2026-09-27T10:20:22.782,28,0,0
39,177,155.183,2026-09-27T10:22:57.965,28,0,0
39,178,1203.08,2026-09-27T10:43:01.045,27,1,1
39,179,413.149,2026-09-27T10:49:54.194,26,0,0
39,180,162.945,2026-09-27T10:52:37.139,26,0,0
39,181,159.736,2026-09-27T10:55:16.875,26,0,0
39,182,159.389,2026-09-27T10:57:56.264,26,0,0
39,183,529.376,2026-09-27T11:06:45.64,27,1,0
39,184,193.614,2026-09-27T11:09:59.254,27,0,0
39,185,161.853,2026-09-27T11:12:41.107,27,0,0
39,186,159.874,2026-09-27T11:15:20.981,27,0,0
39,187,161.042,2026-09-27T11:18:02.023,27,0,0
39,188,160.341,2026-09-27T11:20:42.364,27,0,0
39,189,160.781,2026-09-27T11:23:23.145,27,0,0
39,190,157.357,2026-09-27T11:26:00.502,26,0,0
39,191,154.79,2026-09-27T11:28:35.292,26,0,0
39,192,160.229,2026-09-27T11:31:15.521,26,0,0
39,193,167.212,2026-09-27T11:34:02.733,26,0,0
39,194,165.489,2026-09-27T11:36:48.222,26,0,0
39,195,164.877,2026-09-27T11:39:33.099,26,0,0
39,196,158.002,2026-09-27T11:42:11.101,26,0,0
39,197,155.745,2026-09-27T11:44:46.846,26,0,0
39,198,151.424,2026-09-27T11:47:18.27,26,0,0
39,199,158.446,2026-09-27T11:49:56.716,26,0,0
39,200,165.318,2026-09-27T11:52:42.034,26,0,0
39,201,156.554,2026-09-27T11:55:18.588,26,0,0
39,202,343.075,2026-09-27T12:01:01.663,26,1,0
39,203,246.581,2026-09-27T12:05:08.244,26,0,0
39,204,180.677,2026-09-27T12:08:08.921,26,0,0
39,205,181.076,2026-09-27T12:11:09.997,26,0,0
39,206,175.948,2026-09-27T12:14:05.945,26,0,0
39,207,174.627,2026-09-27T12:17:00.572,26,0,0
39,208,182.343,2026-09-27T12:20:02.915,26,0,0
39,209,181.679,2026-09-27T12:23:04.594,26,0,0
39,210,176.595,2026-09-27T12:26:01.189,26,0,0
39,211,176.164,2026-09-27T12:28:57.353,26,0,0
39,212,179.011,2026-09-27T12:31:56.364,25,0,0
39,213,187.898,2026-09-27T12:35:04.262,25,0,0
39,214,175.444,2026-09-27T12:37:59.706,25,0,0
39,215,180.833,2026-09-27T12:41:00.539,24,0,0
39,216,188.494,2026-09-27T12:44:09.033,24,0,0
39,217,172.381,2026-09-27T12:47:01.414,24,0,0
39,218,171.636,2026-09-27T12:49:53.05,24,0,0
39,219,173.261,2026-09-27T12:52:46.311,24,0,0
39,220,170.374,2026-09-27T12:55:36.685,24,0,0
39,221,176.487,2026-09-27T12:58:33.172,24,0,0
39,222,176.404,2026-09-27T13:01:29.576,24,0,0
39,223,181.689,2026-09-27T13:04:31.265,24,0,0
39,224,172.451,2026-09-27T13:07:23.716,24,0,0
39,225,518.561,2026-09-27T13:16:02.277,24,1,0
39,226,190.548,2026-09-27T13:19:12.825,25,0,0
39,227,160.483,2026-09-27T13:21:53.308,25,0,0
39,228,163.224,2026-09-27T13:24:36.532,25,0,0
39,229,161.877,2026-09-27T13:27:18.409,25,0,0
39,230,162.625,2026-09-27T13:30:01.034,25,0,0
39,231,168.533,2026-09-27T13:32:49.567,25,0,0
39,232,164.031,2026-09-27T13:35:33.598,25,0,0
39,233,159.51,2026-09-27T13:38:13.108,25,0,0
39,234,161.437,2026-09-27T13:40:54.545,25,0,0
39,235,161.004,2026-09-27T13:43:35.549,25,0,0
39,236,160.296,2026-09-27T13:46:15.845,25,0,0
39,237,157.672,2026-09-27T13:48:53.517,25,0,0
39,238,160.528,2026-09-27T13:51:34.045,25,0,0
39,239,166.59,2026-09-27T13:54:20.635,25,0,0
39,240,164.084,2026-09-27T13:57:04.719,25,0,0
39,241,172.72,2026-09-27T13:59:57.439,24,0,0
39,242,164.007,2026-09-27T14:02:41.446,24,0,0
39,243,160.217,2026-09-27T14:05:21.663,24,0,0
39,244,163.378,2026-09-27T14:08:05.041,24,0,0
39,245,156.641,2026-09-27T14:10:41.682,24,0,0
39,246,168.425,2026-09-27T14:13:30.107,24,0,0
39,247,162.921,2026-09-27T14:16:13.028,23,0,0
39,248,316.054,2026-09-27T14:21:29.082,23,1,0
39,249,180.057,2026-09-27T14:24:29.139,23,0,0
39,250,160.133,2026-09-27T14:27:09.272,23,0,0
39,251,165.106,2026-09-27T14:29:54.378,23,0,0
39,252,164.43,2026-09-27T14:32:38.808,23,0,0
39,253,158.197,2026-09-27T14:35:17.005,23,0,0
39,254,159.869,2026-09-27T14:37:56.874,23,0,0
39,255,161.05,2026-09-27T14:40:37.924,23,0,0
39,256,167.868,2026-09-27T14:43:25.792,23,0,0
39,257,172.48,2026-09-27T14:46:18.272,23,0,0
39,258,163.575,2026-09-27T14:49:01.847,22,0,0
39,259,162.854,2026-09-27T14:51:44.701,22,0,0
39,260,162.786,2026-09-27T14:54:27.487,22,0,0
39,261,164.5,2026-09-27T14:57:11.987,22,0,0
39,262,160.077,2026-09-27T14:59:52.064,22,0,0
39,263,157.487,2026-09-27T15:02:29.551,22,0,0
39,264,156.732,2026-09-27T15:05:06.283,22,0,0
39,265,160.245,2026-09-27T15:07:46.528,22,0,0
39,266,168.393,2026-09-27T15:10:34.921,22,0,0
39,267,161.95,2026-09-27T15:13:16.871,22,0,0
39,268,158.302,2026-09-27T15:15:55.173,22,0,0
39,269,160.762,2026-09-27T15:18:35.935,22,0,0
39,270,154.734,2026-09-27T15:21:10.669,22,0,0
39,271,159.981,2026-09-27T15:23:50.65,22,0,0
39,272,156.776,2026-09-27T15:26:27.426,22,0,0
39,273,155.438,2026-09-27T15:29:02.864,22,0,0
39,274,156.387,2026-09-27T15:31:39.251,22,0,0
325,1,168.18,2026-09-26T10:10:56.639,88,0,0
325,2,198.474,2026-09-26T10:14:15.113,88,0,0
325,3,173.009,2026-09-26T10:17:08.122,84,0,0
325,4,166.214,2026-09-26T10:19:54.336,81,0,0
325,5,183.285,2026-09-26T10:22:57.621,80,0,0
325,6,155.079,2026-09-26T10:25:32.7,80,0,0
325,7,158.62,2026-09-26T10:28:11.32,79,0,0
325,8,156.312,2026-09-26T10:30:47.632,77,0,0
325,9,158.788,2026-09-26T10:33:26.42,74,0,0
325,10,165.357,2026-09-26T10:36:11.777,72,0,0
325,11,162.916,2026-09-26T10:38:54.693,65,0,0
325,12,160.671,2026-09-26T10:41:35.364,61,0,0
325,13,167.762,2026-09-26T10:44:23.126,59,0,0
325,14,165.198,2026-09-26T10:47:08.324,57,0,0
325,15,157.711,2026-09-26T10:49:46.035,52,0,0
325,16,163.596,2026-09-26T10:52:29.631,50,0,0
325,17,161.718,2026-09-26T10:55:11.349,48,0,0
325,18,156.595,2026-09-26T10:57:47.944,47,0,0
325,19,181.696,2026-09-26T11:00:49.64,44,0,0
325,20,156.155,2026-09-26T11:03:25.795,44,0,0
325,21,154.967,2026-09-26T11:06:00.762,41,0,0
325,22,159.426,2026-09-26T11:08:40.188,40,0,0
325,23,164.207,2026-09-26T11:11:24.395,38,0,0
325,24,154.601,2026-09-26T11:13:58.996,38,0,0
325,25,158.02,2026-09-26T11:16:37.016,38,0,0
325,26,156.126,2026-09-26T11:19:13.142,38,0,0
325,27,164.603,2026-09-26T11:21:57.745,38,0,0
325,28,157.538,2026-09-26T11:24:35.283,36,0,0
325,29,156.926,2026-09-26T11:27:12.209,36,0,0
325,30,159.698,2026-09-26T11:29:51.907,35,0,0
325,31,165.249,2026-09-26T11:32:37.156,35,0,0
325,32,166.732,2026-09-26T11:35:23.888,34,0,0
325,33,171.972,2026-09-26T11:38:15.86,34,0,0
325,34,169.344,2026-09-26T11:41:05.204,33,0,0
325,35,176.595,2026-09-26T11:44:01.799,31,1,0
325,36,451.476,2026-09-26T11:51:33.275,37,0,0
325,37,156.068,2026-09-26T11:54:09.343,35,0,0
325,38,158.77,2026-09-26T11:56:48.113,32,0,0
325,39,154.646,2026-09-26T11:59:22.759,32,0,0
325,40,155.075,2026-09-26T12:01:57.834,30,0,0
325,41,155.306,2026-09-26T12:04:33.14,28,0,0
325,42,166.277,2026-09-26T12:07:19.417,26,0,0
325,43,154.554,2026-09-26T12:09:53.971,26,0,0
325,44,529.219,2026-09-26T12:18:43.19,33,1,0
325,45,218.437,2026-09-26T12:22:21.627,33,0,0
325,46,173.295,2026-09-26T12:25:14.922,33,0,0
325,47,176.1,2026-09-26T12:28:11.022,33,0,0
325,48,172.707,2026-09-26T12:31:03.729,32,0,0
325,49,169.117,2026-09-26T12:33:52.846,32,0,0
325,50,165.974,2026-09-26T12:36:38.82,33,0,0
325,51,167.45,2026-09-26T12:39:26.27,32,0,0
325,52,187.393,2026-09-26T12:42:33.663,32,0,0
325,53,168.591,2026-09-26T12:45:22.254,32,0,0
325,54,162.092,2026-09-26T12:48:04.346,33,0,0
325,55,164.887,2026-09-26T12:50:49.233,33,0,0
325,56,168.377,2026-09-26T12:53:37.61,33,0,0
325,57,169.428,2026-09-26T12:56:27.038,33,0,0
325,58,177.196,2026-09-26T12:59:24.234,31,0,0
325,59,177.126,2026-09-26T13:02:21.36,31,0,0
325,60,171.727,2026-09-26T13:05:13.087,31,0,0
325,61,165.141,2026-09-26T13:07:58.228,31,0,0
325,62,170.817,2026-09-26T13:10:49.045,31,0,0
325,63,1090.039,2026-09-26T13:28:59.084,47,0,0
325,64,170.147,2026-09-26T13:31:49.231,46,0,0
325,65,164.146,2026-09-26T13:34:33.377,46,0,0
325,66,162.4,2026-09-26T13:37:15.777,45,0,0
325,67,162.883,2026-09-26T13:39:58.66,44,0,0
325,68,171.319,2026-09-26T13:42:49.979,44,0,0
325,69,168.939,2026-09-26T13:45:38.918,43,0,0
325,70,164.66,2026-09-26T13:48:23.578,41,0,0
325,71,162.577,2026-09-26T13:51:06.155,39,0,0
325,72,160.564,2026-09-26T13:53:46.719,39,0,0
325,73,168.52,2026-09-26T13:56:35.239,39,0,0
325,74,161.827,2026-09-26T13:59:17.066,36,0,0
325,75,159.136,2026-09-26T14:01:56.202,35,0,0
325,76,155.961,2026-09-26T14:04:32.163,34,0,0
325,77,164.133,2026-09-26T14:07:16.296,34,0,0
325,78,470.039,2026-09-26T14:15:06.335,37,1,0
325,79,689.836,2026-09-26T14:26:36.171,43,0,0
325,80,181.987,2026-09-26T14:29:38.158,43,0,0
325,81,173.754,2026-09-26T14:32:31.912,43,0,0
325,82,181.745,2026-09-26T14:35:33.657,42,0,0
325,83,178.417,2026-09-26T14:38:32.074,42,0,0
325,84,181.016,2026-09-26T14:41:33.09,42,0,0
325,85,179.014,2026-09-26T14:44:32.104,42,0,0
325,86,178.502,2026-09-26T14:47:30.606,41,0,0
325,87,174.564,2026-09-26T14:50:25.17,40,0,0
325,88,195.661,2026-09-26T14:53:40.831,39,0,0
325,89,216.782,2026-09-26T14:57:17.613,39,0,0
325,90,180.964,2026-09-26T15:00:18.577,39,0,0
325,91,182.698,2026-09-26T15:03:21.275,39,0,0
325,92,185.919,2026-09-26T15:06:27.194,39,0,0
325,93,183.7,2026-09-26T15:09:30.894,38,0,0
325,94,192.863,2026-09-26T15:12:43.757,38,0,0
325,95,193.817,2026-09-26T15:15:57.574,38,0,0
325,96,197.445,2026-09-26T15:19:15.019,38,0,0
325,97,176.379,2026-09-26T15:22:11.398,38,0,0
325,98,179.857,2026-09-26T15:25:11.255,38,0,0
325,99,189.663,2026-09-26T15:28:20.918,37,0,0
325,100,192.877,2026-09-26T15:31:33.795,38,0,0
325,101,230.931,2026-09-26T15:35:24.726,38,0,0
325,102,180.493,2026-09-26T15:38:25.219,37,0,0
325,103,170.86,2026-09-26T15:41:16.079,37,0,0
325,104,167.719,2026-09-26T15:44:03.798,36,0,0
325,105,177.088,2026-09-26T15:47:00.886,36,0,0
325,106,178.055,2026-09-26T15:49:58.941,36,0,0
325,107,191.538,2026-09-26T15:53:10.479,36,0,0
325,108,182.405,2026-09-26T15:56:12.884,36,0,1
325,109,290.788,2026-09-26T16:01:03.672,36,0,1
325,110,233.756,2026-09-26T16:04:57.428,35,0,1
325,111,240.114,2026-09-26T16:08:57.542,35,0,1
325,112,234.648,2026-09-26T16:12:52.19,35,0,1
325,113,546.404,2026-09-26T16:21:58.594,37,1,0
325,114,192.65,2026-09-26T16:25:11.244,36,0,0
325,115,158.93,2026-09-26T16:27:50.174,36,0,0
325,116,168.628,2026-09-26T16:30:38.802,35,0,0
325,117,162.502,2026-09-26T16:33:21.304,35,0,0
325,118,156.043,2026-09-26T16:35:57.347,35,0,0
325,119,162.942,2026-09-26T16:38:40.289,34,0,0
325,120,160.887,2026-09-26T16:41:21.176,34,0,0
325,121,161.917,2026-09-26T16:44:03.093,33,0,0
325,122,162.37,2026-09-26T16:46:45.463,33,0,0
325,123,157.1,2026-09-26T16:49:22.563,32,0,0
325,124,158.863,2026-09-26T16:52:01.426,31,0,0
325,125,154.43,2026-09-26T16:54:35.856,31,0,0
325,126,166.995,2026-09-26T16:57:22.851,31,0,0
325,127,161.265,2026-09-26T17:00:04.116,31,0,0
325,128,159.36,2026-09-26T17:02:43.476,31,0,0
325,129,166.116,2026-09-26T17:05:29.592,31,0,0
325,130,169.869,2026-09-26T17:08:19.461,30,0,0
325,131,191.411,2026-09-26T17:11:30.872,30,0,0
325,132,186.65,2026-09-26T17:14:37.522,30,1,0
325,133,399.304,2026-09-26T17:21:16.826,32,0,0
325,134,175.637,2026-09-26T17:24:12.463,32,0,0
325,135,172.325,2026-09-26T17:27:04.788,32,0,0
325,136,163.831,2026-09-26T17:29:48.619,32,0,0
325,137,162.188,2026-09-26T17:32:30.807,32,0,0
325,138,156.137,2026-09-26T17:35:06.944,32,0,0
325,139,277.869,2026-09-26T17:39:44.813,32,1,0
325,140,456.371,2026-09-26T17:47:21.184,33,0,0
325,141,170.259,2026-09-26T17:50:11.443,33,0,1
325,142,190.947,2026-09-26T17:53:22.39,33,0,1
325,143,232.031,2026-09-26T17:57:14.421,33,0,1
325,144,301.678,2026-09-26T18:02:16.099,33,0,1
325,145,53975.604,2026-09-27T09:01:51.703,33,0,0
325,146,172.67,2026-09-27T09:04:44.373,33,0,0
325,147,188.649,2026-09-27T09:07:53.022,33,0,0
325,148,236.717,2026-09-27T09:11:49.739,33,1,0
325,149,306.148,2026-09-27T09:16:55.887,33,0,0
325,150,174.41,2026-09-27T09:19:50.297,33,0,0
325,151,195.972,2026-09-27T09:23:06.269,33,0,0
325,152,173.318,2026-09-27T09:25:59.587,33,0,0
325,153,177.669,2026-09-27T09:28:57.256,33,0,0
325,154,171.415,2026-09-27T09:31:48.671,33,0,0
325,155,172.477,2026-09-27T09:34:41.148,33,0,0
325,156,172.114,2026-09-27T09:37:33.262,33,0,0
325,157,167.409,2026-09-27T09:40:20.671,33,0,0
325,158,166.643,2026-09-27T09:43:07.314,33,0,0
325,159,167.376,2026-09-27T09:45:54.69,33,0,0
325,160,171.374,2026-09-27T09:48:46.064,33,0,0
325,161,172.601,2026-09-27T09:51:38.665,33,0,0
325,162,165.3,2026-09-27T09:54:23.965,33,0,0
325,163,171.622,2026-09-27T09:57:15.587,33,0,0
325,164,169.645,2026-09-27T10:00:05.232,33,0,0
325,165,166.208,2026-09-27T10:02:51.44,32,0,0
325,166,165.587,2026-09-27T10:05:37.027,32,0,0
325,167,167.401,2026-09-27T10:08:24.428,32,0,0
325,168,163.244,2026-09-27T10:11:07.672,32,0,0
325,169,166.116,2026-09-27T10:13:53.788,32,0,0
325,170,170.113,2026-09-27T10:16:43.901,32,0,0
325,171,196.85,2026-09-27T10:20:00.751,31,1,0
325,172,1446.298,2026-09-27T10:44:07.049,31,0,0
325,173,446.457,2026-09-27T10:51:33.506,32,1,0
325,174,192.018,2026-09-27T10:54:45.524,32,0,0
325,175,155.234,2026-09-27T10:57:20.758,32,0,0
325,176,162.685,2026-09-27T11:00:03.443,31,0,0
325,177,170.451,2026-09-27T11:02:53.894,30,0,0
325,178,162.968,2026-09-27T11:05:36.862,29,0,0
325,179,178.286,2026-09-27T11:08:35.148,28,0,0
325,180,160.12,2026-09-27T11:11:15.268,28,0,0
325,181,154.731,2026-09-27T11:13:49.999,28,0,0
325,182,161.5,2026-09-27T11:16:31.499,28,0,0
325,183,158.68,2026-09-27T11:19:10.179,28,0,0
325,184,167.818,2026-09-27T11:21:57.997,28,0,0
325,185,173.224,2026-09-27T11:24:51.221,28,0,0
325,186,154.336,2026-09-27T11:27:25.557,28,0,0
325,187,167.022,2026-09-27T11:30:12.579,28,0,0
325,188,164.068,2026-09-27T11:32:56.647,28,0,0
325,189,163.811,2026-09-27T11:35:40.458,28,0,0
325,190,155.611,2026-09-27T11:38:16.069,27,0,0
325,191,158.641,2026-09-27T11:40:54.71,27,0,0
325,192,160.427,2026-09-27T11:43:35.137,27,0,0
325,193,169.549,2026-09-27T11:46:24.686,27,0,0
325,194,164.768,2026-09-27T11:49:09.454,27,0,0
325,195,158.516,2026-09-27T11:51:47.97,27,0,0
325,196,157.722,2026-09-27T11:54:25.692,27,0,0
325,197,158.022,2026-09-27T11:57:03.714,27,0,0
325,198,164.353,2026-09-27T11:59:48.067,27,0,0
325,199,165.21,2026-09-27T12:02:33.277,27,0,0
325,200,155.256,2026-09-27T12:05:08.533,27,0,0
325,201,164.559,2026-09-27T12:07:53.092,27,0,0
325,202,162.286,2026-09-27T12:10:35.378,27,0,0
325,203,160.957,2026-09-27T12:13:16.335,27,0,0
325,204,160.487,2026-09-27T12:15:56.822,27,0,0
325,205,429.471,2026-09-27T12:23:06.293,28,1,0
325,206,190.013,2026-09-27T12:26:16.306,27,0,0
325,207,157.871,2026-09-27T12:28:54.177,27,0,0
325,208,160.068,2026-09-27T12:31:34.245,27,0,0
325,209,157.612,2026-09-27T12:34:11.857,27,0,0
325,210,158.494,2026-09-27T12:36:50.351,27,0,0
325,211,153.25,2026-09-27T12:39:23.601,27,0,0
325,212,161.578,2026-09-27T12:42:05.179,27,0,0
325,213,184.163,2026-09-27T12:45:09.342,27,0,0
325,214,156.678,2026-09-27T12:47:46.02,27,0,0
325,215,154.134,2026-09-27T12:50:20.154,26,0,0
325,216,157.459,2026-09-27T12:52:57.613,26,0,0
325,217,153.99,2026-09-27T12:55:31.603,25,0,0
325,218,152.986,2026-09-27T12:58:04.589,25,0,0
325,219,156.974,2026-09-27T13:00:41.563,25,0,0
325,220,157.573,2026-09-27T13:03:19.136,25,0,0
325,221,159.548,2026-09-27T13:05:58.684,25,0,0
325,222,156.169,2026-09-27T13:08:34.853,25,0,0
325,223,156.652,2026-09-27T13:11:11.505,25,0,0
325,224,151.66,2026-09-27T13:13:43.165,25,0,0
325,225,152.792,2026-09-27T13:16:15.957,25,0,0
325,226,159.336,2026-09-27T13:18:55.293,24,0,0
325,227,161.194,2026-09-27T13:21:36.487,24,0,0
325,228,157.171,2026-09-27T13:24:13.658,24,0,0
325,229,154.214,2026-09-27T13:26:47.872,24,0,0
325,230,163.517,2026-09-27T13:29:31.389,24,0,0
325,231,156.261,2026-09-27T13:32:07.65,24,0,0
325,232,157.341,2026-09-27T13:34:44.991,24,0,0
325,233,154.382,2026-09-27T13:37:19.373,24,0,0
325,234,155.464,2026-09-27T13:39:54.837,24,0,0
325,235,153.223,2026-09-27T13:42:28.06,24,0,0
325,236,155.139,2026-09-27T13:45:03.199,24,0,0
325,237,154.909,2026-09-27T13:47:38.108,24,0,0
325,238,154.684,2026-09-27T13:50:12.792,24,0,0
325,239,153.821,2026-09-27T13:52:46.613,24,0,0
325,240,152.075,2026-09-27T13:55:18.688,24,0,0
325,241,422.519,2026-09-27T14:02:21.207,25,1,0
325,242,196.061,2026-09-27T14:05:37.268,26,0,0
325,243,167.705,2026-09-27T14:08:24.973,26,0,0
325,244,167.768,2026-09-27T14:11:12.741,25,0,0
325,245,169.276,2026-09-27T14:14:02.017,25,0,0
325,246,165.78,2026-09-27T14:16:47.797,25,0,0
325,247,164.054,2026-09-27T14:19:31.851,24,0,0
325,248,169.635,2026-09-27T14:22:21.486,24,0,0
325,249,160.044,2026-09-27T14:25:01.53,24,0,0
325,250,159.913,2026-09-27T14:27:41.443,24,0,0
325,251,170.92,2026-09-27T14:30:32.363,24,0,0
325,252,168.263,2026-09-27T14:33:20.626,24,0,0
325,253,163.134,2026-09-27T14:36:03.76,24,0,0
325,254,161.617,2026-09-27T14:38:45.377,24,0,0
325,255,159.294,2026-09-27T14:41:24.671,24,0,0
325,256,158.141,2026-09-27T14:44:02.812,24,0,0
325,257,165.599,2026-09-27T14:46:48.411,24,0,0
325,258,165.236,2026-09-27T14:49:33.647,23,0,0
325,259,165.962,2026-09-27T14:52:19.609,23,0,0
325,260,167.264,2026-09-27T14:55:06.873,23,0,0
325,261,162.851,2026-09-27T14:57:49.724,23,0,0
325,262,213.868,2026-09-27T15:01:23.592,23,1,0
325,263,463.964,2026-09-27T15:09:07.556,24,0,0
325,264,159.31,2026-09-27T15:11:46.866,24,0,0
325,265,159.137,2026-09-27T15:14:26.003,24,0,0
325,266,160.128,2026-09-27T15:17:06.131,24,0,0
325,267,161.583,2026-09-27T15:19:47.714,24,0,0
325,268,163.194,2026-09-27T15:22:30.908,24,0,0
325,269,162.789,2026-09-27T15:25:13.697,24,0,0
325,270,165.797,2026-09-27T15:27:59.494,23,0,0
325,271,163.853,2026-09-27T15:30:43.347,23,0,0
95,1,152.515,2026-09-26T10:06:22.203,47,0,0
95,2,173.534,2026-09-26T10:09:15.737,42,0,0
95,3,188.566,2026-09-26T10:12:24.303,38,0,0
95,4,168.166,2026-09-26T10:15:12.469,35,0,0
95,5,195.26,2026-09-26T10:18:27.729,34,0,0
95,6,148.891,2026-09-26T10:20:56.62,33,0,0
95,7,168.931,2026-09-26T10:23:45.551,31,0,0
95,8,159.188,2026-09-26T10:26:24.739,28,0,0
95,9,150.816,2026-09-26T10:28:55.555,26,0,0
95,10,148.318,2026-09-26T10:31:23.873,25,0,0
95,11,148.844,2026-09-26T10:33:52.717,22,0,0
95,12,146.637,2026-09-26T10:36:19.354,19,0,0
95,13,157.972,2026-09-26T10:38:57.326,17,0,0
95,14,155.612,2026-09-26T10:41:32.938,17,0,0
95,15,164.584,2026-09-26T10:44:17.522,17,0,0
95,16,157.987,2026-09-26T10:46:55.509,16,0,0
95,17,146.832,2026-09-26T10:49:22.341,16,0,0
95,18,171.454,2026-09-26T10:52:13.795,16,0,0
95,19,146.752,2026-09-26T10:54:40.547,16,0,0
95,20,153.057,2026-09-26T10:57:13.604,16,0,0
95,21,142.522,2026-09-26T10:59:36.126,16,0,0
95,22,155.521,2026-09-26T11:02:11.647,16,0,0
95,23,142.976,2026-09-26T11:04:34.623,15,0,0
95,24,145.521,2026-09-26T11:07:00.144,14,0,0
95,25,146.126,2026-09-26T11:09:26.27,13,0,0
95,26,146.978,2026-09-26T11:11:53.248,13,0,0
95,27,158.106,2026-09-26T11:14:31.354,12,0,0
95,28,144.745,2026-09-26T11:16:56.099,12,0,0
95,29,144.606,2026-09-26T11:19:20.705,11,0,0
95,30,157.511,2026-09-26T11:21:58.216,10,0,0
95,31,148.88,2026-09-26T11:24:27.096,10,0,0
95,32,150.661,2026-09-26T11:26:57.757,10,0,0
95,33,156.067,2026-09-26T11:29:33.824,10,0,0
95,34,150.903,2026-09-26T11:32:04.727,9,0,0
95,35,165.352,2026-09-26T11:34:50.079,9,0,0
95,36,162.229,2026-09-26T11:37:32.308,9,0,0
95,37,170.92,2026-09-26T11:40:23.228,8,0,0
95,38,160.171,2026-09-26T11:43:03.399,9,0,0
95,39,178.351,2026-09-26T11:46:01.75,10,1,0
95,40,822.01,2026-09-26T11:59:43.76,27,1,0
95,41,7611.421,2026-09-26T14:06:35.181,84,0,0
95,42,149.312,2026-09-26T14:09:04.493,84,0,0
95,43,667.99,2026-09-26T14:20:12.483,83,0,0
95,44,149.316,2026-09-26T14:22:41.799,83,0,0
95,45,159.517,2026-09-26T14:25:21.316,82,0,0
95,46,166.016,2026-09-26T14:28:07.332,82,0,0
95,47,149.661,2026-09-26T14:30:36.993,82,0,0
95,48,153.799,2026-09-26T14:33:10.792,82,0,0
95,49,147.171,2026-09-26T14:35:37.963,82,0,0
95,50,155.837,2026-09-26T14:38:13.8,82,0,0
95,51,148.545,2026-09-26T14:40:42.345,81,0,0
95,52,143.71,2026-09-26T14:43:06.055,81,0,0
95,53,154.798,2026-09-26T14:45:40.853,81,0,0
95,54,158.512,2026-09-26T14:48:19.365,81,0,0
95,55,148.282,2026-09-26T14:50:47.647,80,0,0
95,56,166.088,2026-09-26T14:53:33.735,80,0,0
95,57,158.81,2026-09-26T14:56:12.545,79,0,0
95,58,160.255,2026-09-26T14:58:52.8,79,0,0
95,59,159.814,2026-09-26T15:01:32.614,78,0,0
95,60,148.567,2026-09-26T15:04:01.181,78,0,0
95,61,162.962,2026-09-26T15:06:44.143,78,0,0
95,62,166.215,2026-09-26T15:09:30.358,77,0,0
95,63,172.144,2026-09-26T15:12:22.502,77,0,0
95,64,150.009,2026-09-26T15:14:52.511,76,0,0
95,65,155.873,2026-09-26T15:17:28.384,75,0,0
95,66,150.495,2026-09-26T15:19:58.879,75,0,0
95,67,145.0,2026-09-26T15:22:23.879,74,0,0
95,68,159.554,2026-09-26T15:25:03.433,74,0,0
95,69,150.791,2026-09-26T15:27:34.224,74,0,0
95,70,199.759,2026-09-26T15:30:53.983,72,0,0
95,71,207.536,2026-09-26T15:34:21.519,71,0,0
95,72,150.022,2026-09-26T15:36:51.541,71,0,0
95,73,149.783,2026-09-26T15:39:21.324,69,0,0
95,74,149.01,2026-09-26T15:41:50.334,68,0,0
95,75,150.229,2026-09-26T15:44:20.563,67,0,0
95,76,142.921,2026-09-26T15:46:43.484,67,0,0
95,77,155.597,2026-09-26T15:49:19.081,67,0,0
95,78,172.03,2026-09-26T15:52:11.111,66,0,0
95,79,151.115,2026-09-26T15:54:42.226,66,0,0
95,80,171.67,2026-09-26T15:57:33.896,66,0,1
95,81,272.549,2026-09-26T16:02:06.445,65,0,1
95,82,233.543,2026-09-26T16:05:59.988,65,0,1
95,83,240.853,2026-09-26T16:10:00.841,64,0,1
95,84,243.733,2026-09-26T16:14:04.574,64,0,1
95,85,225.754,2026-09-26T16:17:50.328,64,0,0
95,86,157.936,2026-09-26T16:20:28.264,64,0,0
95,87,153.683,2026-09-26T16:23:01.947,64,0,0
95,88,145.14,2026-09-26T16:25:27.087,63,0,0
95,89,144.224,2026-09-26T16:27:51.311,63,0,0
95,90,144.288,2026-09-26T16:30:15.599,63,0,0
95,91,153.107,2026-09-26T16:32:48.706,63,0,0
95,92,148.62,2026-09-26T16:35:17.326,61,0,0
95,93,146.967,2026-09-26T16:37:44.293,61,0,0
95,94,160.32,2026-09-26T16:40:24.613,59,0,0
95,95,145.319,2026-09-26T16:42:49.932,58,0,0
95,96,169.402,2026-09-26T16:45:39.334,58,0,0
95,97,147.364,2026-09-26T16:48:06.698,57,0,0
95,98,156.17,2026-09-26T16:50:42.868,57,0,0
95,99,149.287,2026-09-26T16:53:12.155,57,0,0
95,100,150.962,2026-09-26T16:55:43.117,57,0,0
95,101,141.768,2026-09-26T16:58:04.885,56,0,0
95,102,142.037,2026-09-26T17:00:26.922,56,0,0
95,103,144.804,2026-09-26T17:02:51.726,56,0,0
95,104,155.727,2026-09-26T17:05:27.453,56,0,0
95,105,150.942,2026-09-26T17:07:58.395,56,0,0
95,106,157.629,2026-09-26T17:10:36.024,55,0,0
95,107,364.486,2026-09-26T17:16:40.51,56,1,0
95,108,204.987,2026-09-26T17:20:05.497,55,0,0
95,109,151.128,2026-09-26T17:22:36.625,55,0,0
95,110,163.858,2026-09-26T17:25:20.483,55,0,0
95,111,143.008,2026-09-26T17:27:43.491,55,0,0
95,112,149.692,2026-09-26T17:30:13.183,55,0,0
95,113,150.552,2026-09-26T17:32:43.735,53,0,0
95,114,149.244,2026-09-26T17:35:12.979,53,0,0
95,115,142.85,2026-09-26T17:37:35.829,53,0,0
95,116,147.816,2026-09-26T17:40:03.645,52,0,0
95,117,148.509,2026-09-26T17:42:32.154,52,0,0
95,118,168.65,2026-09-26T17:45:20.804,51,0,0
95,119,148.372,2026-09-26T17:47:49.176,51,0,0
95,120,155.63,2026-09-26T17:50:24.806,50,0,1
95,121,197.692,2026-09-26T17:53:42.498,50,0,1
95,122,222.105,2026-09-26T17:57:24.603,50,0,1
95,123,301.258,2026-09-26T18:02:25.861,50,0,1
95,124,53688.898,2026-09-27T08:57:14.759,49,0,0
95,125,153.118,2026-09-27T08:59:47.877,49,0,0
95,126,159.237,2026-09-27T09:02:27.114,49,0,0
95,127,144.494,2026-09-27T09:04:51.608,49,0,0
95,128,155.213,2026-09-27T09:07:26.821,48,0,0
95,129,155.867,2026-09-27T09:10:02.688,48,0,0
95,130,144.851,2026-09-27T09:12:27.539,47,0,0
95,131,148.702,2026-09-27T09:14:56.241,47,0,0
95,132,142.88,2026-09-27T09:17:19.121,47,0,0
95,133,146.699,2026-09-27T09:19:45.82,47,0,0
95,134,174.84,2026-09-27T09:22:40.66,47,0,0
95,135,147.076,2026-09-27T09:25:07.736,47,0,0
95,136,151.035,2026-09-27T09:27:38.771,47,0,0
95,137,151.989,2026-09-27T09:30:10.76,47,0,0
95,138,153.367,2026-09-27T09:32:44.127,47,0,0
95,139,142.334,2026-09-27T09:35:06.461,47,0,0
95,140,154.201,2026-09-27T09:37:40.662,46,0,0
95,141,147.64,2026-09-27T09:40:08.302,46,0,0
95,142,141.014,2026-09-27T09:42:29.316,45,0,0
95,143,149.346,2026-09-27T09:44:58.662,45,0,0
95,144,146.03,2026-09-27T09:47:24.692,45,0,0
95,145,167.417,2026-09-27T09:50:12.109,45,0,0
95,146,170.788,2026-09-27T09:53:02.897,45,1,0
95,147,289.314,2026-09-27T09:57:52.211,46,0,0
95,148,148.419,2026-09-27T10:00:20.63,45,0,0
95,149,148.386,2026-09-27T10:02:49.016,45,0,0
95,150,151.898,2026-09-27T10:05:20.914,45,0,0
95,151,145.528,2026-09-27T10:07:46.442,45,0,0
95,152,152.875,2026-09-27T10:10:19.317,45,0,0
95,153,143.018,2026-09-27T10:12:42.335,44,0,0
95,154,146.214,2026-09-27T10:15:08.549,44,0,0
95,155,143.397,2026-09-27T10:17:31.946,43,0,0
95,156,146.405,2026-09-27T10:19:58.351,43,0,0
95,157,144.938,2026-09-27T10:22:23.289,43,0,0
95,158,1142.159,2026-09-27T10:41:25.448,43,0,1
95,159,195.841,2026-09-27T10:44:41.289,43,0,0
95,160,147.32,2026-09-27T10:47:08.609,43,0,0
95,161,147.256,2026-09-27T10:49:35.865,43,0,0
95,162,145.132,2026-09-27T10:52:00.997,42,0,0
95,163,146.555,2026-09-27T10:54:27.552,41,0,0
95,164,152.096,2026-09-27T10:56:59.648,41,0,0
95,165,148.839,2026-09-27T10:59:28.487,39,0,0
95,166,146.178,2026-09-27T11:01:54.665,39,0,0
95,167,145.869,2026-09-27T11:04:20.534,39,0,0
95,168,158.74,2026-09-27T11:06:59.274,39,0,0
95,169,151.8,2026-09-27T11:09:31.074,38,0,0
95,170,147.107,2026-09-27T11:11:58.181,38,0,0
95,171,147.916,2026-09-27T11:14:26.097,37,0,0
95,172,145.017,2026-09-27T11:16:51.114,37,0,0
95,173,147.111,2026-09-27T11:19:18.225,37,0,0
95,174,154.418,2026-09-27T11:21:52.643,37,0,0
95,175,151.05,2026-09-27T11:24:23.693,37,0,0
95,176,144.929,2026-09-27T11:26:48.622,37,0,0
95,177,148.451,2026-09-27T11:29:17.073,37,0,0
95,178,149.597,2026-09-27T11:31:46.67,35,0,0
95,179,152.948,2026-09-27T11:34:19.618,34,0,0
95,180,154.128,2026-09-27T11:36:53.746,34,0,0
95,181,156.511,2026-09-27T11:39:30.257,34,0,0
95,182,152.338,2026-09-27T11:42:02.595,34,0,0
95,183,144.596,2026-09-27T11:44:27.191,34,0,0
95,184,145.705,2026-09-27T11:46:52.896,34,0,0
95,185,160.964,2026-09-27T11:49:33.86,34,0,0
95,186,144.676,2026-09-27T11:51:58.536,33,0,0
95,187,147.028,2026-09-27T11:54:25.564,33,0,0
95,188,147.834,2026-09-27T11:56:53.398,33,0,0
95,189,155.701,2026-09-27T11:59:29.099,33,0,0
95,190,149.417,2026-09-27T12:01:58.516,33,0,0
95,191,153.929,2026-09-27T12:04:32.445,33,0,0
95,192,156.542,2026-09-27T12:07:08.987,33,0,0
95,193,159.796,2026-09-27T12:09:48.783,33,0,0
95,194,150.21,2026-09-27T12:12:18.993,33,0,0
95,195,150.326,2026-09-27T12:14:49.319,33,0,0
95,196,389.004,2026-09-27T12:21:18.323,33,1,0
95,197,202.709,2026-09-27T12:24:41.032,33,0,0
95,198,157.872,2026-09-27T12:27:18.904,33,0,0
95,199,151.568,2026-09-27T12:29:50.472,33,0,0
95,200,147.491,2026-09-27T12:32:17.963,33,0,0
95,201,156.478,2026-09-27T12:34:54.441,33,0,0
95,202,152.573,2026-09-27T12:37:27.014,33,0,0
95,203,148.103,2026-09-27T12:39:55.117,33,0,0
95,204,145.625,2026-09-27T12:42:20.742,33,0,0
95,205,168.439,2026-09-27T12:45:09.181,33,0,0
95,206,149.419,2026-09-27T12:47:38.6,33,0,0
95,207,152.71,2026-09-27T12:50:11.31,32,0,0
95,208,144.122,2026-09-27T12:52:35.432,32,0,0
95,209,145.12,2026-09-27T12:55:00.552,32,0,0
95,210,149.681,2026-09-27T12:57:30.233,30,0,0
95,211,146.495,2026-09-27T12:59:56.728,30,0,0
95,212,146.362,2026-09-27T13:02:23.09,30,0,0
95,213,163.727,2026-09-27T13:05:06.817,30,0,0
95,214,147.542,2026-09-27T13:07:34.359,30,0,0
95,215,150.848,2026-09-27T13:10:05.207,30,0,0
95,216,147.681,2026-09-27T13:12:32.888,30,0,0
95,217,145.547,2026-09-27T13:14:58.435,29,0,0
95,218,149.939,2026-09-27T13:17:28.374,29,0,0
95,219,140.588,2026-09-27T13:19:48.962,28,0,0
95,220,150.436,2026-09-27T13:22:19.398,28,0,0
95,221,146.753,2026-09-27T13:24:46.151,28,0,0
95,222,149.355,2026-09-27T13:27:15.506,28,0,0
95,223,143.378,2026-09-27T13:29:38.884,28,0,0
95,224,147.468,2026-09-27T13:32:06.352,28,0,0
95,225,149.281,2026-09-27T13:34:35.633,28,0,0
95,226,146.007,2026-09-27T13:37:01.64,28,0,0
95,227,140.735,2026-09-27T13:39:22.375,28,0,0
95,228,146.525,2026-09-27T13:41:48.9,28,0,0
95,229,159.797,2026-09-27T13:44:28.697,28,0,0
95,230,148.897,2026-09-27T13:46:57.594,28,0,0
95,231,138.75,2026-09-27T13:49:16.344,28,0,0
95,232,148.236,2026-09-27T13:51:44.58,28,0,0
95,233,146.488,2026-09-27T13:54:11.068,28,0,0
95,234,156.464,2026-09-27T13:56:47.532,28,0,0
95,235,152.75,2026-09-27T13:59:20.282,28,0,0
95,236,139.652,2026-09-27T14:01:39.934,28,0,0
95,237,151.223,2026-09-27T14:04:11.157,28,0,0
95,238,142.852,2026-09-27T14:06:34.009,28,0,0
95,239,144.52,2026-09-27T14:08:58.529,28,0,0
95,240,144.173,2026-09-27T14:11:22.702,28,0,0
95,241,145.342,2026-09-27T14:13:48.044,28,0,0
95,242,144.606,2026-09-27T14:16:12.65,27,0,0
95,243,145.387,2026-09-27T14:18:38.037,27,0,0
95,244,151.462,2026-09-27T14:21:09.499,26,0,0
95,245,142.578,2026-09-27T14:23:32.077,26,0,0
95,246,143.142,2026-09-27T14:25:55.219,26,0,0
95,247,145.792,2026-09-27T14:28:21.011,25,0,0
95,248,144.615,2026-09-27T14:30:45.626,25,0,0
95,249,150.685,2026-09-27T14:33:16.311,25,0,0
95,250,149.115,2026-09-27T14:35:45.426,25,0,0
95,251,156.429,2026-09-27T14:38:21.855,25,0,0
95,252,147.82,2026-09-27T14:40:49.675,25,0,0
95,253,151.58,2026-09-27T14:43:21.255,25,0,0
95,254,139.534,2026-09-27T14:45:40.789,25,0,0
95,255,146.108,2026-09-27T14:48:06.897,25,0,0
95,256,149.351,2026-09-27T14:50:36.248,25,0,0
95,257,140.629,2026-09-27T14:52:56.877,25,0,0
95,258,145.918,2026-09-27T14:55:22.795,24,0,0
95,259,148.213,2026-09-27T14:57:51.008,24,0,0
95,260,145.032,2026-09-27T15:00:16.04,24,0,0
95,261,144.128,2026-09-27T15:02:40.168,24,0,0
95,262,141.628,2026-09-27T15:05:01.796,24,0,0
95,263,143.554,2026-09-27T15:07:25.35,23,0,0
95,264,143.372,2026-09-27T15:09:48.722,23,0,0
95,265,153.822,2026-09-27T15:12:22.544,23,0,0
95,266,148.352,2026-09-27T15:14:50.896,23,0,0
95,267,152.493,2026-09-27T15:17:23.389,23,0,0
95,268,144.312,2026-09-27T15:19:47.701,23,0,0
95,269,192.626,2026-09-27T15:23:00.327,23,1,0
757,1,182.481,2026-09-26T10:07:50.759,74,0,0
757,2,178.258,2026-09-26T10:10:49.017,74,0,0
757,3,203.054,2026-09-26T10:14:12.071,72,0,0
757,4,179.065,2026-09-26T10:17:11.136,72,0,0
757,5,176.608,2026-09-26T10:20:07.744,71,0,0
757,6,186.219,2026-09-26T10:23:13.963,70,0,0
757,7,172.895,2026-09-26T10:26:06.858,68,0,0
757,8,168.221,2026-09-26T10:28:55.079,64,0,0
757,9,162.686,2026-09-26T10:31:37.765,62,0,0
757,10,161.907,2026-09-26T10:34:19.672,59,0,0
757,11,168.175,2026-09-26T10:37:07.847,55,0,0
757,12,161.254,2026-09-26T10:39:49.101,54,0,0
757,13,169.075,2026-09-26T10:42:38.176,51,0,0
757,14,166.122,2026-09-26T10:45:24.298,50,0,0
757,15,167.237,2026-09-26T10:48:11.535,48,0,0
757,16,178.926,2026-09-26T10:51:10.461,47,0,0
757,17,158.105,2026-09-26T10:53:48.566,46,0,0
757,18,172.791,2026-09-26T10:56:41.357,45,0,0
757,19,161.06,2026-09-26T10:59:22.417,41,0,0
757,20,169.276,2026-09-26T11:02:11.693,40,0,0
757,21,156.936,2026-09-26T11:04:48.629,39,0,0
757,22,159.93,2026-09-26T11:07:28.559,38,0,0
757,23,155.101,2026-09-26T11:10:03.66,36,0,0
757,24,167.448,2026-09-26T11:12:51.108,36,0,0
757,25,159.032,2026-09-26T11:15:30.14,36,0,0
757,26,165.54,2026-09-26T11:18:15.68,36,0,0
757,27,208.899,2026-09-26T11:21:44.579,36,1,0
757,28,190.563,2026-09-26T11:24:55.142,37,0,0
757,29,153.968,2026-09-26T11:27:29.11,37,0,0
757,30,157.629,2026-09-26T11:30:06.739,37,0,0
757,31,163.24,2026-09-26T11:32:49.979,37,0,0
757,32,163.468,2026-09-26T11:35:33.447,36,0,0
757,33,174.196,2026-09-26T11:38:27.643,36,0,0
757,34,172.036,2026-09-26T11:41:19.679,35,0,0
757,35,175.065,2026-09-26T11:44:14.744,33,0,0
757,36,191.77,2026-09-26T11:47:26.514,31,1,0
757,37,413.801,2026-09-26T11:54:20.315,36,0,0
757,38,166.897,2026-09-26T11:57:07.212,34,0,0
757,39,531.733,2026-09-26T12:05:58.945,41,1,0
757,40,198.223,2026-09-26T12:09:17.168,41,0,0
757,41,153.265,2026-09-26T12:11:50.433,37,0,0
757,42,203.357,2026-09-26T12:15:13.79,38,1,0
757,43,2971.285,2026-09-26T13:04:45.075,70,0,0
757,44,157.227,2026-09-26T13:07:22.302,68,0,0
757,45,157.583,2026-09-26T13:09:59.885,67,0,0
757,46,149.146,2026-09-26T13:12:29.031,67,0,0
757,47,149.565,2026-09-26T13:14:58.596,66,0,0
757,48,154.407,2026-09-26T13:17:33.003,65,0,0
757,49,158.136,2026-09-26T13:20:11.139,65,0,0
757,50,146.722,2026-09-26T13:22:37.861,63,0,0
757,51,147.759,2026-09-26T13:25:05.62,63,0,0
757,52,144.692,2026-09-26T13:27:30.312,63,0,0
757,53,153.558,2026-09-26T13:30:03.87,61,0,0
757,54,149.052,2026-09-26T13:32:32.922,60,0,0
757,55,152.376,2026-09-26T13:35:05.298,60,0,0
757,56,150.543,2026-09-26T13:37:35.841,60,0,0
757,57,149.852,2026-09-26T13:40:05.693,59,0,0
757,58,160.725,2026-09-26T13:42:46.418,58,0,0
757,59,153.5,2026-09-26T13:45:19.918,57,0,0
757,60,150.971,2026-09-26T13:47:50.889,56,0,0
757,61,149.444,2026-09-26T13:50:20.333,56,0,0
757,62,150.303,2026-09-26T13:52:50.636,55,0,0
757,63,148.211,2026-09-26T13:55:18.847,55,0,0
757,64,148.744,2026-09-26T13:57:47.591,55,0,0
757,65,147.603,2026-09-26T14:00:15.194,55,0,0
757,66,154.492,2026-09-26T14:02:49.686,55,0,0
757,67,147.143,2026-09-26T14:05:16.829,55,0,0
757,68,147.964,2026-09-26T14:07:44.793,54,0,0
757,69,162.681,2026-09-26T14:10:27.474,53,0,0
757,70,150.296,2026-09-26T14:12:57.77,52,0,0
757,71,162.006,2026-09-26T14:15:39.776,50,0,0
757,72,496.186,2026-09-26T14:23:55.962,50,1,0
757,73,206.163,2026-09-26T14:27:22.125,49,0,0
757,74,170.801,2026-09-26T14:30:12.926,48,0,0
757,75,162.247,2026-09-26T14:32:55.173,47,0,0
757,76,158.266,2026-09-26T14:35:33.439,47,0,0
757,77,161.661,2026-09-26T14:38:15.1,46,0,0
757,78,158.921,2026-09-26T14:40:54.021,46,0,0
757,79,156.857,2026-09-26T14:43:30.878,46,0,0
757,80,169.954,2026-09-26T14:46:20.832,46,0,0
757,81,165.935,2026-09-26T14:49:06.767,46,0,0
757,82,171.285,2026-09-26T14:51:58.052,45,0,0
757,83,166.502,2026-09-26T14:54:44.554,45,0,0
757,84,170.735,2026-09-26T14:57:35.289,45,0,0
757,85,163.979,2026-09-26T15:00:19.268,45,0,0
757,86,157.908,2026-09-26T15:02:57.176,44,0,0
757,87,156.525,2026-09-26T15:05:33.701,44,0,0
757,88,159.825,2026-09-26T15:08:13.526,44,0,0
757,89,159.315,2026-09-26T15:10:52.841,44,0,0
757,90,162.301,2026-09-26T15:13:35.142,44,0,0
757,91,163.596,2026-09-26T15:16:18.738,44,0,0
757,92,173.795,2026-09-26T15:19:12.533,44,0,0
757,93,158.913,2026-09-26T15:21:51.446,44,0,0
757,94,155.754,2026-09-26T15:24:27.2,44,0,0
757,95,158.085,2026-09-26T15:27:05.285,43,0,0
757,96,211.119,2026-09-26T15:30:36.404,42,0,0
757,97,210.058,2026-09-26T15:34:06.462,42,0,0
757,98,161.215,2026-09-26T15:36:47.677,42,0,0
757,99,153.655,2026-09-26T15:39:21.332,42,0,0
757,100,153.994,2026-09-26T15:41:55.326,40,0,0
757,101,156.619,2026-09-26T15:44:31.945,40,0,0
757,102,157.394,2026-09-26T15:47:09.339,40,0,0
757,103,163.112,2026-09-26T15:49:52.451,40,0,0
757,104,163.122,2026-09-26T15:52:35.573,40,0,0
757,105,180.795,2026-09-26T15:55:36.368,40,0,0
757,106,283.334,2026-09-26T16:00:19.702,40,0,1
757,107,238.967,2026-09-26T16:04:18.669,40,0,1
757,108,216.172,2026-09-26T16:07:54.841,40,0,1
757,109,235.889,2026-09-26T16:11:50.73,40,0,1
757,110,553.491,2026-09-26T16:21:04.221,41,1,0
757,111,204.386,2026-09-26T16:24:28.607,41,0,0
757,112,172.988,2026-09-26T16:27:21.595,40,0,0
757,113,156.076,2026-09-26T16:29:57.671,39,0,0
757,114,165.753,2026-09-26T16:32:43.424,39,0,0
757,115,157.61,2026-09-26T16:35:21.034,39,0,0
757,116,150.907,2026-09-26T16:37:51.941,38,0,0
757,117,163.237,2026-09-26T16:40:35.178,38,0,0
757,118,160.306,2026-09-26T16:43:15.484,38,0,0
757,119,158.969,2026-09-26T16:45:54.453,38,0,0
757,120,169.862,2026-09-26T16:48:44.315,37,0,0
757,121,157.778,2026-09-26T16:51:22.093,36,0,0
757,122,157.634,2026-09-26T16:53:59.727,36,0,0
757,123,154.561,2026-09-26T16:56:34.288,36,0,0
757,124,156.819,2026-09-26T16:59:11.107,35,0,0
757,125,155.145,2026-09-26T17:01:46.252,35,0,0
757,126,153.361,2026-09-26T17:04:19.613,35,0,0
757,127,158.691,2026-09-26T17:06:58.304,35,0,0
757,128,182.697,2026-09-26T17:10:01.001,35,0,0
757,129,162.648,2026-09-26T17:12:43.649,35,0,0
757,130,168.154,2026-09-26T17:15:31.803,34,0,0
757,131,164.444,2026-09-26T17:18:16.247,34,0,0
757,132,168.274,2026-09-26T17:21:04.521,34,0,0
757,133,163.03,2026-09-26T17:23:47.551,34,0,0
757,134,169.385,2026-09-26T17:26:36.936,34,0,0
757,135,157.169,2026-09-26T17:29:14.105,34,0,0
757,136,160.824,2026-09-26T17:31:54.929,34,0,0
757,137,158.516,2026-09-26T17:34:33.445,34,0,0
757,138,157.073,2026-09-26T17:37:10.518,33,0,0
757,139,161.47,2026-09-26T17:39:51.988,33,0,0
757,140,164.256,2026-09-26T17:42:36.244,32,0,0
757,141,179.447,2026-09-26T17:45:35.691,32,0,0
757,142,189.752,2026-09-26T17:48:45.443,32,0,0
757,143,215.427,2026-09-26T17:52:20.87,32,0,1
757,144,260.822,2026-09-26T17:56:41.692,32,0,1
757,145,285.188,2026-09-26T18:01:26.88,32,0,1
757,146,278.561,2026-09-26T18:06:05.441,32,0,1
757,147,53724.345,2026-09-27T09:01:29.786,32,0,0
757,148,169.876,2026-09-27T09:04:19.662,32,0,0
757,149,164.543,2026-09-27T09:07:04.205,32,0,0
757,150,159.928,2026-09-27T09:09:44.133,32,0,0
757,151,163.922,2026-09-27T09:12:28.055,32,0,0
757,152,162.694,2026-09-27T09:15:10.749,32,0,0
757,153,158.866,2026-09-27T09:17:49.615,32,0,0
757,154,158.878,2026-09-27T09:20:28.493,32,0,0
757,155,171.557,2026-09-27T09:23:20.05,32,0,0
757,156,160.88,2026-09-27T09:26:00.93,32,0,0
757,157,160.19,2026-09-27T09:28:41.12,32,0,0
757,158,158.694,2026-09-27T09:31:19.814,32,0,0
757,159,158.136,2026-09-27T09:33:57.95,32,0,0
757,160,154.823,2026-09-27T09:36:32.773,32,0,0
757,161,153.873,2026-09-27T09:39:06.646,32,0,0
757,162,159.685,2026-09-27T09:41:46.331,32,0,0
757,163,163.57,2026-09-27T09:44:29.901,32,0,0
757,164,165.139,2026-09-27T09:47:15.04,32,0,0
757,165,173.891,2026-09-27T09:50:08.931,31,0,0
757,166,156.416,2026-09-27T09:52:45.347,31,0,0
757,167,162.651,2026-09-27T09:55:27.998,31,0,0
757,168,156.557,2026-09-27T09:58:04.555,31,0,0
757,169,156.291,2026-09-27T10:00:40.846,31,0,0
757,170,161.669,2026-09-27T10:03:22.515,31,0,0
757,171,157.137,2026-09-27T10:05:59.652,29,0,0
757,172,157.351,2026-09-27T10:08:37.003,28,0,0
757,173,155.318,2026-09-27T10:11:12.321,28,0,0
757,174,161.47,2026-09-27T10:13:53.791,27,0,0
757,175,157.535,2026-09-27T10:16:31.326,27,0,0
757,176,156.958,2026-09-27T10:19:08.284,27,0,0
757,177,157.065,2026-09-27T10:21:45.349,27,0,0
757,178,157.839,2026-09-27T10:24:23.188,26,0,0
757,179,1189.083,2026-09-27T10:44:12.271,25,0,0
757,180,159.943,2026-09-27T10:46:52.214,25,0,0
757,181,155.994,2026-09-27T10:49:28.208,25,0,0
757,182,163.826,2026-09-27T10:52:12.034,25,0,0
757,183,455.759,2026-09-27T10:59:47.793,25,1,0
757,184,188.046,2026-09-27T11:02:55.839,25,0,0
757,185,151.532,2026-09-27T11:05:27.371,25,0,0
757,186,147.859,2026-09-27T11:07:55.23,25,0,0
757,187,150.56,2026-09-27T11:10:25.79,25,0,0
757,188,151.909,2026-09-27T11:12:57.699,25,0,0
757,189,147.761,2026-09-27T11:15:25.46,25,0,0
757,190,154.208,2026-09-27T11:17:59.668,25,0,0
757,191,146.357,2026-09-27T11:20:26.025,25,0,0
757,192,146.322,2026-09-27T11:22:52.347,25,0,0
757,193,145.552,2026-09-27T11:25:17.899,25,0,0
757,194,153.345,2026-09-27T11:27:51.244,25,0,0
757,195,150.218,2026-09-27T11:30:21.462,25,0,0
757,196,147.293,2026-09-27T11:32:48.755,25,0,0
757,197,155.954,2026-09-27T11:35:24.709,25,0,0
757,198,151.392,2026-09-27T11:37:56.101,25,0,0
757,199,148.197,2026-09-27T11:40:24.298,25,0,0
757,200,157.119,2026-09-27T11:43:01.417,25,0,0
757,201,148.961,2026-09-27T11:45:30.378,25,0,0
757,202,151.131,2026-09-27T11:48:01.509,25,0,0
757,203,150.516,2026-09-27T11:50:32.025,25,0,0
757,204,175.491,2026-09-27T11:53:27.516,25,1,0
757,205,350.944,2026-09-27T11:59:18.46,25,0,0
757,206,150.395,2026-09-27T12:01:48.855,25,0,0
757,207,172.582,2026-09-27T12:04:41.437,25,1,0
757,208,379.091,2026-09-27T12:11:00.528,25,0,0
757,209,155.276,2026-09-27T12:13:35.804,25,0,0
757,210,154.964,2026-09-27T12:16:10.768,25,0,0
757,211,164.934,2026-09-27T12:18:55.702,25,0,0
757,212,434.777,2026-09-27T12:26:10.479,24,1,0
757,213,211.063,2026-09-27T12:29:41.542,24,0,0
757,214,148.086,2026-09-27T12:32:09.628,24,0,0
757,215,153.905,2026-09-27T12:34:43.533,23,0,0
757,216,154.493,2026-09-27T12:37:18.026,23,0,0
757,217,156.318,2026-09-27T12:39:54.344,23,0,0
757,218,171.379,2026-09-27T12:42:45.723,23,0,0
757,219,173.638,2026-09-27T12:45:39.361,23,0,0
757,220,168.366,2026-09-27T12:48:27.727,23,0,0
757,221,162.619,2026-09-27T12:51:10.346,23,0,0
757,222,158.828,2026-09-27T12:53:49.174,23,0,0
757,223,157.167,2026-09-27T12:56:26.341,23,0,0
757,224,149.017,2026-09-27T12:58:55.358,23,0,0
757,225,154.977,2026-09-27T13:01:30.335,22,0,0
757,226,150.958,2026-09-27T13:04:01.293,22,0,0
757,227,157.15,2026-09-27T13:06:38.443,22,0,0
757,228,157.98,2026-09-27T13:09:16.423,22,0,0
757,229,157.759,2026-09-27T13:11:54.182,22,0,0
757,230,153.132,2026-09-27T13:14:27.314,22,0,0
757,231,151.27,2026-09-27T13:16:58.584,22,0,0
757,232,153.494,2026-09-27T13:19:32.078,22,0,0
757,233,153.675,2026-09-27T13:22:05.753,22,0,0
757,234,151.804,2026-09-27T13:24:37.557,22,0,0
757,235,156.054,2026-09-27T13:27:13.611,22,0,0
757,236,150.401,2026-09-27T13:29:44.012,22,0,0
757,237,150.275,2026-09-27T13:32:14.287,22,0,0
757,238,159.047,2026-09-27T13:34:53.334,22,0,0
757,239,157.665,2026-09-27T13:37:30.999,22,0,0
757,240,148.873,2026-09-27T13:39:59.872,22,0,0
757,241,151.36,2026-09-27T13:42:31.232,22,0,0
757,242,155.811,2026-09-27T13:45:07.043,22,0,0
757,243,150.164,2026-09-27T13:47:37.207,22,0,0
757,244,148.066,2026-09-27T13:50:05.273,22,0,0
757,245,149.377,2026-09-27T13:52:34.65,21,0,0
757,246,342.12,2026-09-27T13:58:16.77,21,1,0
757,247,2006.814,2026-09-27T14:31:43.584,26,0,0
757,248,162.266,2026-09-27T14:34:25.85,26,0,0
757,249,158.007,2026-09-27T14:37:03.857,26,0,0
757,250,158.74,2026-09-27T14:39:42.597,26,0,0
757,251,163.155,2026-09-27T14:42:25.752,26,0,0
757,252,168.471,2026-09-27T14:45:14.223,26,0,0
757,253,161.621,2026-09-27T14:47:55.844,26,0,0
757,254,162.153,2026-09-27T14:50:37.997,26,0,0
757,255,162.832,2026-09-27T14:53:20.829,26,0,0
757,256,158.271,2026-09-27T14:55:59.1,26,0,0
757,257,153.878,2026-09-27T14:58:32.978,26,0,0
757,258,158.88,2026-09-27T15:01:11.858,25,0,0
757,259,164.291,2026-09-27T15:03:56.149,25,0,0
757,260,150.963,2026-09-27T15:06:27.112,25,0,0
757,261,157.615,2026-09-27T15:09:04.727,25,0,0
757,262,157.991,2026-09-27T15:11:42.718,25,0,0
757,263,160.263,2026-09-27T15:14:22.981,25,0,0
757,264,159.309,2026-09-27T15:17:02.29,25,0,0
757,265,159.091,2026-09-27T15:19:41.381,25,0,0
757,266,156.941,2026-09-27T15:22:18.322,25,0,0
757,267,155.481,2026-09-27T15:24:53.803,25,0,0
757,268,154.922,2026-09-27T15:27:28.725,25,0,0
757,269,156.992,2026-09-27T15:30:05.717,25,0,0
414,1,162.524,2026-09-26T10:04:57.383,10,0,0
414,2,175.996,2026-09-26T10:07:53.379,6,0,0
414,3,159.964,2026-09-26T10:10:33.343,6,0,0
414,4,168.577,2026-09-26T10:13:21.92,6,0,0
414,5,165.782,2026-09-26T10:16:07.702,7,0,0
414,6,186.388,2026-09-26T10:19:14.09,7,0,0
414,7,173.662,2026-09-26T10:22:07.752,7,0,0
414,8,160.937,2026-09-26T10:24:48.689,8,0,0
414,9,162.642,2026-09-26T10:27:31.331,9,0,0
414,10,160.409,2026-09-26T10:30:11.74,9,0,0
414,11,151.821,2026-09-26T10:32:43.561,10,0,0
414,12,154.669,2026-09-26T10:35:18.23,10,0,0
414,13,164.957,2026-09-26T10:38:03.187,10,0,0
414,14,167.886,2026-09-26T10:40:51.073,10,0,0
414,15,159.531,2026-09-26T10:43:30.604,10,0,0
414,16,156.304,2026-09-26T10:46:06.908,11,0,0
414,17,151.278,2026-09-26T10:48:38.186,11,0,0
414,18,158.946,2026-09-26T10:51:17.132,11,0,0
414,19,153.405,2026-09-26T10:53:50.537,11,0,0
414,20,162.794,2026-09-26T10:56:33.331,11,0,0
414,21,153.492,2026-09-26T10:59:06.823,11,0,0
414,22,156.842,2026-09-26T11:01:43.665,12,0,0
414,23,158.608,2026-09-26T11:04:22.273,13,0,0
414,24,157.886,2026-09-26T11:07:00.159,15,0,0
414,25,153.319,2026-09-26T11:09:33.478,15,0,0
414,26,147.563,2026-09-26T11:12:01.041,15,0,0
414,27,159.472,2026-09-26T11:14:40.513,14,0,0
414,28,156.439,2026-09-26T11:17:16.952,14,0,0
414,29,150.49,2026-09-26T11:19:47.442,13,0,0
414,30,152.782,2026-09-26T11:22:20.224,13,0,0
414,31,150.402,2026-09-26T11:24:50.626,13,0,0
414,32,147.364,2026-09-26T11:27:17.99,13,0,0
414,33,160.19,2026-09-26T11:29:58.18,13,0,0
414,34,150.06,2026-09-26T11:32:28.24,12,0,0
414,35,164.024,2026-09-26T11:35:12.264,12,0,0
414,36,167.216,2026-09-26T11:37:59.48,12,0,0
414,37,163.615,2026-09-26T11:40:43.095,11,0,0
414,38,171.604,2026-09-26T11:43:34.699,11,0,0
414,39,461.484,2026-09-26T11:51:16.183,22,1,0
414,40,202.972,2026-09-26T11:54:39.155,21,0,0
414,41,153.079,2026-09-26T11:57:12.234,20,0,0
414,42,155.35,2026-09-26T11:59:47.584,19,0,0
414,43,151.607,2026-09-26T12:02:19.191,18,0,0
414,44,154.443,2026-09-26T12:04:53.634,18,0,0
414,45,156.9,2026-09-26T12:07:30.534,16,0,0
414,46,155.597,2026-09-26T12:10:06.131,16,0,0
414,47,153.828,2026-09-26T12:12:39.959,16,0,0
414,48,154.96,2026-09-26T12:15:14.919,16,0,0
414,49,153.814,2026-09-26T12:17:48.733,15,0,0
414,50,174.215,2026-09-26T12:20:42.948,14,0,0
414,51,168.683,2026-09-26T12:23:31.631,14,0,0
414,52,157.542,2026-09-26T12:26:09.173,15,0,0
414,53,160.532,2026-09-26T12:28:49.705,15,0,0
414,54,149.049,2026-09-26T12:31:18.754,14,0,0
414,55,152.565,2026-09-26T12:33:51.319,14,0,0
414,56,200.554,2026-09-26T12:37:11.873,15,1,0
414,57,336.363,2026-09-26T12:42:48.236,19,0,0
414,58,194.125,2026-09-26T12:46:02.361,18,1,0
414,59,318.274,2026-09-26T12:51:20.635,19,0,0
414,60,160.867,2026-09-26T12:54:01.502,20,0,0
414,61,151.617,2026-09-26T12:56:33.119,20,0,0
414,62,170.638,2026-09-26T12:59:23.757,20,0,0
414,63,169.683,2026-09-26T13:02:13.44,20,0,0
414,64,152.689,2026-09-26T13:04:46.129,20,0,0
414,65,161.238,2026-09-26T13:07:27.367,20,0,0
414,66,163.215,2026-09-26T13:10:10.582,21,0,0
414,67,156.368,2026-09-26T13:12:46.95,21,0,0
414,68,150.288,2026-09-26T13:15:17.238,21,0,0
414,69,156.909,2026-09-26T13:17:54.147,18,0,0
414,70,152.181,2026-09-26T13:20:26.328,17,0,0
414,71,151.102,2026-09-26T13:22:57.43,17,0,0
414,72,153.653,2026-09-26T13:25:31.083,16,0,0
414,73,146.976,2026-09-26T13:27:58.059,16,0,0
414,74,154.095,2026-09-26T13:30:32.154,16,0,0
414,75,156.249,2026-09-26T13:33:08.403,16,0,0
414,76,151.376,2026-09-26T13:35:39.779,16,0,0
414,77,150.307,2026-09-26T13:38:10.086,16,0,0
414,78,156.895,2026-09-26T13:40:46.981,16,0,0
414,79,158.956,2026-09-26T13:43:25.937,16,0,0
414,80,150.859,2026-09-26T13:45:56.796,16,0,0
414,81,426.541,2026-09-26T13:53:03.337,19,1,0
414,82,371.465,2026-09-26T13:59:14.802,21,0,0
414,83,157.443,2026-09-26T14:01:52.245,20,0,0
414,84,159.342,2026-09-26T14:04:31.587,18,0,0
414,85,156.78,2026-09-26T14:07:08.367,18,0,0
414,86,163.407,2026-09-26T14:09:51.774,18,0,0
414,87,161.497,2026-09-26T14:12:33.271,17,0,0
414,88,160.28,2026-09-26T14:15:13.551,17,0,0
414,89,160.195,2026-09-26T14:17:53.746,17,0,0
414,90,159.556,2026-09-26T14:20:33.302,17,0,0
414,91,164.769,2026-09-26T14:23:18.071,17,0,0
414,92,157.162,2026-09-26T14:25:55.233,17,0,0
414,93,153.586,2026-09-26T14:28:28.819,17,0,0
414,94,152.968,2026-09-26T14:31:01.787,16,0,0
414,95,163.326,2026-09-26T14:33:45.113,16,0,0
414,96,167.593,2026-09-26T14:36:32.706,17,0,0
414,97,155.651,2026-09-26T14:39:08.357,17,0,0
414,98,155.955,2026-09-26T14:41:44.312,17,0,0
414,99,154.987,2026-09-26T14:44:19.299,17,0,0
414,100,153.818,2026-09-26T14:46:53.117,17,0,0
414,101,163.757,2026-09-26T14:49:36.874,17,0,0
414,102,185.423,2026-09-26T14:52:42.297,17,0,0
414,103,176.732,2026-09-26T14:55:39.029,17,0,0
414,104,163.007,2026-09-26T14:58:22.036,17,0,0
414,105,177.823,2026-09-26T15:01:19.859,17,0,0
414,106,166.629,2026-09-26T15:04:06.488,17,0,0
414,107,170.01,2026-09-26T15:06:56.498,16,0,0
414,108,163.167,2026-09-26T15:09:39.665,16,0,0
414,109,184.575,2026-09-26T15:12:44.24,16,0,0
414,110,186.197,2026-09-26T15:15:50.437,16,0,0
414,111,189.867,2026-09-26T15:19:00.304,15,0,0
414,112,158.895,2026-09-26T15:21:39.199,15,0,0
414,113,162.73,2026-09-26T15:24:21.929,14,0,0
414,114,160.58,2026-09-26T15:27:02.509,14,0,0
414,115,208.995,2026-09-26T15:30:31.504,13,0,0
414,116,210.844,2026-09-26T15:34:02.348,13,0,0
414,117,164.822,2026-09-26T15:36:47.17,12,0,0
414,118,153.658,2026-09-26T15:39:20.828,12,0,0
414,119,159.825,2026-09-26T15:42:00.653,10,0,0
414,120,168.126,2026-09-26T15:44:48.779,10,0,0
414,121,152.854,2026-09-26T15:47:21.633,10,0,0
414,122,164.39,2026-09-26T15:50:06.023,10,0,0
414,123,187.686,2026-09-26T15:53:13.709,10,0,0
414,124,484.038,2026-09-26T16:01:17.747,13,1,1
414,125,235.134,2026-09-26T16:05:12.881,12,0,1
414,126,249.459,2026-09-26T16:09:22.34,12,0,1
414,127,229.182,2026-09-26T16:13:11.522,12,0,1
414,128,254.904,2026-09-26T16:17:26.426,12,0,0
414,129,173.527,2026-09-26T16:20:19.953,11,0,0
414,130,170.701,2026-09-26T16:23:10.654,11,0,0
414,131,157.846,2026-09-26T16:25:48.5,11,0,0
414,132,162.732,2026-09-26T16:28:31.232,11,0,0
414,133,158.071,2026-09-26T16:31:09.303,11,0,0
414,134,168.232,2026-09-26T16:33:57.535,10,0,0
414,135,157.517,2026-09-26T16:36:35.052,11,0,0
414,136,154.274,2026-09-26T16:39:09.326,11,0,0
414,137,156.508,2026-09-26T16:41:45.834,11,0,0
414,138,161.728,2026-09-26T16:44:27.562,11,0,0
414,139,162.495,2026-09-26T16:47:10.057,11,0,0
414,140,156.084,2026-09-26T16:49:46.141,11,0,0
414,141,153.774,2026-09-26T16:52:19.915,11,0,0
414,142,155.42,2026-09-26T16:54:55.335,11,0,0
414,143,157.801,2026-09-26T16:57:33.136,11,0,0
414,144,159.494,2026-09-26T17:00:12.63,11,0,0
414,145,153.105,2026-09-26T17:02:45.735,11,0,0
414,146,162.019,2026-09-26T17:05:27.754,11,0,0
414,147,164.082,2026-09-26T17:08:11.836,11,0,0
414,148,192.91,2026-09-26T17:11:24.746,12,0,0
414,149,166.952,2026-09-26T17:14:11.698,12,0,0
414,150,164.497,2026-09-26T17:16:56.195,12,0,0
414,151,162.584,2026-09-26T17:19:38.779,12,0,0
414,152,157.929,2026-09-26T17:22:16.708,12,0,0
414,153,162.097,2026-09-26T17:24:58.805,11,0,0
414,154,158.137,2026-09-26T17:27:36.942,11,0,0
414,155,156.459,2026-09-26T17:30:13.401,11,0,0
414,156,162.274,2026-09-26T17:32:55.675,11,0,0
414,157,154.616,2026-09-26T17:35:30.291,11,0,0
414,158,159.129,2026-09-26T17:38:09.42,11,0,0
414,159,160.182,2026-09-26T17:40:49.602,11,0,0
414,160,157.98,2026-09-26T17:43:27.582,11,0,0
414,161,177.582,2026-09-26T17:46:25.164,11,0,0
414,162,892.172,2026-09-26T18:01:17.336,14,0,1
414,163,247.442,2026-09-26T18:05:24.778,14,0,1
414,164,53540.784,2026-09-27T08:57:45.562,13,0,0
414,165,170.646,2026-09-27T09:00:36.208,13,0,0
414,166,179.48,2026-09-27T09:03:35.688,13,0,0
414,167,157.136,2026-09-27T09:06:12.824,13,0,0
414,168,165.44,2026-09-27T09:08:58.264,13,0,0
414,169,158.085,2026-09-27T09:11:36.349,13,0,0
414,170,158.468,2026-09-27T09:14:14.817,13,0,0
414,171,154.787,2026-09-27T09:16:49.604,13,0,0
414,172,161.732,2026-09-27T09:19:31.336,13,0,0
414,173,161.473,2026-09-27T09:22:12.809,14,0,0
414,174,160.267,2026-09-27T09:24:53.076,14,0,0
414,175,166.036,2026-09-27T09:27:39.112,14,0,0
414,176,156.511,2026-09-27T09:30:15.623,14,0,0
414,177,161.501,2026-09-27T09:32:57.124,13,0,0
414,178,165.496,2026-09-27T09:35:42.62,13,0,0
414,179,154.215,2026-09-27T09:38:16.835,13,0,0
414,180,159.296,2026-09-27T09:40:56.131,13,0,0
414,181,172.002,2026-09-27T09:43:48.133,13,0,0
414,182,178.428,2026-09-27T09:46:46.561,13,0,0
414,183,171.902,2026-09-27T09:49:38.463,13,0,0
414,184,156.051,2026-09-27T09:52:14.514,13,0,0
414,185,151.404,2026-09-27T09:54:45.918,13,0,0
414,186,152.255,2026-09-27T09:57:18.173,12,0,0
414,187,162.121,2026-09-27T10:00:00.294,12,0,0
414,188,156.756,2026-09-27T10:02:37.05,12,0,0
414,189,153.339,2026-09-27T10:05:10.389,12,0,0
414,190,160.372,2026-09-27T10:07:50.761,12,0,0
414,191,157.331,2026-09-27T10:10:28.092,12,0,0
414,192,154.118,2026-09-27T10:13:02.21,12,0,0
414,193,156.374,2026-09-27T10:15:38.584,12,0,0
414,194,153.858,2026-09-27T10:18:12.442,12,0,0
414,195,159.393,2026-09-27T10:20:51.835,12,0,0
414,196,151.947,2026-09-27T10:23:23.782,12,0,0
414,197,1224.815,2026-09-27T10:43:48.597,12,1,0
414,198,201.178,2026-09-27T10:47:09.775,12,0,0
414,199,158.525,2026-09-27T10:49:48.3,12,0,0
414,200,486.395,2026-09-27T10:57:54.695,14,1,0
414,201,201.492,2026-09-27T11:01:16.187,14,0,0
414,202,158.839,2026-09-27T11:03:55.026,14,0,0
414,203,169.84,2026-09-27T11:06:44.866,14,0,0
414,204,161.541,2026-09-27T11:09:26.407,14,0,0
414,205,150.708,2026-09-27T11:11:57.115,14,0,0
414,206,152.715,2026-09-27T11:14:29.83,14,0,0
414,207,157.433,2026-09-27T11:17:07.263,13,0,0
414,208,162.102,2026-09-27T11:19:49.365,13,0,0
414,209,152.296,2026-09-27T11:22:21.661,13,0,0
414,210,156.408,2026-09-27T11:24:58.069,13,0,0
414,211,163.498,2026-09-27T11:27:41.567,13,0,0
414,212,151.621,2026-09-27T11:30:13.188,12,0,0
414,213,154.439,2026-09-27T11:32:47.627,12,0,0
414,214,207.33,2026-09-27T11:36:14.957,12,1,0
414,215,4860.6,2026-09-27T12:57:15.557,28,0,0
414,216,159.296,2026-09-27T12:59:54.853,28,0,0
414,217,155.457,2026-09-27T13:02:30.31,27,0,0
414,218,160.926,2026-09-27T13:05:11.236,27,0,0
414,219,162.525,2026-09-27T13:07:53.761,27,0,0
414,220,164.959,2026-09-27T13:10:38.72,27,0,0
414,221,158.553,2026-09-27T13:13:17.273,27,0,0
414,222,158.729,2026-09-27T13:15:56.002,27,0,0
414,223,158.923,2026-09-27T13:18:34.925,27,0,0
414,224,158.638,2026-09-27T13:21:13.563,27,0,0
414,225,164.968,2026-09-27T13:23:58.531,27,0,0
414,226,162.911,2026-09-27T13:26:41.442,27,0,0
414,227,185.372,2026-09-27T13:29:46.814,27,1,0
414,228,489.463,2026-09-27T13:37:56.277,27,0,0
414,229,166.597,2026-09-27T13:40:42.874,27,0,0
414,230,162.0,2026-09-27T13:43:24.874,27,0,0
414,231,158.472,2026-09-27T13:46:03.346,27,0,0
414,232,157.464,2026-09-27T13:48:40.81,27,0,0
414,233,160.412,2026-09-27T13:51:21.222,27,0,0
414,234,160.654,2026-09-27T13:54:01.876,27,0,0
414,235,167.435,2026-09-27T13:56:49.311,27,0,0
414,236,161.713,2026-09-27T13:59:31.024,27,0,0
414,237,156.665,2026-09-27T14:02:07.689,27,0,0
414,238,157.979,2026-09-27T14:04:45.668,27,0,0
414,239,157.184,2026-09-27T14:07:22.852,27,0,0
414,240,156.382,2026-09-27T14:09:59.234,27,0,0
414,241,191.492,2026-09-27T14:13:10.726,27,1,0
414,242,476.654,2026-09-27T14:21:07.38,28,0,0
414,243,150.699,2026-09-27T14:23:38.079,28,0,0
414,244,156.524,2026-09-27T14:26:14.603,27,0,0
414,245,154.512,2026-09-27T14:28:49.115,27,0,0
414,246,153.667,2026-09-27T14:31:22.782,27,0,0
414,247,151.922,2026-09-27T14:33:54.704,27,0,0
414,248,154.86,2026-09-27T14:36:29.564,27,0,0
414,249,151.3,2026-09-27T14:39:00.864,27,0,0
414,250,152.577,2026-09-27T14:41:33.441,27,0,0
414,251,157.042,2026-09-27T14:44:10.483,27,0,0
414,252,173.141,2026-09-27T14:47:03.624,27,1,0
414,253,616.167,2026-09-27T14:57:19.791,27,0,0
414,254,162.295,2026-09-27T15:00:02.086,27,0,0
414,255,160.181,2026-09-27T15:02:42.267,27,0,0
414,256,157.47,2026-09-27T15:05:19.737,27,0,0
414,257,158.471,2026-09-27T15:07:58.208,27,0,0
414,258,164.754,2026-09-27T15:10:42.962,26,0,0
414,259,160.27,2026-09-27T15:13:23.232,26,0,0
414,260,158.823,2026-09-27T15:16:02.055,26,0,0
414,261,160.758,2026-09-27T15:18:42.813,26,0,0
414,262,157.636,2026-09-27T15:21:20.449,26,0,0
414,263,158.791,2026-09-27T15:23:59.24,26,0,0
414,264,158.043,2026-09-27T15:26:37.283,26,0,0
414,265,155.513,2026-09-27T15:29:12.796,26,0,0
414,266,161.19,2026-09-27T15:31:53.986,26,0,0
98,1,173.072,2026-09-26T10:07:28.548,63,0,0
98,2,150.225,2026-09-26T10:09:58.773,61,0,0
98,3,193.384,2026-09-26T10:13:12.157,55,0,0
98,4,161.362,2026-09-26T10:15:53.519,54,0,0
98,5,185.647,2026-09-26T10:18:59.166,46,0,0
98,6,170.92,2026-09-26T10:21:50.086,41,0,0
98,7,152.523,2026-09-26T10:24:22.609,38,0,0
98,8,147.031,2026-09-26T10:26:49.64,35,0,0
98,9,154.893,2026-09-26T10:29:24.533,32,0,0
98,10,155.616,2026-09-26T10:32:00.149,30,0,0
98,11,150.285,2026-09-26T10:34:30.434,28,0,0
98,12,154.742,2026-09-26T10:37:05.176,26,0,0
98,13,147.0,2026-09-26T10:39:32.176,24,0,0
98,14,156.065,2026-09-26T10:42:08.241,23,0,0
98,15,159.115,2026-09-26T10:44:47.356,22,0,0
98,16,159.297,2026-09-26T10:47:26.653,22,0,0
98,17,148.464,2026-09-26T10:49:55.117,21,0,0
98,18,153.524,2026-09-26T10:52:28.641,19,0,0
98,19,153.813,2026-09-26T10:55:02.454,19,0,0
98,20,155.126,2026-09-26T10:57:37.58,18,0,0
98,21,164.226,2026-09-26T11:00:21.806,18,0,0
98,22,145.254,2026-09-26T11:02:47.06,18,0,0
98,23,157.972,2026-09-26T11:05:25.032,18,0,0
98,24,160.132,2026-09-26T11:08:05.164,18,0,0
98,25,151.473,2026-09-26T11:10:36.637,17,0,0
98,26,145.914,2026-09-26T11:13:02.551,17,0,0
98,27,148.03,2026-09-26T11:15:30.581,16,0,0
98,28,149.962,2026-09-26T11:18:00.543,16,0,0
98,29,157.297,2026-09-26T11:20:37.84,15,0,0
98,30,157.743,2026-09-26T11:23:15.583,15,0,0
98,31,150.941,2026-09-26T11:25:46.524,15,0,0
98,32,152.632,2026-09-26T11:28:19.156,14,0,0
98,33,145.853,2026-09-26T11:30:45.009,14,0,0
98,34,141.845,2026-09-26T11:33:06.854,13,0,0
98,35,155.453,2026-09-26T11:35:42.307,13,0,0
98,36,165.11,2026-09-26T11:38:27.417,13,0,0
98,37,164.081,2026-09-26T11:41:11.498,12,0,0
98,38,156.178,2026-09-26T11:43:47.676,12,0,0
98,39,149.594,2026-09-26T11:46:17.27,11,0,0
98,40,146.603,2026-09-26T11:48:43.873,10,0,0
98,41,144.728,2026-09-26T11:51:08.601,9,0,0
98,42,146.234,2026-09-26T11:53:34.835,8,0,0
98,43,148.391,2026-09-26T11:56:03.226,8,0,0
98,44,148.59,2026-09-26T11:58:31.816,8,0,0
98,45,151.29,2026-09-26T12:01:03.106,7,0,0
98,46,145.468,2026-09-26T12:03:28.574,5,0,0
98,47,152.035,2026-09-26T12:06:00.609,5,0,0
98,48,544.503,2026-09-26T12:15:05.112,14,1,0
98,49,187.186,2026-09-26T12:18:12.298,16,0,0
98,50,170.218,2026-09-26T12:21:02.516,15,0,0
98,51,153.818,2026-09-26T12:23:36.334,15,0,0
98,52,149.028,2026-09-26T12:26:05.362,14,0,0
98,53,146.659,2026-09-26T12:28:32.021,14,0,0
98,54,138.352,2026-09-26T12:30:50.373,12,0,0
98,55,143.426,2026-09-26T12:33:13.799,12,0,0
98,56,145.763,2026-09-26T12:35:39.562,12,0,0
98,57,154.0,2026-09-26T12:38:13.562,11,0,0
98,58,148.828,2026-09-26T12:40:42.39,11,0,0
98,59,153.842,2026-09-26T12:43:16.232,11,0,0
98,60,152.379,2026-09-26T12:45:48.611,10,0,0
98,61,143.757,2026-09-26T12:48:12.368,10,0,0
98,62,147.036,2026-09-26T12:50:39.404,9,0,0
98,63,143.67,2026-09-26T12:53:03.074,9,0,0
98,64,154.997,2026-09-26T12:55:38.071,9,0,0
98,65,155.505,2026-09-26T12:58:13.576,9,0,0
98,66,140.28,2026-09-26T13:00:33.856,7,0,0
98,67,149.481,2026-09-26T13:03:03.337,7,0,0
98,68,148.844,2026-09-26T13:05:32.181,6,0,0
98,69,156.38,2026-09-26T13:08:08.561,6,0,0
98,70,162.389,2026-09-26T13:10:50.95,6,0,0
98,71,153.466,2026-09-26T13:13:24.416,6,0,0
98,72,148.793,2026-09-26T13:15:53.209,6,0,0
98,73,143.574,2026-09-26T13:18:16.783,6,0,0
98,74,149.259,2026-09-26T13:20:46.042,6,0,0
98,75,141.767,2026-09-26T13:23:07.809,6,0,0
98,76,147.319,2026-09-26T13:25:35.128,6,0,0
98,77,143.072,2026-09-26T13:27:58.2,6,0,0
98,78,154.953,2026-09-26T13:30:33.153,6,0,0
98,79,155.717,2026-09-26T13:33:08.87,6,0,0
98,80,140.875,2026-09-26T13:35:29.745,6,0,0
98,81,145.799,2026-09-26T13:37:55.544,6,0,0
98,82,143.028,2026-09-26T13:40:18.572,6,0,0
98,83,152.063,2026-09-26T13:42:50.635,6,0,0
98,84,150.998,2026-09-26T13:45:21.633,5,0,0
98,85,148.352,2026-09-26T13:47:49.985,5,0,0
98,86,135.91,2026-09-26T13:50:05.895,5,0,0
98,87,146.263,2026-09-26T13:52:32.158,5,0,0
98,88,150.441,2026-09-26T13:55:02.599,5,0,0
98,89,146.045,2026-09-26T13:57:28.644,5,0,0
98,90,139.243,2026-09-26T13:59:47.887,5,0,0
98,91,138.498,2026-09-26T14:02:06.385,5,0,0
98,92,143.805,2026-09-26T14:04:30.19,5,0,0
98,93,144.469,2026-09-26T14:06:54.659,5,0,0
98,94,155.036,2026-09-26T14:09:29.695,4,0,0
98,95,142.503,2026-09-26T14:11:52.198,3,0,0
98,96,150.589,2026-09-26T14:14:22.787,3,0,0
98,97,525.003,2026-09-26T14:23:07.79,7,1,0
98,98,211.778,2026-09-26T14:26:39.568,7,0,0
98,99,161.136,2026-09-26T14:29:20.704,8,0,0
98,100,146.126,2026-09-26T14:31:46.83,8,0,0
98,101,149.721,2026-09-26T14:34:16.551,8,0,0
98,102,147.335,2026-09-26T14:36:43.886,7,0,0
98,103,155.409,2026-09-26T14:39:19.295,6,0,0
98,104,152.414,2026-09-26T14:41:51.709,6,0,0
98,105,159.583,2026-09-26T14:44:31.292,6,0,0
98,106,144.097,2026-09-26T14:46:55.389,6,0,0
98,107,161.636,2026-09-26T14:49:37.025,6,0,0
98,108,176.565,2026-09-26T14:52:33.59,6,0,0
98,109,175.818,2026-09-26T14:55:29.408,5,0,0
98,110,162.828,2026-09-26T14:58:12.236,5,0,0
98,111,165.039,2026-09-26T15:00:57.275,5,0,0
98,112,165.531,2026-09-26T15:03:42.806,5,0,0
98,113,171.417,2026-09-26T15:06:34.223,5,0,0
98,114,174.412,2026-09-26T15:09:28.635,5,0,0
98,115,2585.119,2026-09-26T15:52:33.754,23,0,0
98,116,169.522,2026-09-26T15:55:23.276,23,0,0
98,117,294.773,2026-09-26T16:00:18.049,23,0,1
98,118,239.924,2026-09-26T16:04:17.973,23,0,1
98,119,216.069,2026-09-26T16:07:54.042,22,0,1
98,120,235.076,2026-09-26T16:11:49.118,22,0,1
98,121,247.596,2026-09-26T16:15:56.714,22,0,1
98,122,183.762,2026-09-26T16:19:00.476,22,0,0
98,123,142.255,2026-09-26T16:21:22.731,22,0,0
98,124,158.753,2026-09-26T16:24:01.484,22,0,0
98,125,147.3,2026-09-26T16:26:28.784,22,0,0
98,126,150.94,2026-09-26T16:28:59.724,22,0,0
98,127,150.262,2026-09-26T16:31:29.986,21,0,0
98,128,150.404,2026-09-26T16:34:00.39,21,0,0
98,129,149.82,2026-09-26T16:36:30.21,20,0,0
98,130,152.793,2026-09-26T16:39:03.003,20,0,0
98,131,154.528,2026-09-26T16:41:37.531,20,0,0
98,132,157.3,2026-09-26T16:44:14.831,20,0,0
98,133,149.349,2026-09-26T16:46:44.18,20,0,0
98,134,149.67,2026-09-26T16:49:13.85,19,0,0
98,135,144.702,2026-09-26T16:51:38.552,19,0,0
98,136,153.215,2026-09-26T16:54:11.767,19,0,0
98,137,149.38,2026-09-26T16:56:41.147,19,0,0
98,138,143.0,2026-09-26T16:59:04.147,19,0,0
98,139,147.289,2026-09-26T17:01:31.436,19,0,0
98,140,147.034,2026-09-26T17:03:58.47,19,0,0
98,141,151.168,2026-09-26T17:06:29.638,19,0,0
98,142,164.895,2026-09-26T17:09:14.533,19,0,0
98,143,166.955,2026-09-26T17:12:01.488,19,0,0
98,144,166.276,2026-09-26T17:14:47.764,19,0,0
98,145,475.207,2026-09-26T17:22:42.971,21,1,0
98,146,198.454,2026-09-26T17:26:01.425,21,0,0
98,147,163.591,2026-09-26T17:28:45.016,21,0,0
98,148,158.792,2026-09-26T17:31:23.808,21,0,0
98,149,155.343,2026-09-26T17:33:59.151,21,0,0
98,150,154.029,2026-09-26T17:36:33.18,21,0,0
98,151,161.073,2026-09-26T17:39:14.253,21,0,0
98,152,158.194,2026-09-26T17:41:52.447,21,0,0
98,153,160.454,2026-09-26T17:44:32.901,21,0,0
98,154,152.439,2026-09-26T17:47:05.34,21,0,0
98,155,161.67,2026-09-26T17:49:47.01,21,0,0
98,156,200.708,2026-09-26T17:53:07.718,21,0,1
98,157,232.175,2026-09-26T17:56:59.893,21,0,1
98,158,297.501,2026-09-26T18:01:57.394,21,0,1
98,159,53737.219,2026-09-27T08:57:34.613,20,0,0
98,160,151.007,2026-09-27T09:00:05.62,19,0,0
98,161,153.68,2026-09-27T09:02:39.3,18,0,0
98,162,150.477,2026-09-27T09:05:09.777,18,0,0
98,163,150.294,2026-09-27T09:07:40.071,18,0,0
98,164,157.746,2026-09-27T09:10:17.817,18,0,0
98,165,155.243,2026-09-27T09:12:53.06,18,0,0
98,166,145.682,2026-09-27T09:15:18.742,18,0,0
98,167,149.288,2026-09-27T09:17:48.03,18,0,0
98,168,140.247,2026-09-27T09:20:08.277,18,0,0
98,169,167.819,2026-09-27T09:22:56.096,18,0,0
98,170,158.502,2026-09-27T09:25:34.598,18,0,0
98,171,165.155,2026-09-27T09:28:19.753,18,0,0
98,172,139.347,2026-09-27T09:30:39.1,18,0,0
98,173,178.875,2026-09-27T09:33:37.975,18,1,0
98,174,3009.471,2026-09-27T10:23:47.446,30,0,0
98,175,1178.766,2026-09-27T10:43:26.212,30,0,0
98,176,148.014,2026-09-27T10:45:54.226,29,0,0
98,177,146.724,2026-09-27T10:48:20.95,29,0,0
98,178,137.159,2026-09-27T10:50:38.109,28,0,0
98,179,138.071,2026-09-27T10:52:56.18,27,0,0
98,180,139.494,2026-09-27T10:55:15.674,27,0,0
98,181,140.125,2026-09-27T10:57:35.799,27,0,0
98,182,139.695,2026-09-27T10:59:55.494,27,0,0
98,183,148.177,2026-09-27T11:02:23.671,26,0,0
98,184,141.099,2026-09-27T11:04:44.77,26,0,0
98,185,145.424,2026-09-27T11:07:10.194,26,0,0
98,186,147.601,2026-09-27T11:09:37.795,26,0,0
98,187,140.815,2026-09-27T11:11:58.61,26,0,0
98,188,144.663,2026-09-27T11:14:23.273,26,0,0
98,189,252.418,2026-09-27T11:18:35.691,26,1,0
98,190,1836.186,2026-09-27T11:49:11.877,29,1,0
98,191,707.702,2026-09-27T12:00:59.579,31,0,0
98,192,160.377,2026-09-27T12:03:39.956,31,0,0
98,193,154.663,2026-09-27T12:06:14.619,31,0,0
98,194,162.044,2026-09-27T12:08:56.663,31,0,0
98,195,152.374,2026-09-27T12:11:29.037,31,0,0
98,196,155.163,2026-09-27T12:14:04.2,31,0,0
98,197,146.31,2026-09-27T12:16:30.51,31,0,0
98,198,152.939,2026-09-27T12:19:03.449,30,0,0
98,199,154.362,2026-09-27T12:21:37.811,30,0,0
98,200,154.336,2026-09-27T12:24:12.147,30,0,0
98,201,167.786,2026-09-27T12:26:59.933,30,0,0
98,202,161.601,2026-09-27T12:29:41.534,30,0,0
98,203,147.027,2026-09-27T12:32:08.561,30,0,0
98,204,435.965,2026-09-27T12:39:24.526,32,1,0
98,205,200.606,2026-09-27T12:42:45.132,32,0,0
98,206,162.892,2026-09-27T12:45:28.024,32,0,0
98,207,162.713,2026-09-27T12:48:10.737,31,0,0
98,208,158.317,2026-09-27T12:50:49.054,31,0,0
98,209,182.958,2026-09-27T12:53:52.012,31,1,0
98,210,792.523,2026-09-27T13:07:04.535,33,0,0
98,211,152.791,2026-09-27T13:09:37.326,33,0,0
98,212,162.05,2026-09-27T13:12:19.376,33,0,0
98,213,153.744,2026-09-27T13:14:53.12,33,0,0
98,214,149.434,2026-09-27T13:17:22.554,33,0,0
98,215,147.992,2026-09-27T13:19:50.546,33,0,0
98,216,150.995,2026-09-27T13:22:21.541,33,0,0
98,217,153.154,2026-09-27T13:24:54.695,32,0,0
98,218,148.843,2026-09-27T13:27:23.538,32,0,0
98,219,156.799,2026-09-27T13:30:00.337,31,0,0
98,220,148.934,2026-09-27T13:32:29.271,30,0,0
98,221,154.313,2026-09-27T13:35:03.584,30,0,0
98,222,149.279,2026-09-27T13:37:32.863,30,0,0
98,223,149.534,2026-09-27T13:40:02.397,30,0,0
98,224,149.024,2026-09-27T13:42:31.421,29,0,0
98,225,148.345,2026-09-27T13:44:59.766,29,0,0
98,226,147.265,2026-09-27T13:47:27.031,29,0,0
98,227,144.911,2026-09-27T13:49:51.942,29,0,0
98,228,146.113,2026-09-27T13:52:18.055,29,0,0
98,229,149.611,2026-09-27T13:54:47.666,29,0,0
98,230,150.277,2026-09-27T13:57:17.943,29,0,0
98,231,151.231,2026-09-27T13:59:49.174,29,0,0
98,232,154.37,2026-09-27T14:02:23.544,29,0,0
98,233,149.8,2026-09-27T14:04:53.344,29,0,0
98,234,151.436,2026-09-27T14:07:24.78,29,0,0
98,235,147.742,2026-09-27T14:09:52.522,29,0,0
98,236,159.08,2026-09-27T14:12:31.602,29,0,0
98,237,152.481,2026-09-27T14:15:04.083,29,0,0
98,238,559.832,2026-09-27T14:24:23.915,30,1,0
98,239,196.955,2026-09-27T14:27:40.87,29,0,0
98,240,161.476,2026-09-27T14:30:22.346,29,0,0
98,241,154.251,2026-09-27T14:32:56.597,29,0,0
98,242,148.912,2026-09-27T14:35:25.509,29,0,0
98,243,154.158,2026-09-27T14:37:59.667,29,0,0
98,244,149.831,2026-09-27T14:40:29.498,29,0,0
98,245,144.604,2026-09-27T14:42:54.102,29,0,0
98,246,143.298,2026-09-27T14:45:17.4,29,0,0
98,247,142.277,2026-09-27T14:47:39.677,28,0,0
98,248,143.115,2026-09-27T14:50:02.792,28,0,0
98,249,147.195,2026-09-27T14:52:29.987,28,0,0
98,250,153.984,2026-09-27T14:55:03.971,28,0,0
98,251,146.927,2026-09-27T14:57:30.898,28,0,0
98,252,149.46,2026-09-27T15:00:00.358,28,0,0
98,253,143.647,2026-09-27T15:02:24.005,28,0,0
98,254,146.125,2026-09-27T15:04:50.13,28,0,0
98,255,142.002,2026-09-27T15:07:12.132,28,0,0
98,256,144.627,2026-09-27T15:09:36.759,28,0,0
98,257,154.91,2026-09-27T15:12:11.669,28,0,0
98,258,154.473,2026-09-27T15:14:46.142,27,0,0
98,259,145.474,2026-09-27T15:17:11.616,27,0,0
98,260,148.551,2026-09-27T15:19:40.167,27,0,0
98,261,146.368,2026-09-27T15:22:06.535,27,0,0
98,262,140.663,2026-09-27T15:24:27.198,27,0,0
98,263,141.798,2026-09-27T15:26:48.996,27,0,0
98,264,144.756,2026-09-27T15:29:13.752,27,0,0
98,265,143.556,2026-09-27T15:31:37.308,27,0,0
64,1,195.587,2026-09-26T10:05:57.976,42,0,0
64,2,197.41,2026-09-26T10:09:15.386,41,0,0
64,3,197.021,2026-09-26T10:12:32.407,41,0,0
64,4,180.375,2026-09-26T10:15:32.782,43,0,0
64,5,196.51,2026-09-26T10:18:49.292,41,0,0
64,6,186.903,2026-09-26T10:21:56.195,44,0,0
64,7,163.273,2026-09-26T10:24:39.468,41,0,0
64,8,158.417,2026-09-26T10:27:17.885,40,0,0
64,9,173.42,2026-09-26T10:30:11.305,41,0,0
64,10,156.724,2026-09-26T10:32:48.029,39,0,0
64,11,162.798,2026-09-26T10:35:30.827,39,0,0
64,12,162.339,2026-09-26T10:38:13.166,39,0,0
64,13,170.881,2026-09-26T10:41:04.047,38,0,0
64,14,168.363,2026-09-26T10:43:52.41,37,0,0
64,15,168.206,2026-09-26T10:46:40.616,36,0,0
64,16,157.181,2026-09-26T10:49:17.797,34,0,0
64,17,163.221,2026-09-26T10:52:01.018,33,0,0
64,18,161.146,2026-09-26T10:54:42.164,30,0,0
64,19,160.592,2026-09-26T10:57:22.756,30,0,0
64,20,161.732,2026-09-26T11:00:04.488,30,0,0
64,21,159.613,2026-09-26T11:02:44.101,29,0,0
64,22,159.698,2026-09-26T11:05:23.799,29,0,0
64,23,164.852,2026-09-26T11:08:08.651,28,0,0
64,24,160.029,2026-09-26T11:10:48.68,28,0,0
64,25,169.21,2026-09-26T11:13:37.89,27,0,0
64,26,156.692,2026-09-26T11:16:14.582,27,0,0
64,27,162.801,2026-09-26T11:18:57.383,26,0,0
64,28,175.821,2026-09-26T11:21:53.204,26,0,0
64,29,158.86,2026-09-26T11:24:32.064,26,0,0
64,30,159.332,2026-09-26T11:27:11.396,26,0,0
64,31,160.177,2026-09-26T11:29:51.573,26,0,0
64,32,163.32,2026-09-26T11:32:34.893,26,0,0
64,33,165.393,2026-09-26T11:35:20.286,26,0,0
64,34,177.053,2026-09-26T11:38:17.339,25,0,0
64,35,173.816,2026-09-26T11:41:11.155,25,0,0
64,36,164.397,2026-09-26T11:43:55.552,25,0,0
64,37,162.773,2026-09-26T11:46:38.325,25,0,0
64,38,156.739,2026-09-26T11:49:15.064,24,0,0
64,39,165.355,2026-09-26T11:52:00.419,23,0,0
64,40,164.555,2026-09-26T11:54:44.974,22,0,0
64,41,164.482,2026-09-26T11:57:29.456,21,0,0
64,42,160.649,2026-09-26T12:00:10.105,20,0,0
64,43,160.708,2026-09-26T12:02:50.813,19,0,0
64,44,157.083,2026-09-26T12:05:27.896,19,0,0
64,45,160.015,2026-09-26T12:08:07.911,17,0,0
64,46,162.652,2026-09-26T12:10:50.563,17,0,0
64,47,159.478,2026-09-26T12:13:30.041,17,0,0
64,48,160.942,2026-09-26T12:16:10.983,17,0,0
64,49,170.176,2026-09-26T12:19:01.159,17,0,0
64,50,171.141,2026-09-26T12:21:52.3,16,0,0
64,51,163.72,2026-09-26T12:24:36.02,16,0,0
64,52,158.621,2026-09-26T12:27:14.641,16,0,0
64,53,161.523,2026-09-26T12:29:56.164,16,0,0
64,54,163.168,2026-09-26T12:32:39.332,16,0,0
64,55,167.293,2026-09-26T12:35:26.625,16,0,0
64,56,161.083,2026-09-26T12:38:07.708,17,0,0
64,57,163.852,2026-09-26T12:40:51.56,16,0,0
64,58,594.326,2026-09-26T12:50:45.886,24,1,0
64,59,232.974,2026-09-26T12:54:38.86,25,0,0
64,60,172.75,2026-09-26T12:57:31.61,25,0,0
64,61,176.571,2026-09-26T13:00:28.181,24,0,0
64,62,170.111,2026-09-26T13:03:18.292,24,0,0
64,63,169.514,2026-09-26T13:06:07.806,24,0,0
64,64,167.225,2026-09-26T13:08:55.031,24,0,0
64,65,171.257,2026-09-26T13:11:46.288,24,0,0
64,66,170.76,2026-09-26T13:14:37.048,24,0,0
64,67,169.379,2026-09-26T13:17:26.427,24,0,0
64,68,174.076,2026-09-26T13:20:20.503,23,0,0
64,69,167.918,2026-09-26T13:23:08.421,22,0,0
64,70,165.762,2026-09-26T13:25:54.183,22,0,0
64,71,165.435,2026-09-26T13:28:39.618,21,0,0
64,72,171.915,2026-09-26T13:31:31.533,23,0,0
64,73,172.995,2026-09-26T13:34:24.528,23,0,0
64,74,1536.65,2026-09-26T14:00:01.178,38,0,0
64,75,163.37,2026-09-26T14:02:44.548,37,0,0
64,76,166.697,2026-09-26T14:05:31.245,36,0,0
64,77,4409.478,2026-09-26T15:19:00.723,61,0,0
64,78,170.907,2026-09-26T15:21:51.63,59,0,0
64,79,163.616,2026-09-26T15:24:35.246,59,0,0
64,80,161.567,2026-09-26T15:27:16.813,59,0,0
64,81,218.155,2026-09-26T15:30:54.968,58,0,0
64,82,212.313,2026-09-26T15:34:27.281,58,0,0
64,83,162.717,2026-09-26T15:37:09.998,57,0,0
64,84,157.81,2026-09-26T15:39:47.808,57,0,0
64,85,161.649,2026-09-26T15:42:29.457,56,0,0
64,86,165.439,2026-09-26T15:45:14.896,56,0,0
64,87,162.17,2026-09-26T15:47:57.066,56,0,0
64,88,157.498,2026-09-26T15:50:34.564,55,0,0
64,89,181.882,2026-09-26T15:53:36.446,54,0,0
64,90,163.779,2026-09-26T15:56:20.225,54,0,1
64,91,290.936,2026-09-26T16:01:11.161,54,0,1
64,92,786.234,2026-09-26T16:14:17.395,55,0,1
64,93,231.452,2026-09-26T16:18:08.847,54,0,0
64,94,175.497,2026-09-26T16:21:04.344,53,0,0
64,95,165.762,2026-09-26T16:23:50.106,53,0,0
64,96,159.371,2026-09-26T16:26:29.477,53,0,0
64,97,158.028,2026-09-26T16:29:07.505,52,0,0
64,98,168.735,2026-09-26T16:31:56.24,52,0,0
64,99,162.594,2026-09-26T16:34:38.834,52,0,0
64,100,155.648,2026-09-26T16:37:14.482,52,0,0
64,101,153.156,2026-09-26T16:39:47.638,52,0,0
64,102,155.032,2026-09-26T16:42:22.67,51,0,0
64,103,167.461,2026-09-26T16:45:10.131,51,0,0
64,104,169.507,2026-09-26T16:47:59.638,51,0,0
64,105,160.835,2026-09-26T16:50:40.473,50,0,0
64,106,155.292,2026-09-26T16:53:15.765,49,0,0
64,107,156.014,2026-09-26T16:55:51.779,48,0,0
64,108,161.686,2026-09-26T16:58:33.465,48,0,0
64,109,157.768,2026-09-26T17:01:11.233,47,0,0
64,110,153.649,2026-09-26T17:03:44.882,47,0,0
64,111,155.329,2026-09-26T17:06:20.211,47,0,0
64,112,169.926,2026-09-26T17:09:10.137,47,0,0
64,113,170.659,2026-09-26T17:12:00.796,46,0,0
64,114,169.567,2026-09-26T17:14:50.363,46,0,0
64,115,171.946,2026-09-26T17:17:42.309,46,0,0
64,116,162.43,2026-09-26T17:20:24.739,46,0,0
64,117,157.063,2026-09-26T17:23:01.802,46,0,0
64,118,156.885,2026-09-26T17:25:38.687,45,0,0
64,119,162.229,2026-09-26T17:28:20.916,45,0,0
64,120,157.76,2026-09-26T17:30:58.676,44,0,0
64,121,160.777,2026-09-26T17:33:39.453,44,0,0
64,122,154.976,2026-09-26T17:36:14.429,44,0,0
64,123,159.698,2026-09-26T17:38:54.127,43,0,0
64,124,163.352,2026-09-26T17:41:37.479,42,0,0
64,125,161.127,2026-09-26T17:44:18.606,42,0,0
64,126,165.067,2026-09-26T17:47:03.673,42,0,0
64,127,166.385,2026-09-26T17:49:50.058,42,0,0
64,128,202.956,2026-09-26T17:53:13.014,41,0,1
64,129,233.525,2026-09-26T17:57:06.539,41,0,1
64,130,298.129,2026-09-26T18:02:04.668,40,0,1
64,131,53727.755,2026-09-27T08:57:32.423,40,0,0
64,132,179.061,2026-09-27T09:00:31.484,40,0,0
64,133,188.437,2026-09-27T09:03:39.921,40,0,0
64,134,172.927,2026-09-27T09:06:32.848,40,0,0
64,135,170.734,2026-09-27T09:09:23.582,40,0,0
64,136,179.023,2026-09-27T09:12:22.605,40,0,0
64,137,170.873,2026-09-27T09:15:13.478,40,0,0
64,138,166.601,2026-09-27T09:18:00.079,40,0,0
64,139,172.426,2026-09-27T09:20:52.505,40,0,0
64,140,178.074,2026-09-27T09:23:50.579,39,0,0
64,141,163.523,2026-09-27T09:26:34.102,39,0,0
64,142,162.323,2026-09-27T09:29:16.425,39,0,0
64,143,165.992,2026-09-27T09:32:02.417,39,0,0
64,144,162.438,2026-09-27T09:34:44.855,39,0,0
64,145,164.965,2026-09-27T09:37:29.82,39,0,0
64,146,164.461,2026-09-27T09:40:14.281,39,0,0
64,147,160.285,2026-09-27T09:42:54.566,39,0,0
64,148,166.286,2026-09-27T09:45:40.852,39,0,0
64,149,164.635,2026-09-27T09:48:25.487,39,0,0
64,150,173.854,2026-09-27T09:51:19.341,39,0,0
64,151,174.181,2026-09-27T09:54:13.522,39,0,0
64,152,167.444,2026-09-27T09:57:00.966,40,0,0
64,153,164.469,2026-09-27T09:59:45.435,40,0,0
64,154,165.442,2026-09-27T10:02:30.877,40,0,0
64,155,158.654,2026-09-27T10:05:09.531,40,0,0
64,156,183.85,2026-09-27T10:08:13.381,40,1,0
64,157,367.368,2026-09-27T10:14:20.749,40,0,0
64,158,159.686,2026-09-27T10:17:00.435,40,0,0
64,159,162.305,2026-09-27T10:19:42.74,39,0,0
64,160,169.119,2026-09-27T10:22:31.859,38,0,0
64,161,1189.913,2026-09-27T10:42:21.772,38,0,1
64,162,195.854,2026-09-27T10:45:37.626,38,0,0
64,163,168.35,2026-09-27T10:48:25.976,38,0,0
64,164,161.249,2026-09-27T10:51:07.225,38,0,0
64,165,162.362,2026-09-27T10:53:49.587,37,0,0
64,166,161.192,2026-09-27T10:56:30.779,37,0,0
64,167,162.458,2026-09-27T10:59:13.237,37,0,0
64,168,164.157,2026-09-27T11:01:57.394,37,0,0
64,169,164.495,2026-09-27T11:04:41.889,37,0,0
64,170,164.313,2026-09-27T11:07:26.202,37,0,0
64,171,160.321,2026-09-27T11:10:06.523,36,0,0
64,172,166.789,2026-09-27T11:12:53.312,35,0,0
64,173,162.578,2026-09-27T11:15:35.89,35,0,0
64,174,167.104,2026-09-27T11:18:22.994,35,0,0
64,175,168.184,2026-09-27T11:21:11.178,35,0,0
64,176,162.069,2026-09-27T11:23:53.247,35,0,0
64,177,169.477,2026-09-27T11:26:42.724,35,0,0
64,178,165.233,2026-09-27T11:29:27.957,34,0,0
64,179,169.908,2026-09-27T11:32:17.865,33,0,0
64,180,177.856,2026-09-27T11:35:15.721,33,0,0
64,181,165.885,2026-09-27T11:38:01.606,33,0,0
64,182,169.482,2026-09-27T11:40:51.088,33,0,0
64,183,162.686,2026-09-27T11:43:33.774,33,0,0
64,184,172.614,2026-09-27T11:46:26.388,33,0,0
64,185,166.387,2026-09-27T11:49:12.775,33,0,0
64,186,169.036,2026-09-27T11:52:01.811,34,0,0
64,187,178.842,2026-09-27T11:55:00.653,34,0,0
64,188,617.201,2026-09-27T12:05:17.854,35,1,0
64,189,266.139,2026-09-27T12:09:43.993,35,0,0
64,190,164.272,2026-09-27T12:12:28.265,35,0,0
64,191,158.391,2026-09-27T12:15:06.656,35,0,0
64,192,155.821,2026-09-27T12:17:42.477,35,0,0
64,193,156.386,2026-09-27T12:20:18.863,35,0,0
64,194,164.781,2026-09-27T12:23:03.644,35,0,0
64,195,164.599,2026-09-27T12:25:48.243,35,0,0
64,196,164.451,2026-09-27T12:28:32.694,35,0,0
64,197,162.517,2026-09-27T12:31:15.211,35,0,0
64,198,156.397,2026-09-27T12:33:51.608,35,0,0
64,199,155.287,2026-09-27T12:36:26.895,35,0,0
64,200,160.376,2026-09-27T12:39:07.271,35,0,0
64,201,156.379,2026-09-27T12:41:43.65,35,0,0
64,202,193.582,2026-09-27T12:44:57.232,34,0,0
64,203,155.993,2026-09-27T12:47:33.225,34,0,0
64,204,162.697,2026-09-27T12:50:15.922,34,0,0
64,205,157.084,2026-09-27T12:52:53.006,34,0,0
64,206,159.093,2026-09-27T12:55:32.099,34,0,0
64,207,154.249,2026-09-27T12:58:06.348,33,0,0
64,208,155.91,2026-09-27T13:00:42.258,33,0,0
64,209,155.368,2026-09-27T13:03:17.626,33,0,0
64,210,162.567,2026-09-27T13:06:00.193,32,0,0
64,211,158.786,2026-09-27T13:08:38.979,32,0,0
64,212,164.393,2026-09-27T13:11:23.372,32,0,0
64,213,158.174,2026-09-27T13:14:01.546,32,0,0
64,214,159.017,2026-09-27T13:16:40.563,32,0,0
64,215,154.399,2026-09-27T13:19:14.962,32,0,0
64,216,159.856,2026-09-27T13:21:54.818,32,0,0
64,217,155.188,2026-09-27T13:24:30.006,31,0,0
64,218,170.056,2026-09-27T13:27:20.062,31,0,0
64,219,158.711,2026-09-27T13:29:58.773,30,0,0
64,220,157.169,2026-09-27T13:32:35.942,31,0,0
64,221,158.666,2026-09-27T13:35:14.608,31,0,0
64,222,162.049,2026-09-27T13:37:56.657,31,0,0
64,223,156.313,2026-09-27T13:40:32.97,31,0,0
64,224,153.809,2026-09-27T13:43:06.779,31,0,0
64,225,155.33,2026-09-27T13:45:42.109,31,0,0
64,226,169.357,2026-09-27T13:48:31.466,31,0,0
64,227,173.707,2026-09-27T13:51:25.173,31,0,0
64,228,167.373,2026-09-27T13:54:12.546,31,0,0
64,229,160.806,2026-09-27T13:56:53.352,31,0,0
64,230,160.024,2026-09-27T13:59:33.376,31,0,0
64,231,154.924,2026-09-27T14:02:08.3,31,0,0
64,232,156.217,2026-09-27T14:04:44.517,31,0,0
64,233,155.734,2026-09-27T14:07:20.251,31,0,0
64,234,157.503,2026-09-27T14:09:57.754,32,0,0
64,235,475.322,2026-09-27T14:17:53.076,32,1,0
64,236,215.797,2026-09-27T14:21:28.873,32,0,0
64,237,161.028,2026-09-27T14:24:09.901,32,0,0
64,238,157.032,2026-09-27T14:26:46.933,31,0,0
64,239,157.126,2026-09-27T14:29:24.059,30,0,0
64,240,164.161,2026-09-27T14:32:08.22,30,0,0
64,241,164.947,2026-09-27T14:34:53.167,30,0,0
64,242,156.386,2026-09-27T14:37:29.553,30,0,0
64,243,154.866,2026-09-27T14:40:04.419,30,0,0
64,244,155.674,2026-09-27T14:42:40.093,30,0,0
64,245,155.209,2026-09-27T14:45:15.302,30,0,0
64,246,162.103,2026-09-27T14:47:57.405,30,0,0
64,247,158.801,2026-09-27T14:50:36.206,30,0,0
64,248,154.511,2026-09-27T14:53:10.717,30,0,0
64,249,162.279,2026-09-27T14:55:52.996,30,0,0
64,250,154.268,2026-09-27T14:58:27.264,29,0,0
64,251,160.002,2026-09-27T15:01:07.266,29,0,0
64,252,162.836,2026-09-27T15:03:50.102,29,0,0
64,253,153.693,2026-09-27T15:06:23.795,29,0,0
64,254,154.234,2026-09-27T15:08:58.029,29,0,0
64,255,162.229,2026-09-27T15:11:40.258,29,0,0
64,256,157.853,2026-09-27T15:14:18.111,29,0,0
64,257,158.25,2026-09-27T15:16:56.361,29,0,0
64,258,160.84,2026-09-27T15:19:37.201,28,0,0
64,259,156.4,2026-09-27T15:22:13.601,28,0,0
64,260,156.723,2026-09-27T15:24:50.324,28,0,0
64,261,152.834,2026-09-27T15:27:23.158,28,0,0
64,262,159.241,2026-09-27T15:30:02.399,28,0,0
64,263,155.049,2026-09-27T15:32:37.448,28,0,0
259,1,175.144,2026-09-26T10:05:34.429,27,0,0
259,2,170.205,2026-09-26T10:08:24.634,20,0,0
259,3,151.463,2026-09-26T10:10:56.097,15,0,0
259,4,185.759,2026-09-26T10:14:01.856,9,0,0
259,5,154.537,2026-09-26T10:16:36.393,8,0,0
259,6,171.986,2026-09-26T10:19:28.379,8,0,0
259,7,164.69,2026-09-26T10:22:13.069,8,0,0
259,8,154.729,2026-09-26T10:24:47.798,7,0,0
259,9,160.263,2026-09-26T10:27:28.061,8,0,0
259,10,161.472,2026-09-26T10:30:09.533,8,0,0
259,11,142.264,2026-09-26T10:32:31.797,8,0,0
259,12,155.893,2026-09-26T10:35:07.69,7,0,0
259,13,151.219,2026-09-26T10:37:38.909,6,0,0
259,14,145.028,2026-09-26T10:40:03.937,6,0,0
259,15,157.656,2026-09-26T10:42:41.593,6,0,0
259,16,153.679,2026-09-26T10:45:15.272,6,0,0
259,17,160.904,2026-09-26T10:47:56.176,6,0,0
259,18,139.419,2026-09-26T10:50:15.595,6,0,0
259,19,145.463,2026-09-26T10:52:41.058,6,0,0
259,20,150.96,2026-09-26T10:55:12.018,6,0,0
259,21,152.874,2026-09-26T10:57:44.892,6,0,0
259,22,175.654,2026-09-26T11:00:40.546,6,0,0
259,23,139.357,2026-09-26T11:02:59.903,6,0,0
259,24,141.519,2026-09-26T11:05:21.422,6,0,0
259,25,148.757,2026-09-26T11:07:50.179,6,0,0
259,26,144.167,2026-09-26T11:10:14.346,5,0,0
259,27,153.28,2026-09-26T11:12:47.626,5,0,0
259,28,146.586,2026-09-26T11:15:14.212,5,0,0
259,29,158.741,2026-09-26T11:17:52.953,5,0,0
259,30,155.2,2026-09-26T11:20:28.153,5,0,0
259,31,153.085,2026-09-26T11:23:01.238,5,0,0
259,32,147.671,2026-09-26T11:25:28.909,5,0,0
259,33,140.213,2026-09-26T11:27:49.122,4,0,0
259,34,139.659,2026-09-26T11:30:08.781,3,0,0
259,35,150.67,2026-09-26T11:32:39.451,4,0,0
259,36,156.874,2026-09-26T11:35:16.325,4,0,0
259,37,172.062,2026-09-26T11:38:08.387,4,0,0
259,38,153.725,2026-09-26T11:40:42.112,4,0,0
259,39,148.042,2026-09-26T11:43:10.154,4,0,0
259,40,233.339,2026-09-26T11:47:03.493,5,1,0
259,41,4632.24,2026-09-26T13:04:15.733,73,0,0
259,42,159.571,2026-09-26T13:06:55.304,73,0,0
259,43,158.928,2026-09-26T13:09:34.232,72,0,0
259,44,151.418,2026-09-26T13:12:05.65,71,0,0
259,45,158.658,2026-09-26T13:14:44.308,70,0,0
259,46,172.39,2026-09-26T13:17:36.698,70,1,0
259,47,807.847,2026-09-26T13:31:04.545,73,1,0
259,48,199.267,2026-09-26T13:34:23.812,72,0,0
259,49,153.631,2026-09-26T13:36:57.443,72,0,0
259,50,169.04,2026-09-26T13:39:46.483,71,0,0
259,51,162.245,2026-09-26T13:42:28.728,71,0,0
259,52,148.799,2026-09-26T13:44:57.527,70,0,0
259,53,147.479,2026-09-26T13:47:25.006,70,0,0
259,54,150.764,2026-09-26T13:49:55.77,69,0,0
259,55,155.033,2026-09-26T13:52:30.803,68,0,0
259,56,151.941,2026-09-26T13:55:02.744,68,0,0
259,57,151.016,2026-09-26T13:57:33.76,67,0,0
259,58,156.889,2026-09-26T14:00:10.649,67,0,0
259,59,154.758,2026-09-26T14:02:45.407,63,0,0
259,60,146.763,2026-09-26T14:05:12.17,62,0,0
259,61,152.155,2026-09-26T14:07:44.325,61,0,0
259,62,165.136,2026-09-26T14:10:29.461,60,0,0
259,63,154.264,2026-09-26T14:13:03.725,59,0,0
259,64,155.32,2026-09-26T14:15:39.045,59,0,0
259,65,154.149,2026-09-26T14:18:13.194,59,0,0
259,66,146.041,2026-09-26T14:20:39.235,59,0,0
259,67,393.519,2026-09-26T14:27:12.754,59,1,0
259,68,204.84,2026-09-26T14:30:37.594,59,0,0
259,69,165.063,2026-09-26T14:33:22.657,58,0,0
259,70,155.551,2026-09-26T14:35:58.208,57,0,0
259,71,160.065,2026-09-26T14:38:38.273,54,0,0
259,72,162.641,2026-09-26T14:41:20.914,53,0,0
259,73,158.534,2026-09-26T14:43:59.448,52,0,0
259,74,163.131,2026-09-26T14:46:42.579,51,0,0
259,75,171.877,2026-09-26T14:49:34.456,50,0,0
259,76,180.04,2026-09-26T14:52:34.496,50,0,0
259,77,180.523,2026-09-26T14:55:35.019,49,0,0
259,78,165.316,2026-09-26T14:58:20.335,49,0,0
259,79,175.565,2026-09-26T15:01:15.9,49,0,0
259,80,161.328,2026-09-26T15:03:57.228,49,0,0
259,81,172.943,2026-09-26T15:06:50.171,49,0,0
259,82,167.965,2026-09-26T15:09:38.136,48,0,0
259,83,183.999,2026-09-26T15:12:42.135,48,0,0
259,84,181.351,2026-09-26T15:15:43.486,48,0,0
259,85,186.474,2026-09-26T15:18:49.96,48,0,0
259,86,158.388,2026-09-26T15:21:28.348,47,0,0
259,87,159.216,2026-09-26T15:24:07.564,47,0,0
259,88,174.867,2026-09-26T15:27:02.431,47,0,0
259,89,212.409,2026-09-26T15:30:34.84,45,0,0
259,90,211.101,2026-09-26T15:34:05.941,45,0,0
259,91,172.45,2026-09-26T15:36:58.391,45,0,0
259,92,159.811,2026-09-26T15:39:38.202,45,0,0
259,93,156.844,2026-09-26T15:42:15.046,45,0,0
259,94,165.229,2026-09-26T15:45:00.275,45,0,0
259,95,172.913,2026-09-26T15:47:53.188,44,0,0
259,96,160.94,2026-09-26T15:50:34.128,43,0,0
259,97,180.923,2026-09-26T15:53:35.051,43,0,0
259,98,168.976,2026-09-26T15:56:24.027,43,0,1
259,99,296.78,2026-09-26T16:01:20.807,43,0,1
259,100,224.549,2026-09-26T16:05:05.356,43,0,1
259,101,243.058,2026-09-26T16:09:08.414,43,0,1
259,102,482.119,2026-09-26T16:17:10.533,44,1,0
259,103,200.148,2026-09-26T16:20:30.681,43,0,0
259,104,165.625,2026-09-26T16:23:16.306,43,0,0
259,105,157.784,2026-09-26T16:25:54.09,43,0,0
259,106,745.223,2026-09-26T16:38:19.313,47,0,0
259,107,160.995,2026-09-26T16:41:00.308,46,0,0
259,108,157.751,2026-09-26T16:43:38.059,46,0,0
259,109,154.915,2026-09-26T16:46:12.974,46,0,0
259,110,157.395,2026-09-26T16:48:50.369,46,0,0
259,111,160.787,2026-09-26T16:51:31.156,45,0,0
259,112,155.93,2026-09-26T16:54:07.086,44,0,0
259,113,154.665,2026-09-26T16:56:41.751,43,0,0
259,114,150.597,2026-09-26T16:59:12.348,43,0,0
259,115,157.009,2026-09-26T17:01:49.357,43,0,0
259,116,149.863,2026-09-26T17:04:19.22,43,0,0
259,117,151.091,2026-09-26T17:06:50.311,43,0,0
259,118,163.925,2026-09-26T17:09:34.236,43,0,0
259,119,167.227,2026-09-26T17:12:21.463,43,0,0
259,120,166.639,2026-09-26T17:15:08.102,42,0,0
259,121,166.313,2026-09-26T17:17:54.415,41,0,0
259,122,166.24,2026-09-26T17:20:40.655,41,0,0
259,123,153.648,2026-09-26T17:23:14.303,41,0,0
259,124,159.408,2026-09-26T17:25:53.711,40,0,0
259,125,167.215,2026-09-26T17:28:40.926,40,0,0
259,126,154.196,2026-09-26T17:31:15.122,40,0,0
259,127,156.569,2026-09-26T17:33:51.691,40,0,0
259,128,157.705,2026-09-26T17:36:29.396,39,0,0
259,129,157.167,2026-09-26T17:39:06.563,39,0,0
259,130,156.317,2026-09-26T17:41:42.88,38,0,0
259,131,155.244,2026-09-26T17:44:18.124,37,0,0
259,132,154.113,2026-09-26T17:46:52.237,37,0,0
259,133,157.177,2026-09-26T17:49:29.414,37,0,0
259,134,210.519,2026-09-26T17:52:59.933,37,0,1
259,135,233.928,2026-09-26T17:56:53.861,37,0,1
259,136,293.959,2026-09-26T18:01:47.82,37,0,1
259,137,54158.885,2026-09-27T09:04:26.705,38,0,0
259,138,158.375,2026-09-27T09:07:05.08,38,0,0
259,139,161.03,2026-09-27T09:09:46.11,38,0,0
259,140,157.343,2026-09-27T09:12:23.453,37,0,0
259,141,152.604,2026-09-27T09:14:56.057,37,0,0
259,142,152.877,2026-09-27T09:17:28.934,37,0,0
259,143,153.914,2026-09-27T09:20:02.848,37,0,0
259,144,172.991,2026-09-27T09:22:55.839,37,0,0
259,145,158.97,2026-09-27T09:25:34.809,37,0,0
259,146,165.024,2026-09-27T09:28:19.833,37,0,0
259,147,147.647,2026-09-27T09:30:47.48,37,0,0
259,148,151.181,2026-09-27T09:33:18.661,37,0,0
259,149,150.669,2026-09-27T09:35:49.33,37,0,0
259,150,147.3,2026-09-27T09:38:16.63,36,0,0
259,151,151.484,2026-09-27T09:40:48.114,36,0,0
259,152,162.261,2026-09-27T09:43:30.375,36,0,0
259,153,158.816,2026-09-27T09:46:09.191,36,0,0
259,154,156.447,2026-09-27T09:48:45.638,36,0,0
259,155,155.446,2026-09-27T09:51:21.084,36,0,0
259,156,160.927,2026-09-27T09:54:02.011,36,0,0
259,157,149.594,2026-09-27T09:56:31.605,36,0,0
259,158,146.578,2026-09-27T09:58:58.183,36,0,0
259,159,148.754,2026-09-27T10:01:26.937,36,0,0
259,160,147.099,2026-09-27T10:03:54.036,36,0,0
259,161,151.819,2026-09-27T10:06:25.855,36,0,0
259,162,151.354,2026-09-27T10:08:57.209,36,0,0
259,163,147.11,2026-09-27T10:11:24.319,36,0,0
259,164,158.981,2026-09-27T10:14:03.3,36,0,0
259,165,150.603,2026-09-27T10:16:33.903,35,0,0
259,166,145.651,2026-09-27T10:18:59.554,35,0,0
259,167,149.186,2026-09-27T10:21:28.74,35,0,0
259,168,146.461,2026-09-27T10:23:55.201,35,0,0
259,169,1412.305,2026-09-27T10:47:27.506,35,1,0
259,170,216.004,2026-09-27T10:51:03.51,35,0,0
259,171,152.764,2026-09-27T10:53:36.274,34,0,0
259,172,156.369,2026-09-27T10:56:12.643,34,0,0
259,173,153.244,2026-09-27T10:58:45.887,33,0,0
259,174,159.259,2026-09-27T11:01:25.146,33,0,0
259,175,153.8,2026-09-27T11:03:58.946,33,0,0
259,176,178.496,2026-09-27T11:06:57.442,33,0,0
259,177,162.613,2026-09-27T11:09:40.055,32,0,0
259,178,159.161,2026-09-27T11:12:19.216,31,0,0
259,179,151.416,2026-09-27T11:14:50.632,30,0,0
259,180,153.113,2026-09-27T11:17:23.745,30,0,0
259,181,153.67,2026-09-27T11:19:57.415,29,0,0
259,182,153.203,2026-09-27T11:22:30.618,29,0,0
259,183,153.803,2026-09-27T11:25:04.421,29,0,0
259,184,169.331,2026-09-27T11:27:53.752,29,0,0
259,185,157.125,2026-09-27T11:30:30.877,29,0,0
259,186,169.653,2026-09-27T11:33:20.53,29,0,0
259,187,161.865,2026-09-27T11:36:02.395,29,0,0
259,188,150.705,2026-09-27T11:38:33.1,29,0,0
259,189,150.154,2026-09-27T11:41:03.254,29,0,0
259,190,158.495,2026-09-27T11:43:41.749,28,0,0
259,191,155.991,2026-09-27T11:46:17.74,28,0,0
259,192,165.706,2026-09-27T11:49:03.446,28,0,0
259,193,151.941,2026-09-27T11:51:35.387,28,0,0
259,194,156.015,2026-09-27T11:54:11.402,28,0,0
259,195,154.999,2026-09-27T11:56:46.401,28,0,0
259,196,161.806,2026-09-27T11:59:28.207,28,0,0
259,197,160.336,2026-09-27T12:02:08.543,28,0,0
259,198,155.005,2026-09-27T12:04:43.548,28,0,0
259,199,170.884,2026-09-27T12:07:34.432,28,0,0
259,200,152.243,2026-09-27T12:10:06.675,28,0,0
259,201,156.786,2026-09-27T12:12:43.461,28,0,0
259,202,152.941,2026-09-27T12:15:16.402,28,0,0
259,203,149.21,2026-09-27T12:17:45.612,28,0,0
259,204,153.724,2026-09-27T12:20:19.336,28,0,0
259,205,160.019,2026-09-27T12:22:59.355,27,0,0
259,206,373.984,2026-09-27T12:29:13.339,28,1,0
259,207,191.983,2026-09-27T12:32:25.322,28,0,0
259,208,154.754,2026-09-27T12:35:00.076,28,0,0
259,209,155.325,2026-09-27T12:37:35.401,28,0,0
259,210,162.394,2026-09-27T12:40:17.795,28,0,0
259,211,151.431,2026-09-27T12:42:49.226,28,0,0
259,212,168.197,2026-09-27T12:45:37.423,28,0,0
259,213,157.241,2026-09-27T12:48:14.664,28,0,0
259,214,150.951,2026-09-27T12:50:45.615,28,0,0
259,215,156.109,2026-09-27T12:53:21.724,27,0,0
259,216,153.617,2026-09-27T12:55:55.341,27,0,0
259,217,160.296,2026-09-27T12:58:35.637,26,0,0
259,218,155.177,2026-09-27T13:01:10.814,26,0,0
259,219,146.419,2026-09-27T13:03:37.233,26,0,0
259,220,154.158,2026-09-27T13:06:11.391,26,0,0
259,221,154.918,2026-09-27T13:08:46.309,26,0,0
259,222,156.013,2026-09-27T13:11:22.322,26,0,0
259,223,146.283,2026-09-27T13:13:48.605,26,0,0
259,224,146.61,2026-09-27T13:16:15.215,26,0,0
259,225,155.427,2026-09-27T13:18:50.642,26,0,0
259,226,155.503,2026-09-27T13:21:26.145,26,0,0
259,227,151.435,2026-09-27T13:23:57.58,26,0,0
259,228,158.382,2026-09-27T13:26:35.962,26,0,0
259,229,151.348,2026-09-27T13:29:07.31,26,0,0
259,230,155.04,2026-09-27T13:31:42.35,26,0,0
259,231,148.93,2026-09-27T13:34:11.28,26,0,0
259,232,151.008,2026-09-27T13:36:42.288,26,0,0
259,233,153.66,2026-09-27T13:39:15.948,26,0,0
259,234,152.494,2026-09-27T13:41:48.442,26,0,0
259,235,161.443,2026-09-27T13:44:29.885,26,0,0
259,236,153.884,2026-09-27T13:47:03.769,26,0,0
259,237,152.989,2026-09-27T13:49:36.758,26,0,0
259,238,153.037,2026-09-27T13:52:09.795,26,0,0
259,239,341.355,2026-09-27T13:57:51.15,26,1,0
259,240,171.585,2026-09-27T14:00:42.735,26,0,0
259,241,145.247,2026-09-27T14:03:07.982,26,0,0
259,242,144.382,2026-09-27T14:05:32.364,25,0,0
259,243,145.792,2026-09-27T14:07:58.156,25,0,0
259,244,1948.38,2026-09-27T14:40:26.536,28,0,0
259,245,146.005,2026-09-27T14:42:52.541,28,0,0
259,246,142.66,2026-09-27T14:45:15.201,28,0,0
259,247,145.449,2026-09-27T14:47:40.65,29,0,0
259,248,156.306,2026-09-27T14:50:16.956,29,0,0
259,249,170.218,2026-09-27T14:53:07.174,29,1,0
259,250,429.352,2026-09-27T15:00:16.526,30,0,0
259,251,151.559,2026-09-27T15:02:48.085,30,0,0
259,252,145.074,2026-09-27T15:05:13.159,30,0,0
259,253,144.85,2026-09-27T15:07:38.009,30,0,0
259,254,143.503,2026-09-27T15:10:01.512,30,0,0
259,255,152.083,2026-09-27T15:12:33.595,30,0,0
259,256,158.671,2026-09-27T15:15:12.266,30,0,0
259,257,152.53,2026-09-27T15:17:44.796,30,0,0
259,258,153.07,2026-09-27T15:20:17.866,29,0,0
259,259,152.972,2026-09-27T15:22:50.838,29,0,0
259,260,142.434,2026-09-27T15:25:13.272,29,0,0
259,261,146.434,2026-09-27T15:27:39.706,29,0,0
259,262,146.209,2026-09-27T15:30:05.915,29,0,0
104,1,194.285,2026-09-26T10:05:22.525,19,0,0
104,2,183.894,2026-09-26T10:08:26.419,21,0,0
104,3,179.368,2026-09-26T10:11:25.787,25,0,0
104,4,187.395,2026-09-26T10:14:33.182,26,0,0
104,5,167.93,2026-09-26T10:17:21.112,21,0,0
104,6,174.067,2026-09-26T10:20:15.179,23,0,0
104,7,184.992,2026-09-26T10:23:20.171,23,0,0
104,8,168.278,2026-09-26T10:26:08.449,26,0,0
104,9,167.555,2026-09-26T10:28:56.004,27,0,0
104,10,155.565,2026-09-26T10:31:31.569,27,0,0
104,11,156.752,2026-09-26T10:34:08.321,26,0,0
104,12,168.554,2026-09-26T10:36:56.875,25,0,0
104,13,159.081,2026-09-26T10:39:35.956,25,0,0
104,14,173.758,2026-09-26T10:42:29.714,25,0,0
104,15,165.454,2026-09-26T10:45:15.168,25,0,0
104,16,868.536,2026-09-26T10:59:43.704,67,0,0
104,17,163.554,2026-09-26T11:02:27.258,65,0,0
104,18,159.351,2026-09-26T11:05:06.609,65,0,0
104,19,162.972,2026-09-26T11:07:49.581,62,0,0
104,20,161.743,2026-09-26T11:10:31.324,61,0,0
104,21,156.67,2026-09-26T11:13:07.994,60,0,0
104,22,158.391,2026-09-26T11:15:46.385,59,0,0
104,23,164.989,2026-09-26T11:18:31.374,55,0,0
104,24,171.922,2026-09-26T11:21:23.296,53,0,0
104,25,162.83,2026-09-26T11:24:06.126,52,0,0
104,26,163.884,2026-09-26T11:26:50.01,50,0,0
104,27,158.913,2026-09-26T11:29:28.923,49,0,0
104,28,157.62,2026-09-26T11:32:06.543,50,0,0
104,29,178.77,2026-09-26T11:35:05.313,49,0,0
104,30,171.12,2026-09-26T11:37:56.433,47,0,0
104,31,166.146,2026-09-26T11:40:42.579,46,0,0
104,32,177.716,2026-09-26T11:43:40.295,46,1,0
104,33,808.324,2026-09-26T11:57:08.619,59,0,0
104,34,157.29,2026-09-26T11:59:45.909,58,0,0
104,35,153.545,2026-09-26T12:02:19.454,56,0,0
104,36,167.248,2026-09-26T12:05:06.702,55,0,0
104,37,157.116,2026-09-26T12:07:43.818,54,0,0
104,38,161.082,2026-09-26T12:10:24.9,52,0,0
104,39,153.946,2026-09-26T12:12:58.846,52,0,0
104,40,153.467,2026-09-26T12:15:32.313,51,0,0
104,41,159.153,2026-09-26T12:18:11.466,49,0,0
104,42,174.8,2026-09-26T12:21:06.266,48,0,0
104,43,160.009,2026-09-26T12:23:46.275,46,0,0
104,44,160.803,2026-09-26T12:26:27.078,46,0,0
104,45,164.313,2026-09-26T12:29:11.391,45,0,0
104,46,160.883,2026-09-26T12:31:52.274,43,0,0
104,47,151.803,2026-09-26T12:34:24.077,43,0,0
104,48,159.703,2026-09-26T12:37:03.78,44,0,0
104,49,155.117,2026-09-26T12:39:38.897,44,0,0
104,50,175.721,2026-09-26T12:42:34.618,43,0,0
104,51,171.64,2026-09-26T12:45:26.258,40,0,0
104,52,159.413,2026-09-26T12:48:05.671,40,0,0
104,53,157.055,2026-09-26T12:50:42.726,40,0,0
104,54,167.989,2026-09-26T12:53:30.715,39,0,0
104,55,163.937,2026-09-26T12:56:14.652,39,0,0
104,56,172.074,2026-09-26T12:59:06.726,39,0,0
104,57,177.211,2026-09-26T13:02:03.937,39,1,0
104,58,1012.962,2026-09-26T13:18:56.899,49,0,0
104,59,159.413,2026-09-26T13:21:36.312,49,0,0
104,60,159.638,2026-09-26T13:24:15.95,49,0,0
104,61,159.401,2026-09-26T13:26:55.351,48,0,0
104,62,161.757,2026-09-26T13:29:37.108,48,0,0
104,63,176.313,2026-09-26T13:32:33.421,48,0,0
104,64,164.206,2026-09-26T13:35:17.627,48,0,0
104,65,167.319,2026-09-26T13:38:04.946,48,0,0
104,66,167.18,2026-09-26T13:40:52.126,48,0,0
104,67,175.079,2026-09-26T13:43:47.205,48,0,0
104,68,169.737,2026-09-26T13:46:36.942,47,0,0
104,69,179.926,2026-09-26T13:49:36.868,47,0,0
104,70,177.639,2026-09-26T13:52:34.507,46,0,0
104,71,174.024,2026-09-26T13:55:28.531,44,0,0
104,72,157.906,2026-09-26T13:58:06.437,43,0,0
104,73,162.361,2026-09-26T14:00:48.798,41,0,0
104,74,206.409,2026-09-26T14:04:15.207,40,0,0
104,75,235.474,2026-09-26T14:08:10.681,39,1,0
104,76,1023.862,2026-09-26T14:25:14.543,45,0,0
104,77,165.931,2026-09-26T14:28:00.474,44,0,0
104,78,163.218,2026-09-26T14:30:43.692,44,0,0
104,79,164.285,2026-09-26T14:33:27.977,44,0,0
104,80,166.242,2026-09-26T14:36:14.219,44,0,0
104,81,159.62,2026-09-26T14:38:53.839,44,0,0
104,82,162.31,2026-09-26T14:41:36.149,43,0,0
104,83,151.772,2026-09-26T14:44:07.921,43,0,0
104,84,157.677,2026-09-26T14:46:45.598,43,0,0
104,85,167.527,2026-09-26T14:49:33.125,43,0,0
104,86,178.868,2026-09-26T14:52:31.993,42,0,0
104,87,174.786,2026-09-26T14:55:26.779,41,0,0
104,88,167.073,2026-09-26T14:58:13.852,41,0,0
104,89,172.257,2026-09-26T15:01:06.109,41,0,0
104,90,164.68,2026-09-26T15:03:50.789,40,0,0
104,91,171.8,2026-09-26T15:06:42.589,40,0,0
104,92,171.351,2026-09-26T15:09:33.94,40,0,0
104,93,182.745,2026-09-26T15:12:36.685,40,0,0
104,94,178.592,2026-09-26T15:15:35.277,40,0,0
104,95,174.526,2026-09-26T15:18:29.803,40,0,0
104,96,167.528,2026-09-26T15:21:17.331,40,0,0
104,97,160.897,2026-09-26T15:23:58.228,40,0,0
104,98,165.934,2026-09-26T15:26:44.162,40,0,0
104,99,216.282,2026-09-26T15:30:20.444,40,1,0
104,100,893.792,2026-09-26T15:45:14.236,41,0,0
104,101,161.593,2026-09-26T15:47:55.829,41,0,0
104,102,156.009,2026-09-26T15:50:31.838,41,0,0
104,103,181.651,2026-09-26T15:53:33.489,41,0,0
104,104,165.326,2026-09-26T15:56:18.815,41,0,1
104,105,278.257,2026-09-26T16:00:57.072,41,0,1
104,106,233.354,2026-09-26T16:04:50.426,41,0,1
104,107,240.79,2026-09-26T16:08:51.216,41,1,1
104,108,335.496,2026-09-26T16:14:26.712,41,0,1
104,109,222.839,2026-09-26T16:18:09.551,41,0,0
104,110,168.073,2026-09-26T16:20:57.624,40,0,0
104,111,171.008,2026-09-26T16:23:48.632,40,1,0
104,112,502.492,2026-09-26T16:32:11.124,41,0,0
104,113,163.385,2026-09-26T16:34:54.509,40,0,0
104,114,162.984,2026-09-26T16:37:37.493,40,0,0
104,115,174.805,2026-09-26T16:40:32.298,40,0,0
104,116,169.281,2026-09-26T16:43:21.579,40,0,0
104,117,162.684,2026-09-26T16:46:04.263,39,0,0
104,118,160.742,2026-09-26T16:48:45.005,39,0,0
104,119,158.736,2026-09-26T16:51:23.741,39,0,0
104,120,165.22,2026-09-26T16:54:08.961,38,0,0
104,121,161.598,2026-09-26T16:56:50.559,38,0,0
104,122,161.518,2026-09-26T16:59:32.077,38,0,0
104,123,158.464,2026-09-26T17:02:10.541,38,0,0
104,124,154.296,2026-09-26T17:04:44.837,37,0,0
104,125,159.735,2026-09-26T17:07:24.572,37,0,0
104,126,262.209,2026-09-26T17:11:46.781,37,1,0
104,127,977.653,2026-09-26T17:28:04.434,38,0,0
104,128,165.635,2026-09-26T17:30:50.069,37,0,0
104,129,169.452,2026-09-26T17:33:39.521,37,0,0
104,130,162.525,2026-09-26T17:36:22.046,36,0,0
104,131,163.918,2026-09-26T17:39:05.964,36,0,0
104,132,167.297,2026-09-26T17:41:53.261,36,0,0
104,133,170.254,2026-09-26T17:44:43.515,36,0,0
104,134,165.255,2026-09-26T17:47:28.77,36,0,0
104,135,169.621,2026-09-26T17:50:18.391,36,0,1
104,136,199.461,2026-09-26T17:53:37.852,36,0,1
104,137,221.409,2026-09-26T17:57:19.261,36,0,1
104,138,302.322,2026-09-26T18:02:21.583,36,0,1
104,139,53736.697,2026-09-27T08:57:58.28,36,0,0
104,140,174.649,2026-09-27T09:00:52.929,35,0,0
104,141,168.014,2026-09-27T09:03:40.943,35,0,0
104,142,164.468,2026-09-27T09:06:25.411,35,0,0
104,143,160.177,2026-09-27T09:09:05.588,35,0,0
104,144,154.831,2026-09-27T09:11:40.419,35,0,0
104,145,157.21,2026-09-27T09:14:17.629,35,0,0
104,146,160.878,2026-09-27T09:16:58.507,35,0,0
104,147,164.283,2026-09-27T09:19:42.79,35,0,0
104,148,178.244,2026-09-27T09:22:41.034,35,0,0
104,149,160.907,2026-09-27T09:25:21.941,35,0,0
104,150,175.634,2026-09-27T09:28:17.575,35,0,0
104,151,160.043,2026-09-27T09:30:57.618,35,0,0
104,152,162.161,2026-09-27T09:33:39.779,35,0,0
104,153,168.525,2026-09-27T09:36:28.304,35,0,0
104,154,168.005,2026-09-27T09:39:16.309,35,0,0
104,155,161.632,2026-09-27T09:41:57.941,35,0,0
104,156,165.79,2026-09-27T09:44:43.731,35,0,0
104,157,163.476,2026-09-27T09:47:27.207,35,0,0
104,158,174.879,2026-09-27T09:50:22.086,35,0,0
104,159,156.475,2026-09-27T09:52:58.561,35,0,0
104,160,158.038,2026-09-27T09:55:36.599,35,0,0
104,161,158.72,2026-09-27T09:58:15.319,34,0,0
104,162,155.357,2026-09-27T10:00:50.676,34,0,0
104,163,162.117,2026-09-27T10:03:32.793,34,0,0
104,164,166.434,2026-09-27T10:06:19.227,34,0,0
104,165,160.06,2026-09-27T10:08:59.287,33,0,0
104,166,163.696,2026-09-27T10:11:42.983,34,0,0
104,167,160.834,2026-09-27T10:14:23.817,34,0,0
104,168,160.186,2026-09-27T10:17:04.003,34,0,0
104,169,157.834,2026-09-27T10:19:41.837,34,0,0
104,170,164.372,2026-09-27T10:22:26.209,34,0,0
104,171,1170.019,2026-09-27T10:41:56.228,33,0,1
104,172,223.565,2026-09-27T10:45:39.793,33,1,0
104,173,999.935,2026-09-27T11:02:19.728,34,0,0
104,174,184.406,2026-09-27T11:05:24.134,34,0,0
104,175,181.366,2026-09-27T11:08:25.5,34,0,0
104,176,181.145,2026-09-27T11:11:26.645,34,0,0
104,177,174.148,2026-09-27T11:14:20.793,34,0,0
104,178,170.201,2026-09-27T11:17:10.994,32,0,0
104,179,171.144,2026-09-27T11:20:02.138,31,0,0
104,180,171.172,2026-09-27T11:22:53.31,31,0,0
104,181,175.289,2026-09-27T11:25:48.599,31,0,0
104,182,167.219,2026-09-27T11:28:35.818,31,0,0
104,183,168.291,2026-09-27T11:31:24.109,31,0,0
104,184,178.07,2026-09-27T11:34:22.179,31,0,0
104,185,169.667,2026-09-27T11:37:11.846,31,0,0
104,186,162.579,2026-09-27T11:39:54.425,31,0,0
104,187,167.624,2026-09-27T11:42:42.049,31,0,0
104,188,166.494,2026-09-27T11:45:28.543,31,0,0
104,189,161.935,2026-09-27T11:48:10.478,31,0,0
104,190,157.71,2026-09-27T11:50:48.188,31,0,0
104,191,166.542,2026-09-27T11:53:34.73,30,0,0
104,192,164.382,2026-09-27T11:56:19.112,30,0,0
104,193,173.116,2026-09-27T11:59:12.228,30,0,0
104,194,158.086,2026-09-27T12:01:50.314,30,0,0
104,195,161.995,2026-09-27T12:04:32.309,30,0,0
104,196,196.044,2026-09-27T12:07:48.353,30,1,0
104,197,333.5,2026-09-27T12:13:21.853,29,0,0
104,198,163.146,2026-09-27T12:16:04.999,29,0,0
104,199,168.866,2026-09-27T12:18:53.865,29,0,0
104,200,165.096,2026-09-27T12:21:38.961,29,0,0
104,201,171.334,2026-09-27T12:24:30.295,29,0,0
104,202,167.964,2026-09-27T12:27:18.259,29,0,0
104,203,159.987,2026-09-27T12:29:58.246,29,0,0
104,204,158.949,2026-09-27T12:32:37.195,29,0,0
104,205,155.33,2026-09-27T12:35:12.525,29,0,0
104,206,163.961,2026-09-27T12:37:56.486,29,0,0
104,207,158.644,2026-09-27T12:40:35.13,29,0,0
104,208,165.928,2026-09-27T12:43:21.058,29,0,0
104,209,185.887,2026-09-27T12:46:26.945,29,1,0
104,210,768.667,2026-09-27T12:59:15.612,31,0,0
104,211,159.751,2026-09-27T13:01:55.363,31,0,0
104,212,205.972,2026-09-27T13:05:21.335,31,1,0
104,213,455.835,2026-09-27T13:12:57.17,31,0,0
104,214,168.258,2026-09-27T13:15:45.428,31,0,0
104,215,169.628,2026-09-27T13:18:35.056,31,0,0
104,216,161.594,2026-09-27T13:21:16.65,31,0,0
104,217,163.297,2026-09-27T13:23:59.947,30,0,0
104,218,165.731,2026-09-27T13:26:45.678,30,0,0
104,219,164.98,2026-09-27T13:29:30.658,29,0,0
104,220,155.577,2026-09-27T13:32:06.235,29,0,0
104,221,160.201,2026-09-27T13:34:46.436,29,0,0
104,222,158.806,2026-09-27T13:37:25.242,29,0,0
104,223,156.121,2026-09-27T13:40:01.363,29,0,0
104,224,156.72,2026-09-27T13:42:38.083,30,0,0
104,225,157.997,2026-09-27T13:45:16.08,30,0,0
104,226,159.929,2026-09-27T13:47:56.009,30,0,0
104,227,161.99,2026-09-27T13:50:37.999,30,0,0
104,228,159.903,2026-09-27T13:53:17.902,30,0,0
104,229,155.791,2026-09-27T13:55:53.693,30,0,0
104,230,157.708,2026-09-27T13:58:31.401,30,0,0
104,231,156.444,2026-09-27T14:01:07.845,30,0,0
104,232,155.924,2026-09-27T14:03:43.769,30,0,0
104,233,156.622,2026-09-27T14:06:20.391,30,0,0
104,234,155.918,2026-09-27T14:08:56.309,30,0,0
104,235,156.487,2026-09-27T14:11:32.796,30,0,0
104,236,156.697,2026-09-27T14:14:09.493,30,0,0
104,237,159.001,2026-09-27T14:16:48.494,30,0,0
104,238,176.581,2026-09-27T14:19:45.075,29,1,0
104,239,653.686,2026-09-27T14:30:38.761,31,0,0
104,240,164.155,2026-09-27T14:33:22.916,31,0,0
104,241,163.937,2026-09-27T14:36:06.853,31,0,0
104,242,161.865,2026-09-27T14:38:48.718,31,0,0
104,243,162.638,2026-09-27T14:41:31.356,31,0,0
104,244,163.986,2026-09-27T14:44:15.342,31,0,0
104,245,158.759,2026-09-27T14:46:54.101,31,0,0
104,246,160.429,2026-09-27T14:49:34.53,31,0,0
104,247,173.336,2026-09-27T14:52:27.866,31,0,0
104,248,167.352,2026-09-27T14:55:15.218,31,0,0
104,249,167.836,2026-09-27T14:58:03.054,31,0,0
104,250,180.357,2026-09-27T15:01:03.411,31,0,0
104,251,170.391,2026-09-27T15:03:53.802,31,0,0
104,252,166.982,2026-09-27T15:06:40.784,31,0,0
104,253,161.298,2026-09-27T15:09:22.082,31,0,0
104,254,161.09,2026-09-27T15:12:03.172,31,0,0
104,255,166.504,2026-09-27T15:14:49.676,31,0,0
104,256,162.761,2026-09-27T15:17:32.437,31,0,0
104,257,162.237,2026-09-27T15:20:14.674,31,0,0
104,258,165.615,2026-09-27T15:23:00.289,30,0,0
104,259,162.116,2026-09-27T15:25:42.405,30,0,0
104,260,163.408,2026-09-27T15:28:25.813,30,0,0
104,261,166.861,2026-09-27T15:31:12.674,30,0,0
26,1,189.792,2026-09-26T10:05:44.064,38,0,0
26,2,205.112,2026-09-26T10:09:09.176,36,0,0
26,3,203.001,2026-09-26T10:12:32.177,40,0,0
26,4,175.724,2026-09-26T10:15:27.901,39,0,0
26,5,199.321,2026-09-26T10:18:47.222,38,0,0
26,6,184.511,2026-09-26T10:21:51.733,43,0,0
26,7,174.02,2026-09-26T10:24:45.753,45,0,0
26,8,165.1,2026-09-26T10:27:30.853,44,0,0
26,9,170.332,2026-09-26T10:30:21.185,45,0,0
26,10,160.27,2026-09-26T10:33:01.455,44,0,0
26,11,162.674,2026-09-26T10:35:44.129,43,0,0
26,12,177.486,2026-09-26T10:38:41.615,42,0,0
26,13,166.42,2026-09-26T10:41:28.035,42,0,0
26,14,171.283,2026-09-26T10:44:19.318,40,0,0
26,15,165.275,2026-09-26T10:47:04.593,39,0,0
26,16,157.242,2026-09-26T10:49:41.835,38,0,0
26,17,164.533,2026-09-26T10:52:26.368,38,0,0
26,18,191.118,2026-09-26T10:55:37.486,40,1,0
26,19,864.548,2026-09-26T11:10:02.034,68,1,0
26,20,223.401,2026-09-26T11:13:45.435,69,0,0
26,21,154.139,2026-09-26T11:16:19.574,69,0,0
26,22,159.394,2026-09-26T11:18:58.968,67,0,0
26,23,170.376,2026-09-26T11:21:49.344,62,0,0
26,24,153.578,2026-09-26T11:24:22.922,60,0,0
26,25,153.557,2026-09-26T11:26:56.479,58,0,0
26,26,153.723,2026-09-26T11:29:30.202,56,0,0
26,27,150.085,2026-09-26T11:32:00.287,56,0,0
26,28,167.797,2026-09-26T11:34:48.084,54,0,0
26,29,158.119,2026-09-26T11:37:26.203,52,0,0
26,30,162.451,2026-09-26T11:40:08.654,51,0,0
26,31,157.527,2026-09-26T11:42:46.181,50,0,0
26,32,152.238,2026-09-26T11:45:18.419,51,0,0
26,33,163.901,2026-09-26T11:48:02.32,48,0,0
26,34,152.582,2026-09-26T11:50:34.902,46,0,0
26,35,146.521,2026-09-26T11:53:01.423,45,0,0
26,36,148.114,2026-09-26T11:55:29.537,45,0,0
26,37,151.282,2026-09-26T11:58:00.819,43,0,0
26,38,147.607,2026-09-26T12:00:28.426,40,0,0
26,39,147.973,2026-09-26T12:02:56.399,37,0,0
26,40,143.82,2026-09-26T12:05:20.219,36,0,0
26,41,164.453,2026-09-26T12:08:04.672,33,0,0
26,42,152.343,2026-09-26T12:10:37.015,32,0,0
26,43,152.486,2026-09-26T12:13:09.501,31,0,0
26,44,464.781,2026-09-26T12:20:54.282,35,1,0
26,45,208.264,2026-09-26T12:24:22.546,37,0,0
26,46,149.773,2026-09-26T12:26:52.319,36,0,0
26,47,160.031,2026-09-26T12:29:32.35,36,0,0
26,48,157.286,2026-09-26T12:32:09.636,36,0,0
26,49,151.493,2026-09-26T12:34:41.129,35,0,0
26,50,149.039,2026-09-26T12:37:10.168,34,0,0
26,51,153.437,2026-09-26T12:39:43.605,33,0,0
26,52,173.871,2026-09-26T12:42:37.476,33,0,0
26,53,168.445,2026-09-26T12:45:25.921,33,0,0
26,54,158.156,2026-09-26T12:48:04.077,32,0,0
26,55,156.614,2026-09-26T12:50:40.691,32,0,0
26,56,160.682,2026-09-26T12:53:21.373,32,0,0
26,57,155.54,2026-09-26T12:55:56.913,32,0,0
26,58,149.341,2026-09-26T12:58:26.254,30,0,0
26,59,153.227,2026-09-26T13:00:59.481,30,0,0
26,60,150.921,2026-09-26T13:03:30.402,30,0,0
26,61,154.063,2026-09-26T13:06:04.465,29,0,0
26,62,161.386,2026-09-26T13:08:45.851,29,0,0
26,63,151.095,2026-09-26T13:11:16.946,29,0,0
26,64,155.008,2026-09-26T13:13:51.954,29,0,0
26,65,157.002,2026-09-26T13:16:28.956,29,0,0
26,66,157.868,2026-09-26T13:19:06.824,29,0,0
26,67,154.806,2026-09-26T13:21:41.63,29,0,0
26,68,151.421,2026-09-26T13:24:13.051,29,0,0
26,69,151.636,2026-09-26T13:26:44.687,29,0,0
26,70,178.485,2026-09-26T13:29:43.172,28,1,0
26,71,1181.614,2026-09-26T13:49:24.786,37,1,0
26,72,224.289,2026-09-26T13:53:09.075,38,0,0
26,73,168.734,2026-09-26T13:55:57.809,38,0,0
26,74,167.229,2026-09-26T13:58:45.038,35,0,0
26,75,165.923,2026-09-26T14:01:30.961,34,0,0
26,76,165.977,2026-09-26T14:04:16.938,33,0,0
26,77,161.629,2026-09-26T14:06:58.567,33,0,0
26,78,171.249,2026-09-26T14:09:49.816,32,0,0
26,79,161.089,2026-09-26T14:12:30.905,32,0,0
26,80,157.771,2026-09-26T14:15:08.676,32,0,0
26,81,163.444,2026-09-26T14:17:52.12,32,0,0
26,82,156.648,2026-09-26T14:20:28.768,31,0,0
26,83,160.178,2026-09-26T14:23:08.946,31,0,0
26,84,157.257,2026-09-26T14:25:46.203,31,0,0
26,85,156.099,2026-09-26T14:28:22.302,31,0,0
26,86,157.133,2026-09-26T14:30:59.435,30,0,0
26,87,162.748,2026-09-26T14:33:42.183,30,0,0
26,88,192.196,2026-09-26T14:36:54.379,31,1,0
26,89,563.922,2026-09-26T14:46:18.301,32,0,0
26,90,165.554,2026-09-26T14:49:03.855,32,0,0
26,91,175.473,2026-09-26T14:51:59.328,32,0,0
26,92,174.207,2026-09-26T14:54:53.535,32,0,0
26,93,936.056,2026-09-26T15:10:29.591,39,1,0
26,94,250.476,2026-09-26T15:14:40.067,39,0,0
26,95,175.358,2026-09-26T15:17:35.425,39,0,0
26,96,163.275,2026-09-26T15:20:18.7,39,0,0
26,97,163.472,2026-09-26T15:23:02.172,39,0,0
26,98,166.114,2026-09-26T15:25:48.286,39,0,0
26,99,163.924,2026-09-26T15:28:32.21,38,0,0
26,100,170.021,2026-09-26T15:31:22.231,37,0,0
26,101,214.615,2026-09-26T15:34:56.846,37,0,0
26,102,160.608,2026-09-26T15:37:37.454,36,0,0
26,103,184.977,2026-09-26T15:40:42.431,36,1,0
26,104,350.237,2026-09-26T15:46:32.668,39,0,0
26,105,174.309,2026-09-26T15:49:26.977,38,0,0
26,106,169.191,2026-09-26T15:52:16.168,38,0,0
26,107,169.825,2026-09-26T15:55:05.993,37,0,0
26,108,171.748,2026-09-26T15:57:57.741,37,0,1
26,109,256.366,2026-09-26T16:02:14.107,37,0,1
26,110,230.535,2026-09-26T16:06:04.642,36,0,1
26,111,239.92,2026-09-26T16:10:04.562,36,0,1
26,112,307.812,2026-09-26T16:15:12.374,37,1,1
26,113,255.056,2026-09-26T16:19:27.43,35,0,0
26,114,155.9,2026-09-26T16:22:03.33,35,0,0
26,115,192.485,2026-09-26T16:25:15.815,34,1,0
26,116,953.656,2026-09-26T16:41:09.471,39,0,0
26,117,578.457,2026-09-26T16:50:47.928,40,1,0
26,118,216.672,2026-09-26T16:54:24.6,40,0,0
26,119,167.324,2026-09-26T16:57:11.924,40,0,0
26,120,163.801,2026-09-26T16:59:55.725,39,0,0
26,121,163.201,2026-09-26T17:02:38.926,39,0,0
26,122,170.202,2026-09-26T17:05:29.128,39,0,0
26,123,175.766,2026-09-26T17:08:24.894,39,0,0
26,124,190.329,2026-09-26T17:11:35.223,38,0,0
26,125,168.98,2026-09-26T17:14:24.203,38,0,0
26,126,172.153,2026-09-26T17:17:16.356,38,0,0
26,127,166.264,2026-09-26T17:20:02.62,37,0,0
26,128,161.892,2026-09-26T17:22:44.512,36,0,0
26,129,166.963,2026-09-26T17:25:31.475,36,0,0
26,130,164.434,2026-09-26T17:28:15.909,35,0,0
26,131,158.101,2026-09-26T17:30:54.01,35,0,0
26,132,165.794,2026-09-26T17:33:39.804,35,0,0
26,133,159.691,2026-09-26T17:36:19.495,35,0,0
26,134,165.775,2026-09-26T17:39:05.27,35,0,0
26,135,164.714,2026-09-26T17:41:49.984,35,0,0
26,136,168.427,2026-09-26T17:44:38.411,35,0,0
26,137,160.777,2026-09-26T17:47:19.188,35,0,0
26,138,169.158,2026-09-26T17:50:08.346,34,0,1
26,139,191.028,2026-09-26T17:53:19.374,34,0,1
26,140,232.384,2026-09-26T17:57:11.758,34,0,1
26,141,300.679,2026-09-26T18:02:12.437,34,0,1
26,142,53760.746,2026-09-27T08:58:13.183,34,0,0
26,143,196.141,2026-09-27T09:01:29.324,34,0,0
26,144,173.774,2026-09-27T09:04:23.098,34,0,0
26,145,174.251,2026-09-27T09:07:17.349,34,0,0
26,146,167.36,2026-09-27T09:10:04.709,34,0,0
26,147,170.602,2026-09-27T09:12:55.311,34,0,0
26,148,170.793,2026-09-27T09:15:46.104,34,0,0
26,149,166.096,2026-09-27T09:18:32.2,34,0,0
26,150,173.334,2026-09-27T09:21:25.534,34,0,0
26,151,187.54,2026-09-27T09:24:33.074,34,0,0
26,152,164.265,2026-09-27T09:27:17.339,34,0,0
26,153,164.704,2026-09-27T09:30:02.043,34,0,0
26,154,159.5,2026-09-27T09:32:41.543,34,0,0
26,155,161.624,2026-09-27T09:35:23.167,34,0,0
26,156,162.576,2026-09-27T09:38:05.743,34,0,0
26,157,160.652,2026-09-27T09:40:46.395,34,0,0
26,158,171.12,2026-09-27T09:43:37.515,34,0,0
26,159,165.167,2026-09-27T09:46:22.682,34,0,0
26,160,164.773,2026-09-27T09:49:07.455,34,0,0
26,161,555.815,2026-09-27T09:58:23.27,35,1,0
26,162,187.104,2026-09-27T10:01:30.374,35,0,0
26,163,155.316,2026-09-27T10:04:05.69,35,0,0
26,164,153.602,2026-09-27T10:06:39.292,35,0,0
26,165,147.652,2026-09-27T10:09:06.944,34,0,0
26,166,154.895,2026-09-27T10:11:41.839,33,0,0
26,167,153.197,2026-09-27T10:14:15.036,33,0,0
26,168,152.708,2026-09-27T10:16:47.744,33,0,0
26,169,156.088,2026-09-27T10:19:23.832,33,0,0
26,170,158.443,2026-09-27T10:22:02.275,33,0,0
26,171,154.559,2026-09-27T10:24:36.834,32,0,0
26,172,1191.308,2026-09-27T10:44:28.142,32,0,0
26,173,151.619,2026-09-27T10:46:59.761,31,0,0
26,174,156.102,2026-09-27T10:49:35.863,31,0,0
26,175,156.063,2026-09-27T10:52:11.926,31,0,0
26,176,176.716,2026-09-27T10:55:08.642,30,1,0
26,177,1132.213,2026-09-27T11:14:00.855,33,1,0
26,178,231.908,2026-09-27T11:17:52.763,33,0,0
26,179,157.455,2026-09-27T11:20:30.218,32,0,0
26,180,156.98,2026-09-27T11:23:07.198,32,0,0
26,181,160.914,2026-09-27T11:25:48.112,30,0,0
26,182,157.269,2026-09-27T11:28:25.381,30,0,0
26,183,157.79,2026-09-27T11:31:03.171,30,0,0
26,184,168.448,2026-09-27T11:33:51.619,30,0,0
26,185,167.381,2026-09-27T11:36:39,30,0,0
26,186,162.708,2026-09-27T11:39:21.708,30,0,0
26,187,156.886,2026-09-27T11:41:58.594,30,0,0
26,188,152.633,2026-09-27T11:44:31.227,30,0,0
26,189,159.403,2026-09-27T11:47:10.63,30,0,0
26,190,157.634,2026-09-27T11:49:48.264,30,0,0
26,191,154.916,2026-09-27T11:52:23.18,29,0,0
26,192,155.738,2026-09-27T11:54:58.918,29,0,0
26,193,154.249,2026-09-27T11:57:33.167,29,0,0
26,194,155.202,2026-09-27T12:00:08.369,29,0,0
26,195,163.734,2026-09-27T12:02:52.103,29,0,0
26,196,157.743,2026-09-27T12:05:29.846,29,0,0
26,197,617.854,2026-09-27T12:15:47.7,30,1,0
26,198,232.831,2026-09-27T12:19:40.531,31,0,0
26,199,182.724,2026-09-27T12:22:43.255,31,0,0
26,200,173.505,2026-09-27T12:25:36.76,31,0,0
26,201,174.779,2026-09-27T12:28:31.539,31,0,0
26,202,171.919,2026-09-27T12:31:23.458,31,0,0
26,203,167.532,2026-09-27T12:34:10.99,31,0,0
26,204,171.15,2026-09-27T12:37:02.14,30,0,0
26,205,168.078,2026-09-27T12:39:50.218,30,0,0
26,206,171.969,2026-09-27T12:42:42.187,30,0,0
26,207,174.837,2026-09-27T12:45:37.024,30,0,0
26,208,169.295,2026-09-27T12:48:26.319,30,0,0
26,209,171.227,2026-09-27T12:51:17.546,30,0,0
26,210,166.071,2026-09-27T12:54:03.617,29,0,0
26,211,162.233,2026-09-27T12:56:45.85,29,0,0
26,212,166.493,2026-09-27T12:59:32.343,29,0,0
26,213,161.25,2026-09-27T13:02:13.593,29,0,0
26,214,173.114,2026-09-27T13:05:06.707,29,0,0
26,215,164.846,2026-09-27T13:07:51.553,29,0,0
26,216,186.957,2026-09-27T13:10:58.51,29,1,0
26,217,877.809,2026-09-27T13:25:36.319,33,1,0
26,218,199.354,2026-09-27T13:28:55.673,33,0,0
26,219,155.441,2026-09-27T13:31:31.114,32,0,0
26,220,156.59,2026-09-27T13:34:07.704,32,0,0
26,221,153.705,2026-09-27T13:36:41.409,32,0,0
26,222,152.804,2026-09-27T13:39:14.213,32,0,0
26,223,154.088,2026-09-27T13:41:48.301,32,0,0
26,224,159.404,2026-09-27T13:44:27.705,32,0,0
26,225,153.883,2026-09-27T13:47:01.588,32,0,0
26,226,154.603,2026-09-27T13:49:36.191,32,0,0
26,227,151.705,2026-09-27T13:52:07.896,32,0,0
26,228,152.475,2026-09-27T13:54:40.371,32,0,0
26,229,153.845,2026-09-27T13:57:14.216,32,0,0
26,230,154.628,2026-09-27T13:59:48.844,32,0,0
26,231,154.111,2026-09-27T14:02:22.955,32,0,0
26,232,149.924,2026-09-27T14:04:52.879,32,0,0
26,233,151.872,2026-09-27T14:07:24.751,32,0,0
26,234,151.424,2026-09-27T14:09:56.175,31,0,0
26,235,158.103,2026-09-27T14:12:34.278,31,0,0
26,236,156.763,2026-09-27T14:15:11.041,31,0,0
26,237,245.559,2026-09-27T14:19:16.6,31,1,0
26,238,1047.737,2026-09-27T14:36:44.337,33,0,0
26,239,170.59,2026-09-27T14:39:34.927,33,0,0
26,240,166.983,2026-09-27T14:42:21.91,33,0,0
26,241,167.826,2026-09-27T14:45:09.736,33,0,0
26,242,163.559,2026-09-27T14:47:53.295,33,0,0
26,243,162.012,2026-09-27T14:50:35.307,33,0,0
26,244,169.175,2026-09-27T14:53:24.482,33,0,0
26,245,164.528,2026-09-27T14:56:09.01,33,0,0
26,246,163.981,2026-09-27T14:58:52.991,32,0,0
26,247,165.467,2026-09-27T15:01:38.458,32,0,0
26,248,160.468,2026-09-27T15:04:18.926,32,0,0
26,249,163.493,2026-09-27T15:07:02.419,32,0,0
26,250,160.698,2026-09-27T15:09:43.117,32,0,0
26,251,167.127,2026-09-27T15:12:30.244,32,0,0
26,252,169.65,2026-09-27T15:15:19.894,32,0,0
26,253,175.31,2026-09-27T15:18:15.204,32,0,0
26,254,167.016,2026-09-27T15:21:02.22,32,0,0
26,255,172.013,2026-09-27T15:23:54.233,32,0,0
26,256,170.255,2026-09-27T15:26:44.488,32,0,0
26,257,173.707,2026-09-27T15:29:38.195,32,0,0
26,258,171.115,2026-09-27T15:32:29.31,31,0,0
38,1,180.355,2026-09-26T10:05:23.595,20,0,0
38,2,179.883,2026-09-26T10:08:23.478,18,0,0
38,3,158.277,2026-09-26T10:11:01.755,19,0,0
38,4,196.413,2026-09-26T10:14:18.168,19,0,0
38,5,209.166,2026-09-26T10:17:47.334,32,1,0
38,6,210.789,2026-09-26T10:21:18.123,34,1,0
38,7,334.248,2026-09-26T10:26:52.371,74,0,0
38,8,161.702,2026-09-26T10:29:34.073,70,0,0
38,9,161.63,2026-09-26T10:32:15.703,69,0,0
38,10,165.499,2026-09-26T10:35:01.202,65,0,0
38,11,148.105,2026-09-26T10:37:29.307,59,0,0
38,12,153.421,2026-09-26T10:40:02.728,57,0,0
38,13,166.836,2026-09-26T10:42:49.564,55,0,0
38,14,164.763,2026-09-26T10:45:34.327,52,0,0
38,15,157.693,2026-09-26T10:48:12.02,49,0,0
38,16,161.021,2026-09-26T10:50:53.041,44,0,0
38,17,151.381,2026-09-26T10:53:24.422,43,0,0
38,18,164.948,2026-09-26T10:56:09.37,42,0,0
38,19,150.997,2026-09-26T10:58:40.367,39,0,0
38,20,153.894,2026-09-26T11:01:14.261,37,0,0
38,21,149.438,2026-09-26T11:03:43.699,35,0,0
38,22,149.431,2026-09-26T11:06:13.13,31,0,0
38,23,151.349,2026-09-26T11:08:44.479,30,0,0
38,24,157.906,2026-09-26T11:11:22.385,30,0,0
38,25,153.752,2026-09-26T11:13:56.137,29,0,0
38,26,144.348,2026-09-26T11:16:20.485,28,0,0
38,27,155.167,2026-09-26T11:18:55.652,25,0,0
38,28,163.961,2026-09-26T11:21:39.613,25,0,0
38,29,147.699,2026-09-26T11:24:07.312,25,0,0
38,30,150.183,2026-09-26T11:26:37.495,25,0,0
38,31,143.739,2026-09-26T11:29:01.234,25,0,0
38,32,154.663,2026-09-26T11:31:35.897,24,0,0
38,33,154.958,2026-09-26T11:34:10.855,24,0,0
38,34,147.051,2026-09-26T11:36:37.906,23,0,0
38,35,166.932,2026-09-26T11:39:24.838,23,0,0
38,36,150.494,2026-09-26T11:41:55.332,22,0,0
38,37,164.18,2026-09-26T11:44:39.512,21,0,0
38,38,161.869,2026-09-26T11:47:21.381,18,0,0
38,39,149.131,2026-09-26T11:49:50.512,17,0,0
38,40,145.64,2026-09-26T11:52:16.152,16,0,0
38,41,150.571,2026-09-26T11:54:46.723,14,0,0
38,42,147.218,2026-09-26T11:57:13.941,14,0,0
38,43,152.074,2026-09-26T11:59:46.015,14,0,0
38,44,149.042,2026-09-26T12:02:15.057,14,0,0
38,45,491.826,2026-09-26T12:10:26.883,20,1,0
38,46,184.737,2026-09-26T12:13:31.62,20,0,0
38,47,152.37,2026-09-26T12:16:03.99,20,0,0
38,48,164.605,2026-09-26T12:18:48.595,20,0,0
38,49,159.985,2026-09-26T12:21:28.58,19,0,0
38,50,170.267,2026-09-26T12:24:18.847,19,0,0
38,51,151.401,2026-09-26T12:26:50.248,19,0,0
38,52,156.013,2026-09-26T12:29:26.261,19,0,0
38,53,151.079,2026-09-26T12:31:57.34,19,0,0
38,54,152.893,2026-09-26T12:34:30.233,19,0,0
38,55,149.513,2026-09-26T12:36:59.746,19,0,0
38,56,147.568,2026-09-26T12:39:27.314,19,0,0
38,57,174.651,2026-09-26T12:42:21.965,18,0,0
38,58,150.877,2026-09-26T12:44:52.842,17,0,0
38,59,157.264,2026-09-26T12:47:30.106,17,0,0
38,60,146.72,2026-09-26T12:49:56.826,17,0,0
38,61,151.284,2026-09-26T12:52:28.11,17,0,0
38,62,156.957,2026-09-26T12:55:05.067,17,0,0
38,63,155.51,2026-09-26T12:57:40.577,17,0,0
38,64,160.446,2026-09-26T13:00:21.023,17,0,0
38,65,147.985,2026-09-26T13:02:49.008,17,0,0
38,66,148.687,2026-09-26T13:05:17.695,15,0,0
38,67,151.958,2026-09-26T13:07:49.653,13,0,0
38,68,159.279,2026-09-26T13:10:28.932,13,0,0
38,69,151.463,2026-09-26T13:13:00.395,13,0,0
38,70,162.59,2026-09-26T13:15:42.985,13,0,0
38,71,147.398,2026-09-26T13:18:10.383,11,0,0
38,72,154.874,2026-09-26T13:20:45.257,11,0,0
38,73,146.728,2026-09-26T13:23:11.985,11,0,0
38,74,149.502,2026-09-26T13:25:41.487,11,0,0
38,75,144.824,2026-09-26T13:28:06.311,11,0,0
38,76,156.353,2026-09-26T13:30:42.664,11,0,0
38,77,159.98,2026-09-26T13:33:22.644,11,0,0
38,78,146.36,2026-09-26T13:35:49.004,11,0,0
38,79,148.401,2026-09-26T13:38:17.405,11,0,0
38,80,153.778,2026-09-26T13:40:51.183,11,0,0
38,81,166.425,2026-09-26T13:43:37.608,11,0,0
38,82,152.452,2026-09-26T13:46:10.06,11,0,0
38,83,158.88,2026-09-26T13:48:48.94,11,0,0
38,84,144.562,2026-09-26T13:51:13.502,10,0,0
38,85,154.652,2026-09-26T13:53:48.154,10,0,0
38,86,181.254,2026-09-26T13:56:49.408,11,1,0
38,87,476.751,2026-09-26T14:04:46.159,13,0,0
38,88,148.946,2026-09-26T14:07:15.105,13,0,0
38,89,466.116,2026-09-26T14:15:01.221,15,1,0
38,90,219.395,2026-09-26T14:18:40.616,16,0,0
38,91,148.803,2026-09-26T14:21:09.419,15,0,0
38,92,149.163,2026-09-26T14:23:38.582,15,0,0
38,93,155.462,2026-09-26T14:26:14.044,15,0,0
38,94,147.487,2026-09-26T14:28:41.531,15,0,0
38,95,147.485,2026-09-26T14:31:09.016,14,0,0
38,96,155.5,2026-09-26T14:33:44.516,14,0,0
38,97,152.455,2026-09-26T14:36:16.971,14,0,0
38,98,151.852,2026-09-26T14:38:48.823,14,0,0
38,99,153.065,2026-09-26T14:41:21.888,14,0,0
38,100,148.123,2026-09-26T14:43:50.011,14,0,0
38,101,160.91,2026-09-26T14:46:30.921,14,0,0
38,102,157.907,2026-09-26T14:49:08.828,13,0,0
38,103,164.362,2026-09-26T14:51:53.19,13,0,0
38,104,156.273,2026-09-26T14:54:29.463,13,0,0
38,105,181.45,2026-09-26T14:57:30.913,13,0,0
38,106,168.912,2026-09-26T15:00:19.825,13,0,0
38,107,401.331,2026-09-26T15:07:01.156,18,1,0
38,108,188.52,2026-09-26T15:10:09.676,18,0,0
38,109,161.629,2026-09-26T15:12:51.305,18,0,0
38,110,179.809,2026-09-26T15:15:51.114,17,0,0
38,111,179.366,2026-09-26T15:18:50.48,14,0,0
38,112,149.694,2026-09-26T15:21:20.174,13,0,0
38,113,149.411,2026-09-26T15:23:49.585,12,0,0
38,114,164.289,2026-09-26T15:26:33.874,12,0,0
38,115,155.054,2026-09-26T15:29:08.928,11,0,0
38,116,169.539,2026-09-26T15:31:58.467,11,0,0
38,117,206.971,2026-09-26T15:35:25.438,10,0,0
38,118,181.931,2026-09-26T15:38:27.369,10,1,0
38,119,399.333,2026-09-26T15:45:06.702,13,0,0
38,120,159.554,2026-09-26T15:47:46.256,13,0,0
38,121,156.577,2026-09-26T15:50:22.833,13,0,0
38,122,174.665,2026-09-26T15:53:17.498,13,0,0
38,123,166.444,2026-09-26T15:56:03.942,13,0,1
38,124,288.342,2026-09-26T16:00:52.284,12,0,1
38,125,236.195,2026-09-26T16:04:48.479,11,0,1
38,126,239.474,2026-09-26T16:08:47.953,11,0,1
38,127,239.832,2026-09-26T16:12:47.785,11,0,1
38,128,265.09,2026-09-26T16:17:12.875,11,0,0
38,129,153.489,2026-09-26T16:19:46.364,10,0,0
38,130,152.881,2026-09-26T16:22:19.245,10,0,0
38,131,154.876,2026-09-26T16:24:54.121,10,0,0
38,132,152.494,2026-09-26T16:27:26.615,10,0,0
38,133,153.876,2026-09-26T16:30:00.491,10,0,0
38,134,157.951,2026-09-26T16:32:38.442,9,0,0
38,135,148.867,2026-09-26T16:35:07.309,9,0,0
38,136,150.641,2026-09-26T16:37:37.95,9,0,0
38,137,159.372,2026-09-26T16:40:17.322,9,0,0
38,138,151.711,2026-09-26T16:42:49.033,9,0,0
38,139,174.142,2026-09-26T16:45:43.175,9,0,0
38,140,157.539,2026-09-26T16:48:20.714,9,0,0
38,141,457.917,2026-09-26T16:55:58.631,13,1,0
38,142,182.02,2026-09-26T16:59:00.651,13,0,0
38,143,149.094,2026-09-26T17:01:29.745,13,0,0
38,144,147.365,2026-09-26T17:03:57.11,13,0,0
38,145,153.114,2026-09-26T17:06:30.224,13,0,0
38,146,166.987,2026-09-26T17:09:17.211,13,0,0
38,147,165.356,2026-09-26T17:12:02.567,13,0,0
38,148,165.747,2026-09-26T17:14:48.314,13,0,0
38,149,162.475,2026-09-26T17:17:30.789,13,0,0
38,150,152.104,2026-09-26T17:20:02.893,13,0,0
38,151,146.743,2026-09-26T17:22:29.636,13,0,0
38,152,155.607,2026-09-26T17:25:05.243,13,0,0
38,153,152.18,2026-09-26T17:27:37.423,13,0,0
38,154,148.455,2026-09-26T17:30:05.878,13,0,0
38,155,151.595,2026-09-26T17:32:37.473,13,0,0
38,156,154.785,2026-09-26T17:35:12.258,13,0,0
38,157,150.65,2026-09-26T17:37:42.908,13,0,0
38,158,149.715,2026-09-26T17:40:12.623,13,0,0
38,159,160.132,2026-09-26T17:42:52.755,13,0,0
38,160,159.033,2026-09-26T17:45:31.788,13,0,0
38,161,152.362,2026-09-26T17:48:04.15,13,0,0
38,162,151.285,2026-09-26T17:50:35.435,12,0,1
38,163,194.5,2026-09-26T17:53:49.935,12,0,1
38,164,221.7,2026-09-26T17:57:31.635,12,0,1
38,165,304.498,2026-09-26T18:02:36.133,12,0,1
38,166,53680.256,2026-09-27T08:57:16.389,11,0,0
38,167,155.118,2026-09-27T08:59:51.507,11,0,0
38,168,166.546,2026-09-27T09:02:38.053,11,0,0
38,169,152.929,2026-09-27T09:05:10.982,11,0,0
38,170,152.131,2026-09-27T09:07:43.113,11,0,0
38,171,168.447,2026-09-27T09:10:31.56,11,0,0
38,172,150.543,2026-09-27T09:13:02.103,11,0,0
38,173,154.252,2026-09-27T09:15:36.355,11,0,0
38,174,149.043,2026-09-27T09:18:05.398,11,0,0
38,175,148.606,2026-09-27T09:20:34.004,11,0,0
38,176,168.323,2026-09-27T09:23:22.327,11,0,0
38,177,158.547,2026-09-27T09:26:00.874,12,0,0
38,178,156.666,2026-09-27T09:28:37.54,12,0,0
38,179,154.071,2026-09-27T09:31:11.611,12,0,0
38,180,147.904,2026-09-27T09:33:39.515,12,0,0
38,181,149.059,2026-09-27T09:36:08.574,11,0,0
38,182,145.705,2026-09-27T09:38:34.279,11,0,0
38,183,150.342,2026-09-27T09:41:04.621,11,0,0
38,184,163.508,2026-09-27T09:43:48.129,11,0,0
38,185,155.596,2026-09-27T09:46:23.725,11,0,0
38,186,151.367,2026-09-27T09:48:55.092,11,0,0
38,187,147.874,2026-09-27T09:51:22.966,11,0,0
38,188,159.741,2026-09-27T09:54:02.707,11,0,0
38,189,150.263,2026-09-27T09:56:32.97,11,0,0
38,190,145.912,2026-09-27T09:58:58.882,11,0,0
38,191,148.664,2026-09-27T10:01:27.546,11,0,0
38,192,147.207,2026-09-27T10:03:54.753,11,0,0
38,193,153.227,2026-09-27T10:06:27.98,11,0,0
38,194,150.366,2026-09-27T10:08:58.346,11,0,0
38,195,145.455,2026-09-27T10:11:23.801,11,0,0
38,196,149.451,2026-09-27T10:13:53.252,11,0,0
38,197,143.189,2026-09-27T10:16:16.441,10,0,0
38,198,146.193,2026-09-27T10:18:42.634,10,0,0
38,199,147.003,2026-09-27T10:21:09.637,10,0,0
38,200,144.167,2026-09-27T10:23:33.804,10,0,0
38,201,1187.881,2026-09-27T10:43:21.685,10,0,0
38,202,153.137,2026-09-27T10:45:54.822,10,0,0
38,203,151.505,2026-09-27T10:48:26.327,10,0,0
38,204,144.833,2026-09-27T10:50:51.16,10,0,0
38,205,143.491,2026-09-27T10:53:14.651,10,0,0
38,206,145.285,2026-09-27T10:55:39.936,10,0,0
38,207,148.596,2026-09-27T10:58:08.532,10,0,0
38,208,464.933,2026-09-27T11:05:53.465,11,1,0
38,209,302.553,2026-09-27T11:10:56.018,11,0,0
38,210,149.582,2026-09-27T11:13:25.6,11,0,0
38,211,154.84,2026-09-27T11:16:00.44,11,0,0
38,212,149.967,2026-09-27T11:18:30.407,10,0,0
38,213,160.438,2026-09-27T11:21:10.845,10,0,0
38,214,149.909,2026-09-27T11:23:40.754,10,0,0
38,215,161.716,2026-09-27T11:26:22.47,10,0,0
38,216,153.03,2026-09-27T11:28:55.5,10,0,0
38,217,147.984,2026-09-27T11:31:23.484,10,0,0
38,218,166.815,2026-09-27T11:34:10.299,10,0,0
38,219,157.028,2026-09-27T11:36:47.327,10,0,0
38,220,164.537,2026-09-27T11:39:31.864,10,0,0
38,221,151.125,2026-09-27T11:42:02.989,9,0,0
38,222,147.799,2026-09-27T11:44:30.788,9,0,0
38,223,149.387,2026-09-27T11:47:00.175,9,0,0
38,224,154.201,2026-09-27T11:49:34.376,9,0,0
38,225,146.753,2026-09-27T11:52:01.129,9,0,0
38,226,147.774,2026-09-27T11:54:28.903,9,0,0
38,227,150.888,2026-09-27T11:56:59.791,9,0,0
38,228,153.488,2026-09-27T11:59:33.279,9,0,0
38,229,152.53,2026-09-27T12:02:05.809,9,0,0
38,230,152.026,2026-09-27T12:04:37.835,9,0,0
38,231,172.555,2026-09-27T12:07:30.39,9,0,0
38,232,148.334,2026-09-27T12:09:58.724,9,0,0
38,233,148.075,2026-09-27T12:12:26.799,9,0,0
38,234,147.728,2026-09-27T12:14:54.527,9,0,0
38,235,144.91,2026-09-27T12:17:19.437,9,0,0
38,236,151.778,2026-09-27T12:19:51.215,9,0,0
38,237,159.398,2026-09-27T12:22:30.613,9,0,0
38,238,154.326,2026-09-27T12:25:04.939,9,0,0
38,239,157.115,2026-09-27T12:27:42.054,9,0,0
38,240,145.625,2026-09-27T12:30:07.679,9,0,0
38,241,150.679,2026-09-27T12:32:38.358,9,0,0
38,242,150.121,2026-09-27T12:35:08.479,9,0,0
38,243,150.329,2026-09-27T12:37:38.808,9,0,0
38,244,165.487,2026-09-27T12:40:24.295,9,0,0
38,245,149.264,2026-09-27T12:42:53.559,9,0,0
38,246,165.01,2026-09-27T12:45:38.569,9,0,0
38,247,155.469,2026-09-27T12:48:14.038,9,0,0
38,248,148.436,2026-09-27T12:50:42.474,9,0,0
38,249,148.245,2026-09-27T12:53:10.719,9,0,0
38,250,148.009,2026-09-27T12:55:38.728,9,0,0
38,251,147.818,2026-09-27T12:58:06.546,9,0,0
38,252,148.692,2026-09-27T13:00:35.238,9,0,0
38,253,153.741,2026-09-27T13:03:08.979,9,0,0
38,254,148.569,2026-09-27T13:05:37.548,9,0,0
38,255,507.747,2026-09-27T13:14:05.295,9,1,0
38,256,249.899,2026-09-27T13:18:15.194,9,0,0
38,257,276.375,2026-09-27T13:22:51.569,10,1,0
50,1,174.949,2026-09-26T10:04:50.557,2,0,0
50,2,182.092,2026-09-26T10:07:52.649,5,0,0
50,3,171.45,2026-09-26T10:10:44.099,8,0,0
50,4,215.698,2026-09-26T10:14:19.797,20,1,0
50,5,333.627,2026-09-26T10:19:53.424,67,0,0
50,6,182.89,2026-09-26T10:22:56.314,64,0,0
50,7,153.632,2026-09-26T10:25:29.946,63,0,0
50,8,151.056,2026-09-26T10:28:01.002,59,0,0
50,9,161.038,2026-09-26T10:30:42.04,54,0,0
50,10,163.208,2026-09-26T10:33:25.248,49,0,0
50,11,153.56,2026-09-26T10:35:58.808,47,0,0
50,12,164.974,2026-09-26T10:38:43.782,44,0,0
50,13,167.666,2026-09-26T10:41:31.448,44,0,0
50,14,168.42,2026-09-26T10:44:19.868,41,0,0
50,15,165.39,2026-09-26T10:47:05.258,41,0,0
50,16,152.959,2026-09-26T10:49:38.217,37,0,0
50,17,164.435,2026-09-26T10:52:22.652,35,0,0
50,18,153.116,2026-09-26T10:54:55.768,32,0,0
50,19,669.229,2026-09-26T11:06:04.997,57,1,0
50,20,197.096,2026-09-26T11:09:22.093,58,0,0
50,21,148.343,2026-09-26T11:11:50.436,57,0,0
50,22,168.949,2026-09-26T11:14:39.385,55,0,0
50,23,203.289,2026-09-26T11:18:02.674,53,1,0
50,24,1054.319,2026-09-26T11:35:36.993,73,0,0
50,25,167.959,2026-09-26T11:38:24.952,73,0,0
50,26,171.049,2026-09-26T11:41:16.001,73,0,0
50,27,164.811,2026-09-26T11:44:00.812,72,0,0
50,28,163.018,2026-09-26T11:46:43.83,71,0,0
50,29,158.062,2026-09-26T11:49:21.892,71,0,0
50,30,159.999,2026-09-26T11:52:01.891,69,0,0
50,31,156.752,2026-09-26T11:54:38.643,69,0,0
50,32,155.615,2026-09-26T11:57:14.258,67,0,0
50,33,157.592,2026-09-26T11:59:51.85,65,0,0
50,34,151.089,2026-09-26T12:02:22.939,64,0,0
50,35,163.41,2026-09-26T12:05:06.349,63,0,0
50,36,151.333,2026-09-26T12:07:37.682,63,0,0
50,37,156.425,2026-09-26T12:10:14.107,59,0,0
50,38,152.009,2026-09-26T12:12:46.116,55,0,0
50,39,186.672,2026-09-26T12:15:52.788,58,1,0
50,40,963.224,2026-09-26T12:31:56.012,64,0,0
50,41,165.594,2026-09-26T12:34:41.606,62,0,0
50,42,162.717,2026-09-26T12:37:24.323,61,0,0
50,43,174.615,2026-09-26T12:40:18.938,59,0,0
50,44,159.493,2026-09-26T12:42:58.431,58,0,0
50,45,169.856,2026-09-26T12:45:48.287,57,0,0
50,46,162.378,2026-09-26T12:48:30.665,56,0,0
50,47,179.88,2026-09-26T12:51:30.545,56,0,0
50,48,177.866,2026-09-26T12:54:28.411,56,0,0
50,49,169.912,2026-09-26T12:57:18.323,55,0,0
50,50,514.378,2026-09-26T13:05:52.701,58,1,0
50,51,279.158,2026-09-26T13:10:31.859,58,0,0
50,52,209.087,2026-09-26T13:14:00.946,57,0,0
50,53,196.02,2026-09-26T13:17:16.966,57,0,0
50,54,194.372,2026-09-26T13:20:31.338,56,0,0
50,55,183.504,2026-09-26T13:23:34.842,55,0,0
50,56,179.43,2026-09-26T13:26:34.272,55,0,0
50,57,188.632,2026-09-26T13:29:42.904,54,0,0
50,58,178.991,2026-09-26T13:32:41.895,54,0,0
50,59,180.198,2026-09-26T13:35:42.093,53,0,0
50,60,186.15,2026-09-26T13:38:48.243,52,0,0
50,61,503.099,2026-09-26T13:47:11.342,55,1,0
50,62,202.047,2026-09-26T13:50:33.389,54,0,0
50,63,160.044,2026-09-26T13:53:13.433,54,0,0
50,64,166.1,2026-09-26T13:55:59.533,54,0,0
50,65,168.256,2026-09-26T13:58:47.789,54,0,0
50,66,155.776,2026-09-26T14:01:23.565,54,0,0
50,67,151.029,2026-09-26T14:03:54.594,54,0,0
50,68,173.619,2026-09-26T14:06:48.213,53,0,0
50,69,162.516,2026-09-26T14:09:30.729,52,0,0
50,70,161.151,2026-09-26T14:12:11.88,51,0,0
50,71,152.698,2026-09-26T14:14:44.578,49,0,0
50,72,152.138,2026-09-26T14:17:16.716,49,0,0
50,73,165.31,2026-09-26T14:20:02.026,48,0,0
50,74,155.159,2026-09-26T14:22:37.185,47,0,0
50,75,150.935,2026-09-26T14:25:08.12,46,0,0
50,76,158.335,2026-09-26T14:27:46.455,46,0,0
50,77,158.055,2026-09-26T14:30:24.51,45,0,0
50,78,162.61,2026-09-26T14:33:07.12,45,0,0
50,79,150.683,2026-09-26T14:35:37.803,45,0,0
50,80,159.01,2026-09-26T14:38:16.813,45,0,0
50,81,160.832,2026-09-26T14:40:57.645,45,0,0
50,82,158.445,2026-09-26T14:43:36.09,44,0,0
50,83,493.163,2026-09-26T14:51:49.253,44,1,0
50,84,218.03,2026-09-26T14:55:27.283,44,0,0
50,85,164.733,2026-09-26T14:58:12.016,44,0,0
50,86,167.213,2026-09-26T15:00:59.229,43,0,0
50,87,165.406,2026-09-26T15:03:44.635,43,0,0
50,88,171.292,2026-09-26T15:06:35.927,43,0,0
50,89,184.482,2026-09-26T15:09:40.409,43,1,0
50,90,194.004,2026-09-26T15:12:54.413,43,0,0
50,91,185.582,2026-09-26T15:15:59.995,43,0,0
50,92,191.063,2026-09-26T15:19:11.058,43,0,0
50,93,155.806,2026-09-26T15:21:46.864,43,0,0
50,94,157.404,2026-09-26T15:24:24.268,43,0,0
50,95,159.482,2026-09-26T15:27:03.75,42,0,0
50,96,206.57,2026-09-26T15:30:30.32,41,0,0
50,97,210.867,2026-09-26T15:34:01.187,41,0,0
50,98,162.722,2026-09-26T15:36:43.909,41,0,0
50,99,153.984,2026-09-26T15:39:17.893,41,0,0
50,100,515.841,2026-09-26T15:47:53.734,42,1,0
50,101,231.355,2026-09-26T15:51:45.089,42,0,0
50,102,181.509,2026-09-26T15:54:46.598,42,0,0
50,103,170.339,2026-09-26T15:57:36.937,42,0,1
50,104,968.738,2026-09-26T16:13:45.675,42,0,1
50,105,245.243,2026-09-26T16:17:50.918,42,0,0
50,106,188.022,2026-09-26T16:20:58.94,42,0,0
50,107,170.388,2026-09-26T16:23:49.328,42,0,0
50,108,161.812,2026-09-26T16:26:31.14,42,0,0
50,109,172.402,2026-09-26T16:29:23.542,42,0,0
50,110,158.084,2026-09-26T16:32:01.626,42,0,0
50,111,160.607,2026-09-26T16:34:42.233,42,0,0
50,112,161.45,2026-09-26T16:37:23.683,42,0,0
50,113,159.475,2026-09-26T16:40:03.158,41,0,0
50,114,163.222,2026-09-26T16:42:46.38,41,0,0
50,115,456.847,2026-09-26T16:50:23.227,41,1,0
50,116,247.887,2026-09-26T16:54:31.114,41,0,0
50,117,192.891,2026-09-26T16:57:44.005,41,0,0
50,118,182.907,2026-09-26T17:00:46.912,41,0,0
50,119,182.779,2026-09-26T17:03:49.691,41,0,0
50,120,183.306,2026-09-26T17:06:52.997,40,0,0
50,121,189.597,2026-09-26T17:10:02.594,40,0,0
50,122,193.727,2026-09-26T17:13:16.321,40,0,0
50,123,187.34,2026-09-26T17:16:23.661,40,0,0
50,124,176.27,2026-09-26T17:19:19.931,39,0,0
50,125,173.613,2026-09-26T17:22:13.544,39,0,0
50,126,179.355,2026-09-26T17:25:12.899,39,0,0
50,127,174.661,2026-09-26T17:28:07.56,39,0,0
50,128,171.827,2026-09-26T17:30:59.387,38,0,0
50,129,173.939,2026-09-26T17:33:53.326,38,0,0
50,130,454.006,2026-09-26T17:41:27.332,37,1,0
50,131,224.179,2026-09-26T17:45:11.511,38,0,0
50,132,163.873,2026-09-26T17:47:55.384,38,0,0
50,133,168.012,2026-09-26T17:50:43.396,38,0,1
50,134,194.5,2026-09-26T17:53:57.896,38,0,1
50,135,223.318,2026-09-26T17:57:41.214,38,0,1
50,136,302.138,2026-09-26T18:02:43.352,38,0,1
50,137,53711.413,2026-09-27T08:57:54.765,37,0,0
50,138,166.551,2026-09-27T09:00:41.316,37,0,0
50,139,179.04,2026-09-27T09:03:40.356,37,0,0
50,140,163.455,2026-09-27T09:06:23.811,36,0,0
50,141,157.974,2026-09-27T09:09:01.785,36,0,0
50,142,155.87,2026-09-27T09:11:37.655,36,0,0
50,143,162.517,2026-09-27T09:14:20.172,36,0,0
50,144,156.345,2026-09-27T09:16:56.517,36,0,0
50,145,165.403,2026-09-27T09:19:41.92,36,0,0
50,146,165.36,2026-09-27T09:22:27.28,36,0,0
50,147,163.118,2026-09-27T09:25:10.398,36,0,0
50,148,162.065,2026-09-27T09:27:52.463,36,0,0
50,149,159.041,2026-09-27T09:30:31.504,36,0,0
50,150,502.893,2026-09-27T09:38:54.397,37,1,0
50,151,195.537,2026-09-27T09:42:09.934,37,0,0
50,152,160.5,2026-09-27T09:44:50.434,37,0,0
50,153,160.659,2026-09-27T09:47:31.093,37,0,0
50,154,171.486,2026-09-27T09:50:22.579,37,0,0
50,155,149.574,2026-09-27T09:52:52.153,37,0,0
50,156,155.933,2026-09-27T09:55:28.086,37,0,0
50,157,150.778,2026-09-27T09:57:58.864,37,0,0
50,158,150.121,2026-09-27T10:00:28.985,37,0,0
50,159,147.524,2026-09-27T10:02:56.509,37,0,0
50,160,150.048,2026-09-27T10:05:26.557,37,0,0
50,161,191.131,2026-09-27T10:08:37.688,37,1,0
50,162,869.119,2026-09-27T10:23:06.807,37,0,0
50,163,1203.492,2026-09-27T10:43:10.299,37,0,1
50,164,163.37,2026-09-27T10:45:53.669,37,0,0
50,165,166.608,2026-09-27T10:48:40.277,36,0,0
50,166,166.375,2026-09-27T10:51:26.652,36,0,0
50,167,154.218,2026-09-27T10:54:00.87,36,0,0
50,168,152.832,2026-09-27T10:56:33.702,36,0,0
50,169,153.104,2026-09-27T10:59:06.806,36,0,0
50,170,157.967,2026-09-27T11:01:44.773,36,0,0
50,171,154.417,2026-09-27T11:04:19.19,35,0,0
50,172,567.935,2026-09-27T11:13:47.125,36,1,0
50,173,212.204,2026-09-27T11:17:19.329,36,0,0
50,174,176.125,2026-09-27T11:20:15.454,36,0,0
50,175,172.377,2026-09-27T11:23:07.831,36,0,0
50,176,174.496,2026-09-27T11:26:02.327,36,0,0
50,177,178.466,2026-09-27T11:29:00.793,36,0,0
50,178,179.53,2026-09-27T11:32:00.323,36,0,0
50,179,208.608,2026-09-27T11:35:28.931,35,0,0
50,180,433.075,2026-09-27T11:42:42.006,37,1,0
50,181,206.048,2026-09-27T11:46:08.054,37,0,0
50,182,163.873,2026-09-27T11:48:51.927,37,0,0
50,183,152.653,2026-09-27T11:51:24.58,35,0,0
50,184,157.203,2026-09-27T11:54:01.783,35,0,0
50,185,152.897,2026-09-27T11:56:34.68,35,0,0
50,186,166.089,2026-09-27T11:59:20.769,35,0,0
50,187,152.57,2026-09-27T12:01:53.339,35,0,0
50,188,161.093,2026-09-27T12:04:34.432,34,0,0
50,189,176.382,2026-09-27T12:07:30.814,34,0,0
50,190,151.038,2026-09-27T12:10:01.852,34,0,0
50,191,149.61,2026-09-27T12:12:31.462,34,0,0
50,192,150.803,2026-09-27T12:15:02.265,34,0,0
50,193,149.099,2026-09-27T12:17:31.364,34,0,0
50,194,149.4,2026-09-27T12:20:00.764,34,0,0
50,195,160.166,2026-09-27T12:22:40.93,34,0,0
50,196,153.23,2026-09-27T12:25:14.16,34,0,0
50,197,161.481,2026-09-27T12:27:55.641,34,0,0
50,198,145.4,2026-09-27T12:30:21.041,34,0,0
50,199,148.518,2026-09-27T12:32:49.559,34,0,0
50,200,157.698,2026-09-27T12:35:27.257,34,0,0
50,201,164.489,2026-09-27T12:38:11.746,34,0,0
50,202,465.032,2026-09-27T12:45:56.778,35,1,0
50,203,196.028,2026-09-27T12:49:12.806,35,0,0
50,204,158.751,2026-09-27T12:51:51.557,35,0,0
50,205,155.847,2026-09-27T12:54:27.404,35,0,0
50,206,180.018,2026-09-27T12:57:27.422,35,0,0
50,207,154.868,2026-09-27T13:00:02.29,34,0,0
50,208,149.032,2026-09-27T13:02:31.322,34,0,0
50,209,158.246,2026-09-27T13:05:09.568,34,0,0
50,210,157.83,2026-09-27T13:07:47.398,34,0,0
50,211,159.663,2026-09-27T13:10:27.061,34,0,0
50,212,154.011,2026-09-27T13:13:01.072,34,0,0
50,213,159.698,2026-09-27T13:15:40.77,34,0,0
50,214,157.312,2026-09-27T13:18:18.082,34,0,0
50,215,163.561,2026-09-27T13:21:01.643,34,0,0
50,216,153.55,2026-09-27T13:23:35.193,34,0,0
50,217,153.193,2026-09-27T13:26:08.386,34,0,0
50,218,453.465,2026-09-27T13:33:41.851,34,1,0
50,219,201.475,2026-09-27T13:37:03.326,33,0,0
50,220,166.757,2026-09-27T13:39:50.083,33,0,0
50,221,161.97,2026-09-27T13:42:32.053,33,0,0
50,222,161.639,2026-09-27T13:45:13.692,33,0,0
50,223,163.263,2026-09-27T13:47:56.955,33,0,0
50,224,162.847,2026-09-27T13:50:39.802,33,0,0
50,225,159.218,2026-09-27T13:53:19.02,33,0,0
50,226,162.632,2026-09-27T13:56:01.652,33,0,0
50,227,161.175,2026-09-27T13:58:42.827,33,0,0
50,228,164.957,2026-09-27T14:01:27.784,33,0,0
50,229,167.433,2026-09-27T14:04:15.217,33,0,0
50,230,163.128,2026-09-27T14:06:58.345,33,0,0
50,231,176.185,2026-09-27T14:09:54.53,33,0,0
50,232,349.988,2026-09-27T14:15:44.518,33,1,0
50,233,245.131,2026-09-27T14:19:49.649,33,0,0
50,234,183.476,2026-09-27T14:22:53.125,33,0,0
50,235,176.299,2026-09-27T14:25:49.424,33,0,0
50,236,179.511,2026-09-27T14:28:48.935,33,0,0
50,237,185.714,2026-09-27T14:31:54.649,33,0,0
50,238,179.32,2026-09-27T14:34:53.969,32,0,0
50,239,178.282,2026-09-27T14:37:52.251,32,0,0
50,240,181.234,2026-09-27T14:40:53.485,32,0,0
50,241,179.589,2026-09-27T14:43:53.074,32,0,0
50,242,172.897,2026-09-27T14:46:45.971,32,0,0
50,243,171.406,2026-09-27T14:49:37.377,32,0,0
50,244,186.52,2026-09-27T14:52:43.897,32,0,0
50,245,168.856,2026-09-27T14:55:32.753,32,0,0
50,246,439.405,2026-09-27T15:02:52.158,33,1,0
50,247,202.317,2026-09-27T15:06:14.475,33,0,0
50,248,154.248,2026-09-27T15:08:48.723,33,0,0
50,249,156.875,2026-09-27T15:11:25.598,33,0,0
50,250,161.705,2026-09-27T15:14:07.303,33,0,0
50,251,157.199,2026-09-27T15:16:44.502,33,0,0
50,252,167.548,2026-09-27T15:19:32.05,33,0,0
50,253,160.512,2026-09-27T15:22:12.562,33,0,0
50,254,172.553,2026-09-27T15:25:05.115,33,1,0
717,1,3232.481,2026-09-26T10:55:44.857,99,0,0
717,2,173.988,2026-09-26T10:58:38.845,98,0,0
717,3,169.042,2026-09-26T11:01:27.887,98,0,0
717,4,167.387,2026-09-26T11:04:15.274,98,0,0
717,5,163.871,2026-09-26T11:06:59.145,98,0,0
717,6,161.781,2026-09-26T11:09:40.926,98,0,0
717,7,159.898,2026-09-26T11:12:20.824,98,0,0
717,8,163.107,2026-09-26T11:15:03.931,97,0,0
717,9,176.757,2026-09-26T11:18:00.688,96,0,0
717,10,169.614,2026-09-26T11:20:50.302,90,0,0
717,11,162.37,2026-09-26T11:23:32.672,87,0,0
717,12,159.639,2026-09-26T11:26:12.311,87,0,0
717,13,160.745,2026-09-26T11:28:53.056,86,0,0
717,14,170.925,2026-09-26T11:31:43.981,86,0,0
717,15,180.263,2026-09-26T11:34:44.244,86,0,0
717,16,167.926,2026-09-26T11:37:32.17,85,0,0
717,17,173.869,2026-09-26T11:40:26.039,84,0,0
717,18,162.014,2026-09-26T11:43:08.053,84,0,0
717,19,162.763,2026-09-26T11:45:50.816,84,0,0
717,20,158.632,2026-09-26T11:48:29.448,83,0,0
717,21,514.266,2026-09-26T11:57:03.714,83,1,0
717,22,208.745,2026-09-26T12:00:32.459,84,0,0
717,23,158.683,2026-09-26T12:03:11.142,84,0,0
717,24,170.445,2026-09-26T12:06:01.587,83,0,0
717,25,160.026,2026-09-26T12:08:41.613,83,0,0
717,26,161.659,2026-09-26T12:11:23.272,83,0,0
717,27,163.359,2026-09-26T12:14:06.631,83,0,0
717,28,163.674,2026-09-26T12:16:50.305,82,0,0
717,29,164.828,2026-09-26T12:19:35.133,82,0,0
717,30,161.46,2026-09-26T12:22:16.593,81,0,0
717,31,158.754,2026-09-26T12:24:55.347,81,0,0
717,32,162.517,2026-09-26T12:27:37.864,81,0,0
717,33,160.724,2026-09-26T12:30:18.588,80,0,0
717,34,156.83,2026-09-26T12:32:55.418,79,0,0
717,35,162.315,2026-09-26T12:35:37.733,79,0,0
717,36,169.574,2026-09-26T12:38:27.307,78,0,0
717,37,155.057,2026-09-26T12:41:02.364,77,0,0
717,38,163.547,2026-09-26T12:43:45.911,76,0,0
717,39,158.828,2026-09-26T12:46:24.739,74,0,0
717,40,153.841,2026-09-26T12:48:58.58,73,0,0
717,41,159.642,2026-09-26T12:51:38.222,71,0,0
717,42,166.896,2026-09-26T12:54:25.118,71,0,0
717,43,156.168,2026-09-26T12:57:01.286,67,0,0
717,44,161.819,2026-09-26T12:59:43.105,65,0,0
717,45,162.228,2026-09-26T13:02:25.333,64,0,0
717,46,156.343,2026-09-26T13:05:01.676,64,0,0
717,47,165.289,2026-09-26T13:07:46.965,63,0,0
717,48,163.498,2026-09-26T13:10:30.463,62,0,0
717,49,156.917,2026-09-26T13:13:07.38,62,0,0
717,50,3508.06,2026-09-26T14:11:35.44,80,0,0
717,51,167.789,2026-09-26T14:14:23.229,79,0,0
717,52,166.968,2026-09-26T14:17:10.197,79,0,0
717,53,160.708,2026-09-26T14:19:50.905,78,0,0
717,54,571.292,2026-09-26T14:29:22.197,79,1,0
717,55,207.572,2026-09-26T14:32:49.769,78,0,0
717,56,158.839,2026-09-26T14:35:28.608,78,0,0
717,57,158.302,2026-09-26T14:38:06.91,76,0,0
717,58,159.645,2026-09-26T14:40:46.555,76,0,0
717,59,163.047,2026-09-26T14:43:29.602,75,0,0
717,60,169.448,2026-09-26T14:46:19.05,75,0,0
717,61,165.037,2026-09-26T14:49:04.087,75,0,0
717,62,166.529,2026-09-26T14:51:50.616,75,0,0
717,63,166.642,2026-09-26T14:54:37.258,75,0,0
717,64,186.896,2026-09-26T14:57:44.154,75,0,0
717,65,163.056,2026-09-26T15:00:27.21,74,0,0
717,66,168.181,2026-09-26T15:03:15.391,73,0,0
717,67,161.586,2026-09-26T15:05:56.977,73,0,0
717,68,161.427,2026-09-26T15:08:38.404,73,0,0
717,69,158.243,2026-09-26T15:11:16.647,73,0,0
717,70,181.417,2026-09-26T15:14:18.064,71,0,0
717,71,165.608,2026-09-26T15:17:03.672,69,0,0
717,72,163.484,2026-09-26T15:19:47.156,69,0,0
717,73,156.575,2026-09-26T15:22:23.731,68,0,0
717,74,165.037,2026-09-26T15:25:08.768,67,0,0
717,75,158.669,2026-09-26T15:27:47.437,66,0,0
717,76,198.539,2026-09-26T15:31:05.976,66,0,0
717,77,203.452,2026-09-26T15:34:29.428,66,0,0
717,78,157.022,2026-09-26T15:37:06.45,65,0,0
717,79,156.219,2026-09-26T15:39:42.669,64,0,0
717,80,158.465,2026-09-26T15:42:21.134,64,0,0
717,81,163.095,2026-09-26T15:45:04.229,63,0,0
717,82,162.246,2026-09-26T15:47:46.475,63,0,0
717,83,432.23,2026-09-26T15:54:58.705,62,1,0
717,84,328.304,2026-09-26T16:00:27.009,62,0,1
717,85,250.006,2026-09-26T16:04:37.015,61,0,1
717,86,235.051,2026-09-26T16:08:32.066,61,0,1
717,87,240.442,2026-09-26T16:12:32.508,61,0,1
717,88,270.442,2026-09-26T16:17:02.95,60,0,0
717,89,155.325,2026-09-26T16:19:38.275,59,0,0
717,90,152.608,2026-09-26T16:22:10.883,59,0,0
717,91,150.576,2026-09-26T16:24:41.459,59,0,0
717,92,161.634,2026-09-26T16:27:23.093,58,0,0
717,93,158.828,2026-09-26T16:30:01.921,58,0,0
717,94,416.251,2026-09-26T16:36:58.172,58,1,0
717,95,196.773,2026-09-26T16:40:14.945,57,0,0
717,96,153.722,2026-09-26T16:42:48.667,57,0,0
717,97,173.374,2026-09-26T16:45:42.041,56,0,0
717,98,160.049,2026-09-26T16:48:22.09,56,0,0
717,99,151.672,2026-09-26T16:50:53.762,56,0,0
717,100,156.002,2026-09-26T16:53:29.764,56,0,0
717,101,149.917,2026-09-26T16:55:59.681,55,0,0
717,102,150.595,2026-09-26T16:58:30.276,55,0,0
717,103,151.645,2026-09-26T17:01:01.921,55,0,0
717,104,150.744,2026-09-26T17:03:32.665,55,0,0
717,105,150.866,2026-09-26T17:06:03.531,55,0,0
717,106,154.335,2026-09-26T17:08:37.866,54,0,0
717,107,177.519,2026-09-26T17:11:35.385,53,0,0
717,108,155.217,2026-09-26T17:14:10.602,53,0,0
717,109,187.628,2026-09-26T17:17:18.23,53,0,0
717,110,165.304,2026-09-26T17:20:03.534,53,0,0
717,111,160.716,2026-09-26T17:22:44.25,53,0,0
717,112,157.616,2026-09-26T17:25:21.866,52,0,0
717,113,148.874,2026-09-26T17:27:50.74,51,0,0
717,114,147.276,2026-09-26T17:30:18.016,51,0,0
717,115,160.114,2026-09-26T17:32:58.13,51,0,0
717,116,150.703,2026-09-26T17:35:28.833,51,0,0
717,117,149.202,2026-09-26T17:37:58.035,51,0,0
717,118,147.362,2026-09-26T17:40:25.397,50,0,0
717,119,159.51,2026-09-26T17:43:04.907,50,0,0
717,120,152.855,2026-09-26T17:45:37.762,49,0,0
717,121,160.254,2026-09-26T17:48:18.016,49,0,0
717,122,148.59,2026-09-26T17:50:46.606,49,0,1
717,123,192.915,2026-09-26T17:53:59.521,49,0,1
717,124,226.341,2026-09-26T17:57:45.862,48,0,1
717,125,299.957,2026-09-26T18:02:45.819,48,0,1
717,126,53673.083,2026-09-27T08:57:18.902,48,0,0
717,127,160.536,2026-09-27T08:59:59.438,48,0,0
717,128,158.932,2026-09-27T09:02:38.37,47,0,0
717,129,156.042,2026-09-27T09:05:14.412,47,0,0
717,130,157.637,2026-09-27T09:07:52.049,46,0,0
717,131,160.866,2026-09-27T09:10:32.915,45,0,0
717,132,165.668,2026-09-27T09:13:18.583,45,0,0
717,133,149.199,2026-09-27T09:15:47.782,45,0,0
717,134,154.601,2026-09-27T09:18:22.383,45,0,0
717,135,161.409,2026-09-27T09:21:03.792,45,0,0
717,136,156.168,2026-09-27T09:23:39.96,45,0,0
717,137,147.786,2026-09-27T09:26:07.746,45,0,0
717,138,152.754,2026-09-27T09:28:40.5,45,0,0
717,139,151.38,2026-09-27T09:31:11.88,45,0,0
717,140,149.882,2026-09-27T09:33:41.762,44,0,0
717,141,148.121,2026-09-27T09:36:09.883,44,0,0
717,142,146.876,2026-09-27T09:38:36.759,44,0,0
717,143,153.9,2026-09-27T09:41:10.659,44,0,0
717,144,162.221,2026-09-27T09:43:52.88,44,0,0
717,145,159.646,2026-09-27T09:46:32.526,44,0,0
717,146,156.708,2026-09-27T09:49:09.234,44,0,0
717,147,149.251,2026-09-27T09:51:38.485,44,0,0
717,148,151.969,2026-09-27T09:54:10.454,44,0,0
717,149,147.634,2026-09-27T09:56:38.088,44,0,0
717,150,149.028,2026-09-27T09:59:07.116,44,0,0
717,151,146.114,2026-09-27T10:01:33.23,44,0,0
717,152,151.793,2026-09-27T10:04:05.023,43,0,0
717,153,147.052,2026-09-27T10:06:32.075,43,0,0
717,154,148.018,2026-09-27T10:09:00.093,43,0,0
717,155,416.371,2026-09-27T10:15:56.464,42,1,0
717,156,206.611,2026-09-27T10:19:23.075,42,0,0
717,157,151.017,2026-09-27T10:21:54.092,42,0,0
717,158,153.88,2026-09-27T10:24:27.972,42,0,0
717,159,1189.43,2026-09-27T10:44:17.402,42,0,0
717,160,153.678,2026-09-27T10:46:51.08,42,0,0
717,161,148.708,2026-09-27T10:49:19.788,42,0,0
717,162,151.726,2026-09-27T10:51:51.514,41,0,0
717,163,151.148,2026-09-27T10:54:22.662,40,0,0
717,164,155.39,2026-09-27T10:56:58.052,40,0,0
717,165,157.013,2026-09-27T10:59:35.065,40,0,0
717,166,159.387,2026-09-27T11:02:14.452,40,0,0
717,167,293.859,2026-09-27T11:07:08.311,41,1,0
717,168,197.715,2026-09-27T11:10:26.026,41,0,0
717,169,160.494,2026-09-27T11:13:06.52,40,0,0
717,170,163.489,2026-09-27T11:15:50.009,40,0,0
717,171,164.243,2026-09-27T11:18:34.252,39,0,0
717,172,165.771,2026-09-27T11:21:20.023,39,0,0
717,173,159.214,2026-09-27T11:23:59.237,39,0,0
717,174,157.189,2026-09-27T11:26:36.426,39,0,0
717,175,159.927,2026-09-27T11:29:16.353,39,0,0
717,176,162.972,2026-09-27T11:31:59.325,39,0,0
717,177,164.879,2026-09-27T11:34:44.204,39,0,0
717,178,159.521,2026-09-27T11:37:23.725,38,0,0
717,179,157.571,2026-09-27T11:40:01.296,37,0,0
717,180,155.512,2026-09-27T11:42:36.808,36,0,0
717,181,158.807,2026-09-27T11:45:15.615,36,0,0
717,182,162.469,2026-09-27T11:47:58.084,36,0,0
717,183,439.159,2026-09-27T11:55:17.243,36,1,0
717,184,204.832,2026-09-27T11:58:42.075,36,0,0
717,185,165.195,2026-09-27T12:01:27.27,36,0,0
717,186,165.867,2026-09-27T12:04:13.137,36,0,0
717,187,161.524,2026-09-27T12:06:54.661,36,0,0
717,188,169.451,2026-09-27T12:09:44.112,36,0,0
717,189,152.836,2026-09-27T12:12:16.948,36,0,0
717,190,156.372,2026-09-27T12:14:53.32,36,0,0
717,191,154.147,2026-09-27T12:17:27.467,36,0,0
717,192,150.944,2026-09-27T12:19:58.411,36,0,0
717,193,163.763,2026-09-27T12:22:42.174,36,0,0
717,194,155.281,2026-09-27T12:25:17.455,36,0,0
717,195,164.505,2026-09-27T12:28:01.96,36,0,0
717,196,157.952,2026-09-27T12:30:39.912,36,0,0
717,197,369.201,2026-09-27T12:36:49.113,36,1,0
717,198,219.346,2026-09-27T12:40:28.459,36,0,0
717,199,178.389,2026-09-27T12:43:26.848,36,0,0
717,200,172.675,2026-09-27T12:46:19.523,36,0,0
717,201,172.334,2026-09-27T12:49:11.857,37,0,0
717,202,173.198,2026-09-27T12:52:05.055,37,0,0
717,203,170.035,2026-09-27T12:54:55.09,37,0,0
717,204,160.286,2026-09-27T12:57:35.376,37,0,0
717,205,166.717,2026-09-27T13:00:22.093,37,0,0
717,206,163.199,2026-09-27T13:03:05.292,37,0,0
717,207,160.607,2026-09-27T13:05:45.899,35,0,0
717,208,161.863,2026-09-27T13:08:27.762,35,0,0
717,209,509.852,2026-09-27T13:16:57.614,36,1,0
717,210,213.965,2026-09-27T13:20:31.579,36,0,0
717,211,165.238,2026-09-27T13:23:16.817,36,0,0
717,212,164.521,2026-09-27T13:26:01.338,36,0,0
717,213,170.817,2026-09-27T13:28:52.155,36,0,0
717,214,162.674,2026-09-27T13:31:34.829,36,0,0
717,215,163.762,2026-09-27T13:34:18.591,36,0,0
717,216,162.361,2026-09-27T13:37:00.952,36,0,0
717,217,157.019,2026-09-27T13:39:37.971,36,0,0
717,218,157.435,2026-09-27T13:42:15.406,36,0,0
717,219,156.964,2026-09-27T13:44:52.37,35,0,0
717,220,158.377,2026-09-27T13:47:30.747,34,0,0
717,221,157.108,2026-09-27T13:50:07.855,34,0,0
717,222,160.122,2026-09-27T13:52:47.977,34,0,0
717,223,157.429,2026-09-27T13:55:25.406,34,0,0
717,224,156.06,2026-09-27T13:58:01.466,34,0,0
717,225,155.859,2026-09-27T14:00:37.325,34,0,0
717,226,160.858,2026-09-27T14:03:18.183,34,0,0
717,227,316.346,2026-09-27T14:08:34.529,35,1,0
717,228,1058.91,2026-09-27T14:26:13.439,35,0,0
717,229,158.81,2026-09-27T14:28:52.249,35,0,0
717,230,165.027,2026-09-27T14:31:37.276,35,0,0
717,231,482.952,2026-09-27T14:39:40.228,36,1,0
717,232,200.335,2026-09-27T14:43:00.563,36,0,0
717,233,158.847,2026-09-27T14:45:39.41,36,0,0
717,234,163.18,2026-09-27T14:48:22.59,35,0,0
717,235,159.226,2026-09-27T14:51:01.816,35,0,0
717,236,162.087,2026-09-27T14:53:43.903,35,0,0
717,237,159.84,2026-09-27T14:56:23.743,35,0,0
717,238,155.159,2026-09-27T14:58:58.902,35,0,0
717,239,155.56,2026-09-27T15:01:34.462,35,0,0
717,240,159.205,2026-09-27T15:04:13.667,34,0,0
717,241,154.394,2026-09-27T15:06:48.061,34,0,0
717,242,158.357,2026-09-27T15:09:26.418,34,0,0
717,243,171.598,2026-09-27T15:12:18.016,34,0,0
717,244,163.448,2026-09-27T15:15:01.464,34,0,0
717,245,161.425,2026-09-27T15:17:42.889,34,0,0
717,246,157.07,2026-09-27T15:20:19.959,34,0,0
717,247,156.02,2026-09-27T15:22:55.979,34,0,0
717,248,154.232,2026-09-27T15:25:30.211,34,0,0
717,249,152.484,2026-09-27T15:28:02.695,34,0,0
717,250,160.23,2026-09-27T15:30:42.925,34,0,0
999,1,175.159,2026-09-26T10:08:15.345,78,0,0
999,2,167.436,2026-09-26T10:11:02.781,77,1,0
999,3,369.865,2026-09-26T10:17:12.646,86,0,0
999,4,170.101,2026-09-26T10:20:02.747,82,0,0
999,5,180.172,2026-09-26T10:23:02.919,81,0,0
999,6,147.024,2026-09-26T10:25:29.943,78,0,0
999,7,147.847,2026-09-26T10:27:57.79,78,0,0
999,8,162.328,2026-09-26T10:30:40.118,76,0,0
999,9,157.87,2026-09-26T10:33:17.988,72,0,0
999,10,148.384,2026-09-26T10:35:46.372,70,0,0
999,11,174.174,2026-09-26T10:38:40.546,62,1,0
999,12,285.026,2026-09-26T10:43:25.572,66,0,0
999,13,158.371,2026-09-26T10:46:03.943,65,0,0
999,14,146.312,2026-09-26T10:48:30.255,63,0,0
999,15,161.116,2026-09-26T10:51:11.371,55,0,0
999,16,152.402,2026-09-26T10:53:43.773,53,0,0
999,17,165.05,2026-09-26T10:56:28.823,52,0,0
999,18,186.31,2026-09-26T10:59:35.133,53,1,0
999,19,346.97,2026-09-26T11:05:22.103,54,0,0
999,20,151.289,2026-09-26T11:07:53.392,54,0,0
999,21,157.206,2026-09-26T11:10:30.598,53,0,0
999,22,147.872,2026-09-26T11:12:58.47,51,0,0
999,23,152.52,2026-09-26T11:15:30.99,48,0,0
999,24,160.931,2026-09-26T11:18:11.921,46,0,0
999,25,153.345,2026-09-26T11:20:45.266,45,0,0
999,26,806.829,2026-09-26T11:34:12.095,66,0,0
999,27,178.965,2026-09-26T11:37:11.06,66,0,0
999,28,166.747,2026-09-26T11:39:57.807,64,0,0
999,29,163.849,2026-09-26T11:42:41.656,64,0,0
999,30,161.155,2026-09-26T11:45:22.811,62,0,0
999,31,167.826,2026-09-26T11:48:10.637,62,0,0
999,32,168.455,2026-09-26T11:50:59.092,61,0,0
999,33,161.135,2026-09-26T11:53:40.227,57,0,0
999,34,154.854,2026-09-26T11:56:15.081,54,0,0
999,35,155.136,2026-09-26T11:58:50.217,52,0,0
999,36,154.466,2026-09-26T12:01:24.683,51,0,0
999,37,157.563,2026-09-26T12:04:02.246,50,0,0
999,38,155.693,2026-09-26T12:06:37.939,48,0,0
999,39,154.968,2026-09-26T12:09:12.907,47,0,0
999,40,155.137,2026-09-26T12:11:48.044,47,0,0
999,41,152.778,2026-09-26T12:14:20.822,43,0,0
999,42,157.695,2026-09-26T12:16:58.517,42,0,0
999,43,154.582,2026-09-26T12:19:33.099,40,0,0
999,44,158.093,2026-09-26T12:22:11.192,39,0,0
999,45,155.241,2026-09-26T12:24:46.433,38,0,0
999,46,152.116,2026-09-26T12:27:18.549,38,0,0
999,47,155.393,2026-09-26T12:29:53.942,38,0,0
999,48,160.219,2026-09-26T12:32:34.161,37,0,0
999,49,154.802,2026-09-26T12:35:08.963,36,0,0
999,50,150.178,2026-09-26T12:37:39.141,36,0,0
999,51,149.89,2026-09-26T12:40:09.031,34,0,0
999,52,155.076,2026-09-26T12:42:44.107,34,0,0
999,53,163.07,2026-09-26T12:45:27.177,34,0,0
999,54,829.672,2026-09-26T12:59:16.849,47,1,0
999,55,214.153,2026-09-26T13:02:51.002,47,0,0
999,56,178.701,2026-09-26T13:05:49.703,47,0,0
999,57,175.196,2026-09-26T13:08:44.899,47,0,0
999,58,174.666,2026-09-26T13:11:39.565,45,0,0
999,59,169.487,2026-09-26T13:14:29.052,45,0,0
999,60,168.928,2026-09-26T13:17:17.98,43,0,0
999,61,176.157,2026-09-26T13:20:14.137,43,0,0
999,62,167.035,2026-09-26T13:23:01.172,44,0,0
999,63,167.858,2026-09-26T13:25:49.03,43,0,0
999,64,163.922,2026-09-26T13:28:32.952,43,0,0
999,65,173.582,2026-09-26T13:31:26.534,43,0,0
999,66,163.353,2026-09-26T13:34:09.887,43,0,0
999,67,160.923,2026-09-26T13:36:50.81,42,0,0
999,68,177.14,2026-09-26T13:39:47.95,42,0,0
999,69,171.644,2026-09-26T13:42:39.594,41,0,0
999,70,161.308,2026-09-26T13:45:20.902,39,0,0
999,71,164.116,2026-09-26T13:48:05.018,36,0,0
999,72,167.591,2026-09-26T13:50:52.609,36,0,0
999,73,157.353,2026-09-26T13:53:29.962,36,0,0
999,74,163.477,2026-09-26T13:56:13.439,33,0,0
999,75,161.225,2026-09-26T13:58:54.664,32,0,0
999,76,164.805,2026-09-26T14:01:39.469,32,0,0
999,77,159.139,2026-09-26T14:04:18.608,32,0,0
999,78,161.086,2026-09-26T14:06:59.694,31,0,0
999,79,171.166,2026-09-26T14:09:50.86,31,0,0
999,80,161.338,2026-09-26T14:12:32.198,31,0,0
999,81,160.043,2026-09-26T14:15:12.241,31,0,0
999,82,160.902,2026-09-26T14:17:53.143,30,0,0
999,83,159.739,2026-09-26T14:20:32.882,30,0,0
999,84,163.333,2026-09-26T14:23:16.215,30,0,0
999,85,157.749,2026-09-26T14:25:53.964,30,0,0
999,86,2995.337,2026-09-26T15:15:49.301,46,0,0
999,87,222.644,2026-09-26T15:19:31.945,46,0,0
999,88,224.918,2026-09-26T15:23:16.863,46,1,0
999,89,788.135,2026-09-26T15:36:24.998,47,0,0
999,90,177.409,2026-09-26T15:39:22.407,47,0,0
999,91,166.117,2026-09-26T15:42:08.524,47,0,0
999,92,169.088,2026-09-26T15:44:57.612,47,0,0
999,93,165.007,2026-09-26T15:47:42.619,47,0,0
999,94,160.786,2026-09-26T15:50:23.405,47,0,0
999,95,186.623,2026-09-26T15:53:30.028,47,0,0
999,96,168.391,2026-09-26T15:56:18.419,47,0,1
999,97,281.707,2026-09-26T16:01:00.126,47,0,1
999,98,232.204,2026-09-26T16:04:52.33,47,0,1
999,99,257.232,2026-09-26T16:09:09.562,47,1,1
999,100,410.575,2026-09-26T16:16:00.137,47,0,1
999,101,192.924,2026-09-26T16:19:13.061,47,0,0
999,102,155.305,2026-09-26T16:21:48.366,47,0,0
999,103,159.591,2026-09-26T16:24:27.957,46,0,0
999,104,180.39,2026-09-26T16:27:28.347,46,0,0
999,105,161.028,2026-09-26T16:30:09.375,46,0,0
999,106,161.831,2026-09-26T16:32:51.206,45,0,0
999,107,161.631,2026-09-26T16:35:32.837,44,0,0
999,108,157.649,2026-09-26T16:38:10.486,44,0,0
999,109,160.206,2026-09-26T16:40:50.692,44,0,0
999,110,181.395,2026-09-26T16:43:52.087,44,1,0
999,111,459.923,2026-09-26T16:51:32.01,46,0,0
999,112,160.395,2026-09-26T16:54:12.405,45,0,0
999,113,154.033,2026-09-26T16:56:46.438,44,0,0
999,114,152.018,2026-09-26T16:59:18.456,44,0,0
999,115,151.959,2026-09-26T17:01:50.415,44,0,0
999,116,155.008,2026-09-26T17:04:25.423,44,0,0
999,117,152.05,2026-09-26T17:06:57.473,44,0,0
999,118,57036.738,2026-09-27T08:57:34.211,58,0,0
999,119,170.549,2026-09-27T09:00:24.76,57,0,0
999,120,160.903,2026-09-27T09:03:05.663,57,0,0
999,121,154.314,2026-09-27T09:05:39.977,57,0,0
999,122,151.297,2026-09-27T09:08:11.274,57,0,0
999,123,156.71,2026-09-27T09:10:47.984,55,0,0
999,124,166.563,2026-09-27T09:13:34.547,54,0,0
999,125,148.063,2026-09-27T09:16:02.61,53,0,0
999,126,153.224,2026-09-27T09:18:35.834,53,0,0
999,127,166.108,2026-09-27T09:21:21.942,53,0,0
999,128,180.023,2026-09-27T09:24:21.965,52,0,0
999,129,145.666,2026-09-27T09:26:47.631,52,0,0
999,130,145.683,2026-09-27T09:29:13.314,51,0,0
999,131,152.372,2026-09-27T09:31:45.686,51,0,0
999,132,146.218,2026-09-27T09:34:11.904,51,0,0
999,133,151.405,2026-09-27T09:36:43.309,51,0,0
999,134,147.117,2026-09-27T09:39:10.426,51,0,0
999,135,157.33,2026-09-27T09:41:47.756,51,0,0
999,136,160.0,2026-09-27T09:44:27.756,51,0,0
999,137,163.952,2026-09-27T09:47:11.708,51,0,0
999,138,170.152,2026-09-27T09:50:01.86,50,0,0
999,139,150.808,2026-09-27T09:52:32.668,50,0,0
999,140,150.298,2026-09-27T09:55:02.966,49,0,0
999,141,145.938,2026-09-27T09:57:28.904,49,0,0
999,142,152.068,2026-09-27T10:00:00.972,49,0,0
999,143,148.204,2026-09-27T10:02:29.176,49,0,0
999,144,147.235,2026-09-27T10:04:56.411,49,0,0
999,145,155.767,2026-09-27T10:07:32.178,49,0,0
999,146,146.768,2026-09-27T10:09:58.946,49,0,0
999,147,145.677,2026-09-27T10:12:24.623,49,0,0
999,148,152.554,2026-09-27T10:14:57.177,49,0,0
999,149,144.923,2026-09-27T10:17:22.1,49,0,0
999,150,151.971,2026-09-27T10:19:54.071,49,0,0
999,151,157.788,2026-09-27T10:22:31.859,49,0,0
999,152,1160.823,2026-09-27T10:41:52.682,49,0,1
999,153,217.868,2026-09-27T10:45:30.55,48,1,0
999,154,629.019,2026-09-27T10:55:59.569,51,0,0
999,155,165.189,2026-09-27T10:58:44.758,51,0,0
999,156,166.023,2026-09-27T11:01:30.781,51,0,0
999,157,165.565,2026-09-27T11:04:16.346,50,0,0
999,158,175.897,2026-09-27T11:07:12.243,50,0,0
999,159,162.431,2026-09-27T11:09:54.674,50,0,0
999,160,165.812,2026-09-27T11:12:40.486,50,0,0
999,161,162.581,2026-09-27T11:15:23.067,49,0,0
999,162,176.898,2026-09-27T11:18:19.965,50,0,0
999,163,153.474,2026-09-27T11:20:53.439,49,0,0
999,164,163.65,2026-09-27T11:23:37.089,49,0,0
999,165,163.134,2026-09-27T11:26:20.223,47,0,0
999,166,162.798,2026-09-27T11:29:03.021,46,0,0
999,167,163.461,2026-09-27T11:31:46.482,47,0,0
999,168,167.631,2026-09-27T11:34:34.113,47,0,0
999,169,158.744,2026-09-27T11:37:12.857,47,0,0
999,170,161.718,2026-09-27T11:39:54.575,47,0,0
999,171,161.536,2026-09-27T11:42:36.111,46,0,0
999,172,159.683,2026-09-27T11:45:15.794,46,0,0
999,173,168.034,2026-09-27T11:48:03.828,46,0,0
999,174,162.484,2026-09-27T11:50:46.312,46,0,0
999,175,164.582,2026-09-27T11:53:30.894,46,0,0
999,176,158.007,2026-09-27T11:56:08.901,46,0,0
999,177,157.274,2026-09-27T11:58:46.175,46,0,0
999,178,162.092,2026-09-27T12:01:28.267,45,0,0
999,179,164.661,2026-09-27T12:04:12.928,44,0,0
999,180,196.323,2026-09-27T12:07:29.251,44,1,0
999,181,338.81,2026-09-27T12:13:08.061,44,0,0
999,182,159.48,2026-09-27T12:15:47.541,44,0,0
999,183,156.614,2026-09-27T12:18:24.155,44,0,0
999,184,161.493,2026-09-27T12:21:05.648,43,0,0
999,185,161.64,2026-09-27T12:23:47.288,42,0,0
999,186,157.731,2026-09-27T12:26:25.019,41,0,0
999,187,460.372,2026-09-27T12:34:05.391,40,1,0
999,188,205.15,2026-09-27T12:37:30.541,41,0,0
999,189,173.55,2026-09-27T12:40:24.091,41,0,0
999,190,188.855,2026-09-27T12:43:32.946,41,1,0
999,191,406.161,2026-09-27T12:50:19.107,41,0,0
999,192,163.024,2026-09-27T12:53:02.131,40,0,0
999,193,160.854,2026-09-27T12:55:42.985,40,0,0
999,194,163.133,2026-09-27T12:58:26.118,40,0,0
999,195,165.258,2026-09-27T13:01:11.376,40,0,0
999,196,160.786,2026-09-27T13:03:52.162,40,0,0
999,197,160.739,2026-09-27T13:06:32.901,40,0,0
999,198,159.263,2026-09-27T13:09:12.164,40,0,0
999,199,155.334,2026-09-27T13:11:47.498,40,0,0
999,200,158.665,2026-09-27T13:14:26.163,40,0,0
999,201,158.877,2026-09-27T13:17:05.04,40,0,0
999,202,158.323,2026-09-27T13:19:43.363,40,0,0
999,203,155.754,2026-09-27T13:22:19.117,39,0,0
999,204,158.527,2026-09-27T13:24:57.644,39,0,0
999,205,155.969,2026-09-27T13:27:33.613,39,0,0
999,206,154.635,2026-09-27T13:30:08.248,39,0,0
999,207,158.363,2026-09-27T13:32:46.611,39,0,0
999,208,153.813,2026-09-27T13:35:20.424,39,0,0
999,209,159.404,2026-09-27T13:37:59.828,38,0,0
999,210,156.455,2026-09-27T13:40:36.283,38,0,0
999,211,151.056,2026-09-27T13:43:07.339,38,0,0
999,212,152.587,2026-09-27T13:45:39.926,38,0,0
999,213,152.924,2026-09-27T13:48:12.85,38,0,0
999,214,154.258,2026-09-27T13:50:47.108,38,0,0
999,215,156.718,2026-09-27T13:53:23.826,38,0,0
999,216,158.305,2026-09-27T13:56:02.131,38,0,0
999,217,172.27,2026-09-27T13:58:54.401,38,1,0
999,218,527.843,2026-09-27T14:07:42.244,39,0,0
999,219,153.571,2026-09-27T14:10:15.815,38,0,0
999,220,162.659,2026-09-27T14:12:58.474,38,0,0
999,221,177.085,2026-09-27T14:15:55.559,38,0,0
999,222,163.553,2026-09-27T14:18:39.112,38,0,0
999,223,169.07,2026-09-27T14:21:28.182,38,0,0
999,224,170.91,2026-09-27T14:24:19.092,37,0,0
999,225,169.758,2026-09-27T14:27:08.85,37,0,0
999,226,167.25,2026-09-27T14:29:56.1,37,0,0
999,227,172.8,2026-09-27T14:32:48.9,37,0,0
999,228,168.313,2026-09-27T14:35:37.213,37,0,0
999,229,168.916,2026-09-27T14:38:26.129,37,0,0
999,230,159.695,2026-09-27T14:41:05.824,37,0,0
999,231,166.906,2026-09-27T14:43:52.73,37,0,0
999,232,153.089,2026-09-27T14:46:25.819,37,0,0
999,233,157.683,2026-09-27T14:49:03.502,37,0,0
999,234,166.669,2026-09-27T14:51:50.171,36,0,0
999,235,166.893,2026-09-27T14:54:37.064,36,0,0
999,236,168.892,2026-09-27T14:57:25.956,36,0,0
999,237,173.698,2026-09-27T15:00:19.654,36,0,0
999,238,175.735,2026-09-27T15:03:15.389,36,0,0
999,239,186.25,2026-09-27T15:06:21.639,36,1,0
999,240,395.607,2026-09-27T15:12:57.246,35,0,0
999,241,156.918,2026-09-27T15:15:34.164,35,0,0
999,242,159.505,2026-09-27T15:18:13.669,35,0,0
999,243,157.323,2026-09-27T15:20:50.992,35,0,0
999,244,155.747,2026-09-27T15:23:26.739,35,0,0
999,245,162.217,2026-09-27T15:26:08.956,35,0,0
999,246,159.399,2026-09-27T15:28:48.355,35,0,0
999,247,157.849,2026-09-27T15:31:26.204,35,0,0
969,1,149.536,2026-09-26T10:06:29.997,50,0,0
969,2,163.127,2026-09-26T10:09:13.124,38,0,0
969,3,172.9,2026-09-26T10:12:06.024,32,0,0
969,4,165.909,2026-09-26T10:14:51.933,31,0,0
969,5,161.625,2026-09-26T10:17:33.558,28,0,0
969,6,170.082,2026-09-26T10:20:23.64,27,0,0
969,7,183.671,2026-09-26T10:23:27.311,25,0,0
969,8,159.26,2026-09-26T10:26:06.571,24,0,0
969,9,156.677,2026-09-26T10:28:43.248,23,0,0
969,10,154.407,2026-09-26T10:31:17.655,22,0,0
969,11,152.732,2026-09-26T10:33:50.387,21,0,0
969,12,150.0,2026-09-26T10:36:20.387,21,0,0
969,13,160.408,2026-09-26T10:39:00.795,18,0,0
969,14,157.143,2026-09-26T10:41:37.938,18,0,0
969,15,163.658,2026-09-26T10:44:21.596,18,0,0
969,16,160.906,2026-09-26T10:47:02.502,17,0,0
969,17,148.66,2026-09-26T10:49:31.162,17,0,0
969,18,164.902,2026-09-26T10:52:16.064,17,0,0
969,19,154.811,2026-09-26T10:54:50.875,17,0,0
969,20,157.88,2026-09-26T10:57:28.755,17,0,0
969,21,153.681,2026-09-26T11:00:02.436,17,0,0
969,22,147.389,2026-09-26T11:02:29.825,17,0,0
969,23,155.387,2026-09-26T11:05:05.212,17,0,0
969,24,155.145,2026-09-26T11:07:40.357,17,0,0
969,25,149.009,2026-09-26T11:10:09.366,16,0,0
969,26,154.778,2026-09-26T11:12:44.144,16,0,0
969,27,149.318,2026-09-26T11:15:13.462,15,0,0
969,28,165.535,2026-09-26T11:17:58.997,15,0,0
969,29,158.127,2026-09-26T11:20:37.124,14,0,0
969,30,155.273,2026-09-26T11:23:12.397,14,0,0
969,31,153.416,2026-09-26T11:25:45.813,14,0,0
969,32,159.196,2026-09-26T11:28:25.009,15,0,0
969,33,152.756,2026-09-26T11:30:57.765,15,0,0
969,34,153.661,2026-09-26T11:33:31.426,14,0,0
969,35,149.969,2026-09-26T11:36:01.395,15,0,0
969,36,155.346,2026-09-26T11:38:36.741,15,0,0
969,37,163.171,2026-09-26T11:41:19.912,14,0,0
969,38,174.76,2026-09-26T11:44:14.672,14,0,0
969,39,158.655,2026-09-26T11:46:53.327,13,0,0
969,40,148.232,2026-09-26T11:49:21.559,12,0,0
969,41,350.459,2026-09-26T11:55:12.018,16,1,0
969,42,188.334,2026-09-26T11:58:20.352,16,0,0
969,43,163.845,2026-09-26T12:01:04.197,16,0,0
969,44,157.539,2026-09-26T12:03:41.736,16,0,0
969,45,159.614,2026-09-26T12:06:21.35,14,0,0
969,46,159.632,2026-09-26T12:09:00.982,14,0,0
969,47,154.531,2026-09-26T12:11:35.513,13,0,0
969,48,154.409,2026-09-26T12:14:09.922,12,0,0
969,49,162.673,2026-09-26T12:16:52.595,12,0,0
969,50,154.101,2026-09-26T12:19:26.696,11,0,0
969,51,160.644,2026-09-26T12:22:07.34,11,0,0
969,52,153.173,2026-09-26T12:24:40.513,11,0,0
969,53,153.235,2026-09-26T12:27:13.748,9,0,0
969,54,153.241,2026-09-26T12:29:46.989,9,0,0
969,55,158.633,2026-09-26T12:32:25.622,9,0,0
969,56,153.651,2026-09-26T12:34:59.273,9,0,0
969,57,146.689,2026-09-26T12:37:25.962,9,0,0
969,58,147.092,2026-09-26T12:39:53.054,9,0,0
969,59,169.411,2026-09-26T12:42:42.465,9,0,0
969,60,163.797,2026-09-26T12:45:26.262,9,0,0
969,61,147.823,2026-09-26T12:47:54.085,9,0,0
969,62,149.264,2026-09-26T12:50:23.349,8,0,0
969,63,148.515,2026-09-26T12:52:51.864,8,0,0
969,64,158.401,2026-09-26T12:55:30.265,8,0,0
969,65,152.955,2026-09-26T12:58:03.22,8,0,0
969,66,150.031,2026-09-26T13:00:33.251,6,0,0
969,67,149.857,2026-09-26T13:03:03.108,6,0,0
969,68,151.105,2026-09-26T13:05:34.213,7,0,0
969,69,157.908,2026-09-26T13:08:12.121,7,0,0
969,70,193.359,2026-09-26T13:11:25.48,7,1,0
969,71,296.35,2026-09-26T13:16:21.83,10,0,0
969,72,150.526,2026-09-26T13:18:52.356,10,0,0
969,73,147.691,2026-09-26T13:21:20.047,10,0,0
969,74,154.614,2026-09-26T13:23:54.661,10,0,0
969,75,149.163,2026-09-26T13:26:23.824,10,0,0
969,76,152.965,2026-09-26T13:28:56.789,9,0,0
969,77,152.862,2026-09-26T13:31:29.651,9,0,0
969,78,156.264,2026-09-26T13:34:05.915,9,0,0
969,79,153.165,2026-09-26T13:36:39.08,9,0,0
969,80,153.01,2026-09-26T13:39:12.09,9,0,0
969,81,155.427,2026-09-26T13:41:47.517,9,0,0
969,82,155.355,2026-09-26T13:44:22.872,9,0,0
969,83,179.396,2026-09-26T13:47:22.268,10,1,0
969,84,1571.427,2026-09-26T14:13:33.695,24,0,0
969,85,158.828,2026-09-26T14:16:12.523,24,0,0
969,86,156.106,2026-09-26T14:18:48.629,23,0,0
969,87,300.118,2026-09-26T14:23:48.747,23,1,0
969,88,337.495,2026-09-26T14:29:26.242,25,0,0
969,89,149.776,2026-09-26T14:31:56.018,25,0,0
969,90,149.211,2026-09-26T14:34:25.229,25,0,0
969,91,152.669,2026-09-26T14:36:57.898,25,0,0
969,92,155.732,2026-09-26T14:39:33.63,25,0,0
969,93,148.232,2026-09-26T14:42:01.862,25,0,0
969,94,159.275,2026-09-26T14:44:41.137,25,0,0
969,95,156.324,2026-09-26T14:47:17.461,25,0,0
969,96,156.266,2026-09-26T14:49:53.727,25,0,0
969,97,174.951,2026-09-26T14:52:48.678,24,0,0
969,98,165.74,2026-09-26T14:55:34.418,24,0,0
969,99,163.246,2026-09-26T14:58:17.664,24,0,0
969,100,166.609,2026-09-26T15:01:04.273,24,0,0
969,101,158.619,2026-09-26T15:03:42.892,24,0,0
969,102,188.184,2026-09-26T15:06:51.076,24,1,0
969,103,1025.937,2026-09-26T15:23:57.013,30,0,0
969,104,174.135,2026-09-26T15:26:51.148,30,0,0
969,105,207.452,2026-09-26T15:30:18.6,29,0,0
969,106,218.963,2026-09-26T15:33:57.563,29,0,0
969,107,158.959,2026-09-26T15:36:36.522,29,0,0
969,108,154.656,2026-09-26T15:39:11.178,29,0,0
969,109,158.716,2026-09-26T15:41:49.894,29,0,0
969,110,157.382,2026-09-26T15:44:27.276,29,0,0
969,111,153.145,2026-09-26T15:47:00.421,29,0,0
969,112,157.081,2026-09-26T15:49:37.502,28,0,0
969,113,164.46,2026-09-26T15:52:21.962,26,0,0
969,114,173.66,2026-09-26T15:55:15.622,26,0,0
969,115,1825.404,2026-09-26T16:25:41.026,35,0,0
969,116,160.017,2026-09-26T16:28:21.043,34,0,0
969,117,161.92,2026-09-26T16:31:02.963,34,0,0
969,118,163.959,2026-09-26T16:33:46.922,34,0,0
969,119,158.032,2026-09-26T16:36:24.954,33,0,0
969,120,157.474,2026-09-26T16:39:02.428,33,0,0
969,121,155.776,2026-09-26T16:41:38.204,32,0,0
969,122,161.831,2026-09-26T16:44:20.035,32,0,0
969,123,198.068,2026-09-26T16:47:38.103,30,1,0
969,124,58282.702,2026-09-27T08:59:00.805,50,0,0
969,125,175.651,2026-09-27T09:01:56.456,50,0,0
969,126,168.894,2026-09-27T09:04:45.35,50,0,0
969,127,172.782,2026-09-27T09:07:38.132,50,0,0
969,128,172.751,2026-09-27T09:10:30.883,49,0,0
969,129,171.179,2026-09-27T09:13:22.062,49,0,0
969,130,159.457,2026-09-27T09:16:01.519,48,0,0
969,131,157.881,2026-09-27T09:18:39.4,48,0,0
969,132,167.45,2026-09-27T09:21:26.85,48,0,0
969,133,183.698,2026-09-27T09:24:30.548,48,0,0
969,134,162.628,2026-09-27T09:27:13.176,48,0,0
969,135,155.235,2026-09-27T09:29:48.411,48,0,0
969,136,156.721,2026-09-27T09:32:25.132,48,0,0
969,137,156.562,2026-09-27T09:35:01.694,48,0,0
969,138,166.034,2026-09-27T09:37:47.728,48,0,0
969,139,152.866,2026-09-27T09:40:20.594,48,0,0
969,140,155.341,2026-09-27T09:42:55.935,47,0,0
969,141,157.61,2026-09-27T09:45:33.545,47,0,0
969,142,161.703,2026-09-27T09:48:15.248,47,0,0
969,143,174.139,2026-09-27T09:51:09.387,47,0,0
969,144,152.755,2026-09-27T09:53:42.142,47,0,0
969,145,153.622,2026-09-27T09:56:15.764,47,0,0
969,146,149.619,2026-09-27T09:58:45.383,47,0,0
969,147,155.159,2026-09-27T10:01:20.542,47,0,0
969,148,152.65,2026-09-27T10:03:53.192,47,0,0
969,149,151.248,2026-09-27T10:06:24.44,47,0,0
969,150,152.221,2026-09-27T10:08:56.661,47,0,0
969,151,146.647,2026-09-27T10:11:23.308,47,0,0
969,152,159.302,2026-09-27T10:14:02.61,47,0,0
969,153,156.825,2026-09-27T10:16:39.435,45,0,0
969,154,152.164,2026-09-27T10:19:11.599,45,0,0
969,155,151.156,2026-09-27T10:21:42.755,45,0,0
969,156,146.167,2026-09-27T10:24:08.922,45,0,0
969,157,1197.564,2026-09-27T10:44:06.486,45,0,0
969,158,151.584,2026-09-27T10:46:38.07,45,0,0
969,159,151.062,2026-09-27T10:49:09.132,45,0,0
969,160,156.447,2026-09-27T10:51:45.579,45,0,0
969,161,151.577,2026-09-27T10:54:17.156,45,0,0
969,162,147.748,2026-09-27T10:56:44.904,44,0,0
969,163,148.712,2026-09-27T10:59:13.616,44,0,0
969,164,146.904,2026-09-27T11:01:40.52,44,0,0
969,165,152.291,2026-09-27T11:04:12.811,43,0,0
969,166,164.672,2026-09-27T11:06:57.483,43,0,0
969,167,159.811,2026-09-27T11:09:37.294,43,0,0
969,168,148.787,2026-09-27T11:12:06.081,43,0,0
969,169,148.221,2026-09-27T11:14:34.302,42,0,0
969,170,153.932,2026-09-27T11:17:08.234,42,0,0
969,171,149.356,2026-09-27T11:19:37.59,41,0,0
969,172,151.196,2026-09-27T11:22:08.786,41,0,0
969,173,160.988,2026-09-27T11:24:49.774,40,0,0
969,174,153.778,2026-09-27T11:27:23.552,40,0,0
969,175,872.332,2026-09-27T11:41:55.884,41,1,0
969,176,197.099,2026-09-27T11:45:12.983,41,0,0
969,177,160.398,2026-09-27T11:47:53.381,41,0,0
969,178,152.921,2026-09-27T11:50:26.302,40,0,0
969,179,153.253,2026-09-27T11:52:59.555,39,0,0
969,180,151.732,2026-09-27T11:55:31.287,39,0,0
969,181,154.326,2026-09-27T11:58:05.613,39,0,0
969,182,149.641,2026-09-27T12:00:35.254,39,0,0
969,183,152.353,2026-09-27T12:03:07.607,39,0,0
969,184,155.421,2026-09-27T12:05:43.028,39,0,0
969,185,153.275,2026-09-27T12:08:16.303,38,0,0
969,186,161.607,2026-09-27T12:10:57.91,38,0,0
969,187,150.745,2026-09-27T12:13:28.655,38,0,0
969,188,149.698,2026-09-27T12:15:58.353,38,0,0
969,189,151.807,2026-09-27T12:18:30.16,38,0,0
969,190,153.265,2026-09-27T12:21:03.425,38,0,0
969,191,154.923,2026-09-27T12:23:38.348,38,0,0
969,192,153.071,2026-09-27T12:26:11.419,38,0,0
969,193,153.143,2026-09-27T12:28:44.562,38,0,0
969,194,157.09,2026-09-27T12:31:21.652,38,0,0
969,195,149.56,2026-09-27T12:33:51.212,38,0,0
969,196,148.667,2026-09-27T12:36:19.879,38,0,0
969,197,148.626,2026-09-27T12:38:48.505,38,0,0
969,198,161.08,2026-09-27T12:41:29.585,38,0,0
969,199,170.324,2026-09-27T12:44:19.909,38,0,0
969,200,175.88,2026-09-27T12:47:15.789,38,1,0
969,201,365.033,2026-09-27T12:53:20.822,38,0,0
969,202,147.006,2026-09-27T12:55:47.828,38,0,0
969,203,156.0,2026-09-27T12:58:23.828,38,0,0
969,204,146.637,2026-09-27T13:00:50.465,38,0,0
969,205,148.705,2026-09-27T13:03:19.17,38,0,0
969,206,155.732,2026-09-27T13:05:54.902,38,0,0
969,207,151.584,2026-09-27T13:08:26.486,37,0,0
969,208,150.851,2026-09-27T13:10:57.337,36,0,0
969,209,152.997,2026-09-27T13:13:30.334,35,0,0
969,210,153.758,2026-09-27T13:16:04.092,35,0,0
969,211,158.668,2026-09-27T13:18:42.76,35,0,0
969,212,154.756,2026-09-27T13:21:17.516,35,0,0
969,213,159.384,2026-09-27T13:23:56.9,35,0,0
969,214,158.145,2026-09-27T13:26:35.045,35,0,0
969,215,161.41,2026-09-27T13:29:16.455,35,0,0
969,216,159.939,2026-09-27T13:31:56.394,35,0,0
969,217,161.424,2026-09-27T13:34:37.818,35,0,0
969,218,191.459,2026-09-27T13:37:49.277,35,1,0
969,219,399.129,2026-09-27T13:44:28.406,34,0,0
969,220,323.97,2026-09-27T13:49:52.376,35,1,0
969,221,204.741,2026-09-27T13:53:17.117,35,0,0
969,222,148.339,2026-09-27T13:55:45.456,35,0,0
969,223,144.751,2026-09-27T13:58:10.207,35,0,0
969,224,153.266,2026-09-27T14:00:43.473,35,0,0
969,225,150.043,2026-09-27T14:03:13.516,35,0,0
969,226,149.846,2026-09-27T14:05:43.362,35,0,0
969,227,152.081,2026-09-27T14:08:15.443,34,0,0
969,228,150.464,2026-09-27T14:10:45.907,34,0,0
969,229,161.157,2026-09-27T14:13:27.064,34,0,0
969,230,156.875,2026-09-27T14:16:03.939,34,0,0
969,231,156.68,2026-09-27T14:18:40.619,34,0,0
969,232,159.987,2026-09-27T14:21:20.606,34,0,0
969,233,156.716,2026-09-27T14:23:57.322,34,0,0
969,234,155.351,2026-09-27T14:26:32.673,34,0,0
969,235,156.076,2026-09-27T14:29:08.749,34,0,0
969,236,160.96,2026-09-27T14:31:49.709,34,0,0
969,237,156.887,2026-09-27T14:34:26.596,34,0,0
969,238,182.575,2026-09-27T14:37:29.171,34,1,0
969,239,624.645,2026-09-27T14:47:53.816,34,1,0
969,240,1576.67,2026-09-27T15:14:10.486,36,1,0
969,241,190.764,2026-09-27T15:17:21.25,36,0,0
969,242,144.803,2026-09-27T15:19:46.053,36,0,0
969,243,147.212,2026-09-27T15:22:13.265,36,0,0
969,244,150.905,2026-09-27T15:24:44.17,36,0,0
969,245,147.423,2026-09-27T15:27:11.593,36,0,0
969,246,146.476,2026-09-27T15:29:38.069,36,0,0
969,247,149.225,2026-09-27T15:32:07.294,36,0,0
988,1,233.855,2026-09-26T10:15:51.386,94,1,0
988,2,3425.405,2026-09-26T11:12:56.791,99,0,0
988,3,166.122,2026-09-26T11:15:42.913,99,0,0
988,4,167.775,2026-09-26T11:18:30.688,99,0,0
988,5,176.442,2026-09-26T11:21:27.13,99,0,0
988,6,162.377,2026-09-26T11:24:09.507,99,0,0
988,7,164.878,2026-09-26T11:26:54.385,99,0,0
988,8,170.255,2026-09-26T11:29:44.64,98,0,0
988,9,163.069,2026-09-26T11:32:27.709,97,0,0
988,10,164.229,2026-09-26T11:35:11.938,95,0,0
988,11,181.952,2026-09-26T11:38:13.89,94,0,0
988,12,181.898,2026-09-26T11:41:15.788,93,0,0
988,13,189.803,2026-09-26T11:44:25.591,91,0,0
988,14,185.348,2026-09-26T11:47:30.939,91,1,0
988,15,486.456,2026-09-26T11:55:37.395,90,0,0
988,16,157.563,2026-09-26T11:58:14.958,90,0,0
988,17,165.622,2026-09-26T12:01:00.58,89,0,0
988,18,158.26,2026-09-26T12:03:38.84,89,0,0
988,19,473.999,2026-09-26T12:11:32.839,89,1,0
988,20,206.848,2026-09-26T12:14:59.687,89,0,0
988,21,167.031,2026-09-26T12:17:46.718,88,0,0
988,22,175.334,2026-09-26T12:20:42.052,88,0,0
988,23,158.41,2026-09-26T12:23:20.462,88,0,0
988,24,183.647,2026-09-26T12:26:24.109,87,1,0
988,25,390.503,2026-09-26T12:32:54.612,87,0,0
988,26,162.467,2026-09-26T12:35:37.079,87,0,0
988,27,173.178,2026-09-26T12:38:30.257,87,0,0
988,28,154.019,2026-09-26T12:41:04.276,86,0,0
988,29,167.528,2026-09-26T12:43:51.804,86,0,0
988,30,161.045,2026-09-26T12:46:32.849,85,0,0
988,31,151.781,2026-09-26T12:49:04.63,85,0,0
988,32,153.577,2026-09-26T12:51:38.207,85,0,0
988,33,154.914,2026-09-26T12:54:13.121,84,0,0
988,34,147.391,2026-09-26T12:56:40.512,83,0,0
988,35,163.288,2026-09-26T12:59:23.8,83,0,0
988,36,163.296,2026-09-26T13:02:07.096,83,0,0
988,37,170.21,2026-09-26T13:04:57.306,83,1,0
988,38,1146.17,2026-09-26T13:24:03.476,83,0,0
988,39,157.643,2026-09-26T13:26:41.119,83,0,0
988,40,167.843,2026-09-26T13:29:28.962,81,0,0
988,41,157.971,2026-09-26T13:32:06.933,79,0,0
988,42,162.44,2026-09-26T13:34:49.373,79,0,0
988,43,148.721,2026-09-26T13:37:18.094,78,0,0
988,44,155.374,2026-09-26T13:39:53.468,78,0,0
988,45,166.389,2026-09-26T13:42:39.857,76,0,0
988,46,155.779,2026-09-26T13:45:15.636,76,0,0
988,47,154.723,2026-09-26T13:47:50.359,76,0,0
988,48,148.732,2026-09-26T13:50:19.091,76,0,0
988,49,153.071,2026-09-26T13:52:52.162,76,0,0
988,50,156.095,2026-09-26T13:55:28.257,73,0,0
988,51,143.481,2026-09-26T13:57:51.738,73,0,0
988,52,148.018,2026-09-26T14:00:19.756,73,0,0
988,53,156.576,2026-09-26T14:02:56.332,73,0,0
988,54,154.598,2026-09-26T14:05:30.93,73,0,0
988,55,149.434,2026-09-26T14:08:00.364,72,0,0
988,56,533.82,2026-09-26T14:16:54.184,73,1,0
988,57,205.439,2026-09-26T14:20:19.623,72,0,0
988,58,150.171,2026-09-26T14:22:49.794,72,0,0
988,59,152.014,2026-09-26T14:25:21.808,71,0,0
988,60,156.873,2026-09-26T14:27:58.681,71,0,0
988,61,152.956,2026-09-26T14:30:31.637,71,0,0
988,62,154.37,2026-09-26T14:33:06.007,71,0,0
988,63,149.37,2026-09-26T14:35:35.377,70,0,0
988,64,153.605,2026-09-26T14:38:08.982,70,0,0
988,65,152.93,2026-09-26T14:40:41.912,70,0,0
988,66,150.255,2026-09-26T14:43:12.167,69,0,0
988,67,160.709,2026-09-26T14:45:52.876,68,0,0
988,68,157.728,2026-09-26T14:48:30.604,68,0,0
988,69,162.439,2026-09-26T14:51:13.043,68,0,0
988,70,154.653,2026-09-26T14:53:47.696,66,0,0
988,71,196.455,2026-09-26T14:57:04.151,64,0,0
988,72,169.41,2026-09-26T14:59:53.561,64,0,0
988,73,157.865,2026-09-26T15:02:31.426,63,0,0
988,74,150.11,2026-09-26T15:05:01.536,62,0,0
988,75,152.804,2026-09-26T15:07:34.34,61,0,0
988,76,191.68,2026-09-26T15:10:46.02,61,1,0
988,77,656.869,2026-09-26T15:21:42.889,63,0,0
988,78,157.159,2026-09-26T15:24:20.048,62,0,0
988,79,160.284,2026-09-26T15:27:00.332,61,0,0
988,80,198.483,2026-09-26T15:30:18.815,60,0,0
988,81,211.078,2026-09-26T15:33:49.893,59,0,0
988,82,154.197,2026-09-26T15:36:24.09,59,0,0
988,83,156.466,2026-09-26T15:39:00.556,58,0,0
988,84,208.104,2026-09-26T15:42:28.66,58,1,0
988,85,817.25,2026-09-26T15:56:05.91,60,0,1
988,86,283.308,2026-09-26T16:00:49.218,60,0,1
988,87,238.08,2026-09-26T16:04:47.298,59,0,1
988,88,237.611,2026-09-26T16:08:44.909,58,0,1
988,89,239.935,2026-09-26T16:12:44.844,57,0,1
988,90,264.735,2026-09-26T16:17:09.579,57,0,0
988,91,151.055,2026-09-26T16:19:40.634,57,0,0
988,92,143.886,2026-09-26T16:22:04.52,57,0,0
988,93,144.875,2026-09-26T16:24:29.395,57,0,0
988,94,154.718,2026-09-26T16:27:04.113,56,0,0
988,95,148.668,2026-09-26T16:29:32.781,56,0,0
988,96,144.711,2026-09-26T16:31:57.492,56,0,0
988,97,150.039,2026-09-26T16:34:27.531,55,0,0
988,98,146.197,2026-09-26T16:36:53.728,54,0,0
988,99,146.367,2026-09-26T16:39:20.095,54,0,0
988,100,149.147,2026-09-26T16:41:49.242,54,1,0
988,101,1041.642,2026-09-26T16:59:10.884,57,0,0
988,102,143.59,2026-09-26T17:01:34.474,57,0,0
988,103,144.674,2026-09-26T17:03:59.148,57,0,0
988,104,150.769,2026-09-26T17:06:29.917,57,0,0
988,105,166.231,2026-09-26T17:09:16.148,57,0,0
988,106,164.301,2026-09-26T17:12:00.449,57,0,0
988,107,169.355,2026-09-26T17:14:49.804,55,1,0
988,108,1963.595,2026-09-26T17:47:33.399,64,0,0
988,109,150.929,2026-09-26T17:50:04.328,64,0,0
988,110,192.648,2026-09-26T17:53:16.976,64,0,1
988,111,233.414,2026-09-26T17:57:10.39,64,0,1
988,112,299.55,2026-09-26T18:02:09.94,64,0,1
988,113,53955.173,2026-09-27T09:01:25.113,65,0,0
988,114,174.721,2026-09-27T09:04:19.834,65,0,0
988,115,181.49,2026-09-27T09:07:21.324,65,0,0
988,116,171.828,2026-09-27T09:10:13.152,65,0,0
988,117,168.483,2026-09-27T09:13:01.635,64,0,0
988,118,165.39,2026-09-27T09:15:47.025,64,0,0
988,119,167.653,2026-09-27T09:18:34.678,63,0,0
988,120,169.569,2026-09-27T09:21:24.247,63,0,0
988,121,180.325,2026-09-27T09:24:24.572,63,0,0
988,122,167.257,2026-09-27T09:27:11.829,63,0,0
988,123,155.606,2026-09-27T09:29:47.435,62,0,0
988,124,157.107,2026-09-27T09:32:24.542,62,0,0
988,125,158.073,2026-09-27T09:35:02.615,61,0,0
988,126,171.311,2026-09-27T09:37:53.926,61,0,0
988,127,153.376,2026-09-27T09:40:27.302,61,0,0
988,128,161.502,2026-09-27T09:43:08.804,60,0,0
988,129,187.054,2026-09-27T09:46:15.858,60,1,0
988,130,959.556,2026-09-27T10:02:15.414,61,0,0
988,131,166.487,2026-09-27T10:05:01.901,61,0,0
988,132,157.323,2026-09-27T10:07:39.224,61,0,0
988,133,164.576,2026-09-27T10:10:23.8,60,0,0
988,134,155.96,2026-09-27T10:12:59.76,60,0,0
988,135,156.242,2026-09-27T10:15:36.002,60,0,0
988,136,155.489,2026-09-27T10:18:11.491,60,0,0
988,137,158.798,2026-09-27T10:20:50.289,60,0,0
988,138,151.857,2026-09-27T10:23:22.146,60,0,0
988,139,1196.28,2026-09-27T10:43:18.426,60,0,0
988,140,156.276,2026-09-27T10:45:54.702,59,0,0
988,141,500.987,2026-09-27T10:54:15.689,60,1,0
988,142,197.954,2026-09-27T10:57:33.643,60,0,0
988,143,152.704,2026-09-27T11:00:06.347,59,0,0
988,144,168.057,2026-09-27T11:02:54.404,59,0,0
988,145,157.839,2026-09-27T11:05:32.243,58,0,0
988,146,151.578,2026-09-27T11:08:03.821,58,0,0
988,147,146.571,2026-09-27T11:10:30.392,58,0,0
988,148,149.821,2026-09-27T11:13:00.213,57,0,0
988,149,145.931,2026-09-27T11:15:26.144,57,0,0
988,150,163.674,2026-09-27T11:18:09.818,57,0,0
988,151,155.888,2026-09-27T11:20:45.706,57,0,0
988,152,152.857,2026-09-27T11:23:18.563,57,0,0
988,153,150.777,2026-09-27T11:25:49.34,57,0,0
988,154,148.53,2026-09-27T11:28:17.87,57,0,0
988,155,151.55,2026-09-27T11:30:49.42,56,0,0
988,156,156.276,2026-09-27T11:33:25.696,56,0,0
988,157,156.584,2026-09-27T11:36:02.28,56,0,0
988,158,142.801,2026-09-27T11:38:25.081,56,0,0
988,159,146.526,2026-09-27T11:40:51.607,56,0,0
988,160,148.342,2026-09-27T11:43:19.949,56,0,0
988,161,158.433,2026-09-27T11:45:58.382,56,0,0
988,162,151.95,2026-09-27T11:48:30.332,56,0,0
988,163,144.966,2026-09-27T11:50:55.298,56,0,0
988,164,154.673,2026-09-27T11:53:29.971,56,0,0
988,165,148.155,2026-09-27T11:55:58.126,55,0,0
988,166,150.223,2026-09-27T11:58:28.349,55,0,0
988,167,151.974,2026-09-27T12:01:00.323,55,0,0
988,168,154.758,2026-09-27T12:03:35.081,55,0,0
988,169,152.185,2026-09-27T12:06:07.266,55,0,0
988,170,165.715,2026-09-27T12:08:52.981,55,0,0
988,171,145.491,2026-09-27T12:11:18.472,54,0,0
988,172,148.888,2026-09-27T12:13:47.36,54,0,0
988,173,155.497,2026-09-27T12:16:22.857,54,0,0
988,174,153.585,2026-09-27T12:18:56.442,54,0,0
988,175,156.763,2026-09-27T12:21:33.205,54,0,0
988,176,157.78,2026-09-27T12:24:10.985,54,0,0
988,177,515.401,2026-09-27T12:32:46.386,54,1,0
988,178,188.346,2026-09-27T12:35:54.732,53,0,0
988,179,156.251,2026-09-27T12:38:30.983,52,0,0
988,180,158.203,2026-09-27T12:41:09.186,51,0,0
988,181,167.624,2026-09-27T12:43:56.81,51,0,0
988,182,148.926,2026-09-27T12:46:25.736,51,0,0
988,183,152.124,2026-09-27T12:48:57.86,51,0,0
988,184,151.39,2026-09-27T12:51:29.25,51,0,0
988,185,154.963,2026-09-27T12:54:04.213,50,0,0
988,186,148.57,2026-09-27T12:56:32.783,48,0,0
988,187,147.596,2026-09-27T12:59:00.379,48,0,0
988,188,148.93,2026-09-27T13:01:29.309,48,0,0
988,189,146.702,2026-09-27T13:03:56.011,47,0,0
988,190,152.534,2026-09-27T13:06:28.545,47,0,0
988,191,150.743,2026-09-27T13:08:59.288,47,0,0
988,192,151.768,2026-09-27T13:11:31.056,47,0,0
988,193,150.547,2026-09-27T13:14:01.603,47,0,0
988,194,148.019,2026-09-27T13:16:29.622,47,0,0
988,195,144.359,2026-09-27T13:18:53.981,47,0,0
988,196,152.575,2026-09-27T13:21:26.556,46,0,0
988,197,151.537,2026-09-27T13:23:58.093,46,0,0
988,198,157.295,2026-09-27T13:26:35.388,46,0,0
988,199,148.328,2026-09-27T13:29:03.716,46,0,0
988,200,147.99,2026-09-27T13:31:31.706,45,0,0
988,201,152.17,2026-09-27T13:34:03.876,45,0,0
988,202,143.448,2026-09-27T13:36:27.324,45,0,0
988,203,146.649,2026-09-27T13:38:53.973,44,0,0
988,204,143.313,2026-09-27T13:41:17.286,44,0,0
988,205,144.883,2026-09-27T13:43:42.169,44,0,0
988,206,151.719,2026-09-27T13:46:13.888,44,0,0
988,207,143.13,2026-09-27T13:48:37.018,43,0,0
988,208,144.737,2026-09-27T13:51:01.755,43,0,0
988,209,153.034,2026-09-27T13:53:34.789,43,0,0
988,210,147.452,2026-09-27T13:56:02.241,43,0,0
988,211,157.791,2026-09-27T13:58:40.032,43,0,0
988,212,149.117,2026-09-27T14:01:09.149,43,0,0
988,213,149.497,2026-09-27T14:03:38.646,42,0,0
988,214,538.19,2026-09-27T14:12:36.836,44,1,0
988,215,195.821,2026-09-27T14:15:52.657,44,0,0
988,216,150.434,2026-09-27T14:18:23.091,44,0,0
988,217,145.872,2026-09-27T14:20:48.963,44,0,0
988,218,157.179,2026-09-27T14:23:26.142,43,0,0
988,219,144.017,2026-09-27T14:25:50.159,41,0,0
988,220,145.356,2026-09-27T14:28:15.515,41,0,0
988,221,147.734,2026-09-27T14:30:43.249,41,0,0
988,222,149.389,2026-09-27T14:33:12.638,41,0,0
988,223,149.355,2026-09-27T14:35:41.993,41,0,0
988,224,152.357,2026-09-27T14:38:14.35,39,0,0
988,225,149.743,2026-09-27T14:40:44.093,39,0,0
988,226,157.474,2026-09-27T14:43:21.567,39,0,0
988,227,143.096,2026-09-27T14:45:44.663,39,0,0
988,228,143.479,2026-09-27T14:48:08.142,39,0,0
988,229,145.915,2026-09-27T14:50:34.057,39,0,0
988,230,142.071,2026-09-27T14:52:56.128,39,0,0
988,231,148.204,2026-09-27T14:55:24.332,39,0,0
988,232,153.568,2026-09-27T14:57:57.9,39,0,0
988,233,146.363,2026-09-27T15:00:24.263,39,0,0
988,234,154.254,2026-09-27T15:02:58.517,39,0,0
988,235,143.628,2026-09-27T15:05:22.145,39,0,0
988,236,142.621,2026-09-27T15:07:44.766,38,0,0
988,237,143.069,2026-09-27T15:10:07.835,38,0,0
988,238,146.224,2026-09-27T15:12:34.059,37,0,0
988,239,157.355,2026-09-27T15:15:11.414,37,0,0
988,240,151.935,2026-09-27T15:17:43.349,37,0,0
988,241,145.337,2026-09-27T15:20:08.686,37,0,0
988,242,144.667,2026-09-27T15:22:33.353,37,0,0
988,243,145.192,2026-09-27T15:24:58.545,37,0,0
988,244,141.117,2026-09-27T15:27:19.662,37,0,0
988,245,144.835,2026-09-27T15:29:44.497,37,0,0
988,246,143.221,2026-09-27T15:32:07.718,37,0,0
1,1,178.357,2026-09-26T10:04:54.439,9,0,0
1,2,198.363,2026-09-26T10:08:12.802,14,0,0
1,3,165.143,2026-09-26T10:10:57.945,17,0,0
1,4,204.874,2026-09-26T10:14:22.819,21,0,0
1,5,178.096,2026-09-26T10:17:20.915,20,0,0
1,6,179.32,2026-09-26T10:20:20.235,25,0,0
1,7,191.209,2026-09-26T10:23:31.444,26,0,0
1,8,164.009,2026-09-26T10:26:15.453,27,0,0
1,9,168.921,2026-09-26T10:29:04.374,28,0,0
1,10,159.526,2026-09-26T10:31:43.9,28,0,0
1,11,160.017,2026-09-26T10:34:23.917,27,0,0
1,12,165.421,2026-09-26T10:37:09.338,27,0,0
1,13,161.301,2026-09-26T10:39:50.639,27,0,0
1,14,168.529,2026-09-26T10:42:39.168,26,0,0
1,15,170.236,2026-09-26T10:45:29.404,26,0,0
1,16,166.591,2026-09-26T10:48:15.995,26,0,0
1,17,174.691,2026-09-26T10:51:10.686,25,0,0
1,18,154.318,2026-09-26T10:53:45.004,24,0,0
1,19,172.938,2026-09-26T10:56:37.942,25,0,0
1,20,162.501,2026-09-26T10:59:20.443,25,0,0
1,21,169.04,2026-09-26T11:02:09.483,25,0,0
1,22,158.401,2026-09-26T11:04:47.884,25,0,0
1,23,158.546,2026-09-26T11:07:26.43,24,0,0
1,24,155.032,2026-09-26T11:10:01.462,24,0,0
1,25,160.72,2026-09-26T11:12:42.182,24,0,0
1,26,155.557,2026-09-26T11:15:17.739,24,0,0
1,27,163.098,2026-09-26T11:18:00.837,23,0,0
1,28,163.561,2026-09-26T11:20:44.398,24,0,0
1,29,166.559,2026-09-26T11:23:30.957,24,0,0
1,30,159.035,2026-09-26T11:26:09.992,24,0,0
1,31,161.116,2026-09-26T11:28:51.108,24,0,0
1,32,165.897,2026-09-26T11:31:37.005,25,0,0
1,33,161.356,2026-09-26T11:34:18.361,25,0,0
1,34,162.706,2026-09-26T11:37:01.067,24,0,0
1,35,165.394,2026-09-26T11:39:46.461,24,0,0
1,36,155.246,2026-09-26T11:42:21.707,24,0,0
1,37,165.078,2026-09-26T11:45:06.785,24,0,0
1,38,175.475,2026-09-26T11:48:02.26,22,0,0
1,39,158.395,2026-09-26T11:50:40.655,20,0,0
1,40,160.61,2026-09-26T11:53:21.265,19,0,0
1,41,153.614,2026-09-26T11:55:54.879,18,0,0
1,42,183.209,2026-09-26T11:58:58.088,18,1,0
1,43,451.754,2026-09-26T12:06:29.842,22,0,0
1,44,168.488,2026-09-26T12:09:18.33,22,0,0
1,45,163.481,2026-09-26T12:12:01.811,22,0,0
1,46,166.518,2026-09-26T12:14:48.329,22,0,0
1,47,171.404,2026-09-26T12:17:39.733,21,0,0
1,48,174.758,2026-09-26T12:20:34.491,21,0,0
1,49,179.134,2026-09-26T12:23:33.625,20,0,0
1,50,160.483,2026-09-26T12:26:14.108,20,0,0
1,51,453.95,2026-09-26T12:33:48.058,28,1,0
1,52,224.944,2026-09-26T12:37:33.002,28,0,0
1,53,165.231,2026-09-26T12:40:18.233,28,0,0
1,54,156.906,2026-09-26T12:42:55.139,28,0,0
1,55,171.087,2026-09-26T12:45:46.226,28,0,0
1,56,161.102,2026-09-26T12:48:27.328,28,0,0
1,57,166.61,2026-09-26T12:51:13.938,29,0,0
1,58,157.208,2026-09-26T12:53:51.146,28,0,0
1,59,158.794,2026-09-26T12:56:29.94,27,0,0
1,60,171.918,2026-09-26T12:59:21.858,27,0,0
1,61,174.427,2026-09-26T13:02:16.285,26,0,0
1,62,164.027,2026-09-26T13:05:00.312,26,0,0
1,63,155.667,2026-09-26T13:07:35.979,26,0,0
1,64,174.965,2026-09-26T13:10:30.944,27,0,0
1,65,158.073,2026-09-26T13:13:09.017,26,0,0
1,66,163.611,2026-09-26T13:15:52.628,26,0,0
1,67,155.015,2026-09-26T13:18:27.643,25,0,0
1,68,153.716,2026-09-26T13:21:01.359,25,0,0
1,69,157.36,2026-09-26T13:23:38.719,24,0,0
1,70,152.62,2026-09-26T13:26:11.339,23,0,0
1,71,153.532,2026-09-26T13:28:44.871,22,0,0
1,72,162.363,2026-09-26T13:31:27.234,21,0,0
1,73,165.172,2026-09-26T13:34:12.406,22,0,0
1,74,159.509,2026-09-26T13:36:51.915,22,0,0
1,75,162.243,2026-09-26T13:39:34.158,21,0,0
1,76,152.002,2026-09-26T13:42:06.16,21,0,0
1,77,154.111,2026-09-26T13:44:40.271,21,0,0
1,78,149.774,2026-09-26T13:47:10.045,21,0,0
1,79,157.537,2026-09-26T13:49:47.582,21,0,0
1,80,200.734,2026-09-26T13:53:08.316,22,1,0
1,81,563.827,2026-09-26T14:02:32.143,25,1,0
1,82,4467.255,2026-09-26T15:16:59.398,52,1,0
1,83,5020.598,2026-09-26T16:40:39.996,70,0,0
1,84,159.16,2026-09-26T16:43:19.156,70,0,0
1,85,161.109,2026-09-26T16:46:00.265,70,0,0
1,86,164.287,2026-09-26T16:48:44.552,70,0,0
1,87,158.96,2026-09-26T16:51:23.512,70,0,0
1,88,160.227,2026-09-26T16:54:03.739,69,0,0
1,89,158.891,2026-09-26T16:56:42.63,69,0,0
1,90,154.271,2026-09-26T16:59:16.901,69,0,0
1,91,471.88,2026-09-26T17:07:08.781,68,1,0
1,92,267.148,2026-09-26T17:11:35.929,69,0,0
1,93,191.735,2026-09-26T17:14:47.664,69,0,0
1,94,191.791,2026-09-26T17:17:59.455,69,0,0
1,95,185.204,2026-09-26T17:21:04.659,68,0,0
1,96,181.681,2026-09-26T17:24:06.34,68,0,0
1,97,177.158,2026-09-26T17:27:03.498,68,0,0
1,98,167.023,2026-09-26T17:29:50.521,67,0,0
1,99,166.696,2026-09-26T17:32:37.217,67,0,0
1,100,167.358,2026-09-26T17:35:24.575,67,0,0
1,101,164.335,2026-09-26T17:38:08.91,67,0,0
1,102,165.003,2026-09-26T17:40:53.913,67,0,0
1,103,162.229,2026-09-26T17:43:36.142,67,0,0
1,104,177.691,2026-09-26T17:46:33.833,67,0,0
1,105,170.19,2026-09-26T17:49:24.023,67,0,0
1,106,213.78,2026-09-26T17:52:57.803,67,0,1
1,107,234.129,2026-09-26T17:56:51.932,66,0,1
1,108,293.711,2026-09-26T18:01:45.643,66,0,1
1,109,53769.898,2026-09-27T08:57:55.541,67,0,0
1,110,164.169,2026-09-27T09:00:39.71,67,0,0
1,111,180.263,2026-09-27T09:03:39.973,67,0,0
1,112,156.928,2026-09-27T09:06:16.901,67,0,0
1,113,162.406,2026-09-27T09:08:59.307,67,0,0
1,114,157.314,2026-09-27T09:11:36.621,67,0,0
1,115,158.584,2026-09-27T09:14:15.205,67,0,0
1,116,154.81,2026-09-27T09:16:50.015,67,0,0
1,117,157.126,2026-09-27T09:19:27.141,67,0,0
1,118,158.174,2026-09-27T09:22:05.315,67,0,0
1,119,160.423,2026-09-27T09:24:45.738,66,0,0
1,120,159.633,2026-09-27T09:27:25.371,66,0,0
1,121,160.617,2026-09-27T09:30:05.988,66,0,0
1,122,169.908,2026-09-27T09:32:55.896,66,0,0
1,123,153.614,2026-09-27T09:35:29.51,64,0,0
1,124,158.376,2026-09-27T09:38:07.886,64,0,0
1,125,161.546,2026-09-27T09:40:49.432,63,0,0
1,126,172.992,2026-09-27T09:43:42.424,63,0,0
1,127,161.502,2026-09-27T09:46:23.926,63,0,0
1,128,158.241,2026-09-27T09:49:02.167,62,0,0
1,129,153.333,2026-09-27T09:51:35.5,62,0,0
1,130,156.891,2026-09-27T09:54:12.391,60,0,0
1,131,158.807,2026-09-27T09:56:51.198,59,0,0
1,132,155.66,2026-09-27T09:59:26.858,59,0,0
1,133,154.408,2026-09-27T10:02:01.266,58,0,0
1,134,159.98,2026-09-27T10:04:41.246,58,0,0
1,135,149.702,2026-09-27T10:07:10.948,58,0,0
1,136,155.547,2026-09-27T10:09:46.495,58,0,0
1,137,153.18,2026-09-27T10:12:19.675,58,0,0
1,138,153.466,2026-09-27T10:14:53.141,58,0,0
1,139,149.718,2026-09-27T10:17:22.859,58,0,0
1,140,159.586,2026-09-27T10:20:02.445,56,0,0
1,141,150.402,2026-09-27T10:22:32.847,56,0,0
1,142,1161.362,2026-09-27T10:41:54.209,56,0,1
1,143,189.127,2026-09-27T10:45:03.336,56,0,0
1,144,146.305,2026-09-27T10:47:29.641,56,0,0
1,145,158.551,2026-09-27T10:50:08.192,56,0,0
1,146,156.529,2026-09-27T10:52:44.721,56,0,0
1,147,149.642,2026-09-27T10:55:14.363,56,0,0
1,148,153.286,2026-09-27T10:57:47.649,56,0,0
1,149,425.842,2026-09-27T11:04:53.491,56,1,0
1,150,202.645,2026-09-27T11:08:16.136,56,0,0
1,151,164.711,2026-09-27T11:11:00.847,56,0,0
1,152,166.131,2026-09-27T11:13:46.978,55,0,0
1,153,168.94,2026-09-27T11:16:35.918,55,0,0
1,154,165.841,2026-09-27T11:19:21.759,55,0,0
1,155,166.25,2026-09-27T11:22:08.009,55,0,0
1,156,170.407,2026-09-27T11:24:58.416,55,0,0
1,157,167.247,2026-09-27T11:27:45.663,55,0,0
1,158,167.604,2026-09-27T11:30:33.267,55,0,0
1,159,172.679,2026-09-27T11:33:25.946,55,0,0
1,160,165.269,2026-09-27T11:36:11.215,55,0,0
1,161,166.664,2026-09-27T11:38:57.879,55,0,0
1,162,162.281,2026-09-27T11:41:40.16,55,0,0
1,163,163.302,2026-09-27T11:44:23.462,55,0,0
1,164,166.017,2026-09-27T11:47:09.479,55,0,0
1,165,168.389,2026-09-27T11:49:57.868,54,0,0
1,166,165.863,2026-09-27T11:52:43.731,54,0,0
1,167,158.067,2026-09-27T11:55:21.798,54,0,0
1,168,160.892,2026-09-27T11:58:02.69,54,0,0
1,169,163.958,2026-09-27T12:00:46.648,54,0,0
1,170,164.375,2026-09-27T12:03:31.023,54,0,0
1,171,164.018,2026-09-27T12:06:15.041,53,0,0
1,172,166.117,2026-09-27T12:09:01.158,53,0,0
1,173,163.001,2026-09-27T12:11:44.159,52,0,0
1,174,159.49,2026-09-27T12:14:23.649,52,0,0
1,175,157.452,2026-09-27T12:17:01.101,52,0,0
1,176,167.3,2026-09-27T12:19:48.401,52,0,0
1,177,175.712,2026-09-27T12:22:44.113,52,0,0
1,178,161.508,2026-09-27T12:25:25.621,51,0,0
1,179,165.028,2026-09-27T12:28:10.649,50,0,0
1,180,162.027,2026-09-27T12:30:52.676,48,0,0
1,181,159.349,2026-09-27T12:33:32.025,48,0,0
1,182,159.109,2026-09-27T12:36:11.134,47,0,0
1,183,157.576,2026-09-27T12:38:48.71,47,0,0
1,184,161.955,2026-09-27T12:41:30.665,47,0,0
1,185,197.359,2026-09-27T12:44:48.024,45,0,0
1,186,163.362,2026-09-27T12:47:31.386,44,0,0
1,187,165.395,2026-09-27T12:50:16.781,44,0,0
1,188,161.228,2026-09-27T12:52:58.009,44,0,0
1,189,160.624,2026-09-27T12:55:38.633,44,0,0
1,190,166.843,2026-09-27T12:58:25.476,44,0,0
1,191,163.946,2026-09-27T13:01:09.422,44,0,0
1,192,160.105,2026-09-27T13:03:49.527,44,0,0
1,193,175.183,2026-09-27T13:06:44.71,46,0,0
1,194,530.566,2026-09-27T13:15:35.276,46,1,0
1,195,188.913,2026-09-27T13:18:44.189,46,0,0
1,196,163.79,2026-09-27T13:21:27.979,47,0,0
1,197,156.499,2026-09-27T13:24:04.478,47,0,0
1,198,160.187,2026-09-27T13:26:44.665,47,0,0
1,199,167.873,2026-09-27T13:29:32.538,47,0,0
1,200,157.712,2026-09-27T13:32:10.25,46,0,0
1,201,159.932,2026-09-27T13:34:50.182,46,0,0
1,202,158.876,2026-09-27T13:37:29.058,46,0,0
1,203,153.578,2026-09-27T13:40:02.636,45,0,0
1,204,160.752,2026-09-27T13:42:43.388,45,0,0
1,205,154.95,2026-09-27T13:45:18.338,45,0,0
1,206,160.475,2026-09-27T13:47:58.813,45,0,0
1,207,162.227,2026-09-27T13:50:41.04,44,0,0
1,208,157.194,2026-09-27T13:53:18.234,44,0,0
1,209,160.888,2026-09-27T13:55:59.122,44,0,0
1,210,161.28,2026-09-27T13:58:40.402,44,0,0
1,211,165.503,2026-09-27T14:01:25.905,44,0,0
1,212,157.24,2026-09-27T14:04:03.145,44,0,0
1,213,159.068,2026-09-27T14:06:42.213,43,0,0
1,214,156.675,2026-09-27T14:09:18.888,42,0,0
1,215,161.485,2026-09-27T14:12:00.373,42,0,0
1,216,155.649,2026-09-27T14:14:36.022,42,0,0
1,217,163.854,2026-09-27T14:17:19.876,41,0,0
1,218,156.024,2026-09-27T14:19:55.9,41,0,0
1,219,160.517,2026-09-27T14:22:36.417,39,0,0
1,220,153.993,2026-09-27T14:25:10.41,39,0,0
1,221,153.245,2026-09-27T14:27:43.655,39,0,0
1,222,161.392,2026-09-27T14:30:25.047,39,0,0
1,223,156.849,2026-09-27T14:33:01.896,39,0,0
1,224,156.276,2026-09-27T14:35:38.172,38,0,0
1,225,165.53,2026-09-27T14:38:23.702,38,0,0
1,226,159.83,2026-09-27T14:41:03.532,38,0,0
1,227,160.74,2026-09-27T14:43:44.272,38,0,0
1,228,156.011,2026-09-27T14:46:20.283,38,0,0
1,229,161.147,2026-09-27T14:49:01.43,38,0,0
1,230,159.742,2026-09-27T14:51:41.172,38,0,0
1,231,155.095,2026-09-27T14:54:16.267,38,0,0
1,232,154.054,2026-09-27T14:56:50.321,38,0,0
1,233,153.102,2026-09-27T14:59:23.423,38,0,0
1,234,157.59,2026-09-27T15:02:01.013,38,0,0
1,235,157.526,2026-09-27T15:04:38.539,38,0,0
1,236,159.145,2026-09-27T15:07:17.684,37,0,0
1,237,158.359,2026-09-27T15:09:56.043,37,0,0
1,238,158.02,2026-09-27T15:12:34.063,38,0,0
1,239,166.639,2026-09-27T15:15:20.702,38,0,0
1,240,160.722,2026-09-27T15:18:01.424,38,0,0
1,241,159.88,2026-09-27T15:20:41.304,38,0,0
1,242,161.478,2026-09-27T15:23:22.782,38,0,0
1,243,158.686,2026-09-27T15:26:01.468,38,0,0
1,244,159.509,2026-09-27T15:28:40.977,38,0,0
1,245,153.851,2026-09-27T15:31:14.828,38,0,0
328,1,198.206,2026-09-26T10:09:18.56,86,0,0
328,2,199.177,2026-09-26T10:12:37.737,83,0,0
328,3,176.598,2026-09-26T10:15:34.335,78,0,0
328,4,198.589,2026-09-26T10:18:52.924,78,0,0
328,5,179.283,2026-09-26T10:21:52.207,77,0,0
328,6,156.092,2026-09-26T10:24:28.299,76,0,0
328,7,150.657,2026-09-26T10:26:58.956,75,0,0
328,8,158.049,2026-09-26T10:29:37.005,71,0,0
328,9,155.853,2026-09-26T10:32:12.858,68,0,0
328,10,166.063,2026-09-26T10:34:58.921,64,0,0
328,11,146.998,2026-09-26T10:37:25.919,58,0,0
328,12,151.862,2026-09-26T10:39:57.781,55,0,0
328,13,162.669,2026-09-26T10:42:40.45,52,0,0
328,14,168.717,2026-09-26T10:45:29.167,51,0,0
328,15,159.259,2026-09-26T10:48:08.426,46,0,0
328,16,150.94,2026-09-26T10:50:39.366,43,0,0
328,17,148.899,2026-09-26T10:53:08.265,42,0,0
328,18,147.48,2026-09-26T10:55:35.745,39,0,0
328,19,151.634,2026-09-26T10:58:07.379,36,0,0
328,20,172.782,2026-09-26T11:01:00.161,35,0,0
328,21,162.48,2026-09-26T11:03:42.641,33,0,0
328,22,548.162,2026-09-26T11:12:50.803,50,1,0
328,23,191.466,2026-09-26T11:16:02.269,49,0,0
328,24,149.436,2026-09-26T11:18:31.705,47,0,0
328,25,156.771,2026-09-26T11:21:08.476,46,0,0
328,26,151.02,2026-09-26T11:23:39.496,44,0,0
328,27,148.006,2026-09-26T11:26:07.502,43,0,0
328,28,146.725,2026-09-26T11:28:34.227,41,0,0
328,29,154.119,2026-09-26T11:31:08.346,41,0,0
328,30,5110.328,2026-09-26T12:56:18.674,86,0,0
328,31,153.94,2026-09-26T12:58:52.614,86,0,0
328,32,143.687,2026-09-26T13:01:16.301,86,0,0
328,33,150.744,2026-09-26T13:03:47.045,85,0,0
328,34,154.501,2026-09-26T13:06:21.546,84,0,0
328,35,152.847,2026-09-26T13:08:54.393,84,0,0
328,36,156.609,2026-09-26T13:11:31.002,84,0,0
328,37,154.266,2026-09-26T13:14:05.268,84,0,0
328,38,149.391,2026-09-26T13:16:34.659,82,0,0
328,39,154.265,2026-09-26T13:19:08.924,82,0,0
328,40,147.83,2026-09-26T13:21:36.754,80,0,0
328,41,144.242,2026-09-26T13:24:00.996,78,0,0
328,42,153.391,2026-09-26T13:26:34.387,78,0,0
328,43,145.281,2026-09-26T13:28:59.668,76,0,0
328,44,150.996,2026-09-26T13:31:30.664,75,0,0
328,45,156.72,2026-09-26T13:34:07.384,74,0,0
328,46,150.59,2026-09-26T13:36:37.974,74,0,0
328,47,151.992,2026-09-26T13:39:09.966,74,0,0
328,48,149.618,2026-09-26T13:41:39.584,73,0,0
328,49,148.986,2026-09-26T13:44:08.57,73,0,0
328,50,158.212,2026-09-26T13:46:46.782,72,0,0
328,51,163.188,2026-09-26T13:49:29.97,72,0,0
328,52,147.749,2026-09-26T13:51:57.719,72,0,0
328,53,148.96,2026-09-26T13:54:26.679,72,0,0
328,54,146.595,2026-09-26T13:56:53.274,72,0,0
328,55,148.835,2026-09-26T13:59:22.109,71,0,0
328,56,147.643,2026-09-26T14:01:49.752,71,0,0
328,57,148.121,2026-09-26T14:04:17.873,70,0,0
328,58,151.788,2026-09-26T14:06:49.661,70,0,0
328,59,153.148,2026-09-26T14:09:22.809,67,0,0
328,60,148.35,2026-09-26T14:11:51.159,65,0,0
328,61,147.392,2026-09-26T14:14:18.551,65,0,0
328,62,148.895,2026-09-26T14:16:47.446,64,0,0
328,63,150.416,2026-09-26T14:19:17.862,62,0,0
328,64,146.458,2026-09-26T14:21:44.32,62,0,0
328,65,385.21,2026-09-26T14:28:09.53,64,1,0
328,66,300.729,2026-09-26T14:33:10.259,64,0,0
328,67,161.658,2026-09-26T14:35:51.917,64,0,0
328,68,160.358,2026-09-26T14:38:32.275,64,0,0
328,69,161.243,2026-09-26T14:41:13.518,64,0,0
328,70,154.045,2026-09-26T14:43:47.563,63,0,0
328,71,174.247,2026-09-26T14:46:41.81,61,0,0
328,72,157.189,2026-09-26T14:49:18.999,60,0,0
328,73,180.198,2026-09-26T14:52:19.197,59,0,0
328,74,173.619,2026-09-26T14:55:12.816,58,0,0
328,75,159.854,2026-09-26T14:57:52.67,57,0,0
328,76,167.567,2026-09-26T15:00:40.237,57,0,0
328,77,168.517,2026-09-26T15:03:28.754,56,0,0
328,78,182.303,2026-09-26T15:06:31.057,55,0,0
328,79,164.179,2026-09-26T15:09:15.236,54,0,0
328,80,175.62,2026-09-26T15:12:10.856,53,0,0
328,81,4682.547,2026-09-26T16:30:13.403,71,0,0
328,82,161.833,2026-09-26T16:32:55.236,71,0,0
328,83,165.564,2026-09-26T16:35:40.8,69,0,0
328,84,158.205,2026-09-26T16:38:19.005,69,0,0
328,85,162.651,2026-09-26T16:41:01.656,69,0,0
328,86,160.968,2026-09-26T16:43:42.624,69,0,0
328,87,161.609,2026-09-26T16:46:24.233,69,0,0
328,88,156.677,2026-09-26T16:49:00.91,68,0,0
328,89,159.808,2026-09-26T16:51:40.718,68,0,0
328,90,160.46,2026-09-26T16:54:21.178,68,0,0
328,91,154.508,2026-09-26T16:56:55.686,67,0,0
328,92,161.089,2026-09-26T16:59:36.775,67,0,0
328,93,156.567,2026-09-26T17:02:13.342,67,0,0
328,94,150.987,2026-09-26T17:04:44.329,67,0,0
328,95,157.293,2026-09-26T17:07:21.622,66,0,0
328,96,162.466,2026-09-26T17:10:04.088,66,0,0
328,97,174.64,2026-09-26T17:12:58.728,66,0,0
328,98,162.106,2026-09-26T17:15:40.834,66,0,0
328,99,163.066,2026-09-26T17:18:23.9,66,0,0
328,100,267.438,2026-09-26T17:22:51.338,66,1,0
328,101,215.532,2026-09-26T17:26:26.87,65,0,0
328,102,163.328,2026-09-26T17:29:10.198,65,0,0
328,103,152.327,2026-09-26T17:31:42.525,65,0,0
328,104,154.547,2026-09-26T17:34:17.072,65,0,0
328,105,149.312,2026-09-26T17:36:46.384,65,0,0
328,106,164.265,2026-09-26T17:39:30.649,65,0,0
328,107,166.511,2026-09-26T17:42:17.16,64,0,0
328,108,159.951,2026-09-26T17:44:57.111,63,0,0
328,109,160.219,2026-09-26T17:47:37.33,63,0,0
328,110,155.357,2026-09-26T17:50:12.687,63,0,1
328,111,187.621,2026-09-26T17:53:20.308,63,0,1
328,112,232.572,2026-09-26T17:57:12.88,63,0,1
328,113,301.462,2026-09-26T18:02:14.342,62,0,1
328,114,53732.733,2026-09-27T08:57:47.075,62,0,0
328,115,168.844,2026-09-27T09:00:35.919,62,0,0
328,116,168.057,2026-09-27T09:03:23.976,62,0,0
328,117,153.468,2026-09-27T09:05:57.444,61,0,0
328,118,162.476,2026-09-27T09:08:39.92,61,0,0
328,119,144.258,2026-09-27T09:11:04.178,60,0,0
328,120,154.746,2026-09-27T09:13:38.924,60,0,0
328,121,143.455,2026-09-27T09:16:02.379,60,0,0
328,122,151.222,2026-09-27T09:18:33.601,60,0,0
328,123,154.217,2026-09-27T09:21:07.818,59,0,0
328,124,166.541,2026-09-27T09:23:54.359,58,0,0
328,125,141.955,2026-09-27T09:26:16.314,58,0,0
328,126,146.383,2026-09-27T09:28:42.697,58,0,0
328,127,149.704,2026-09-27T09:31:12.401,58,0,0
328,128,147.662,2026-09-27T09:33:40.063,57,0,0
328,129,142.522,2026-09-27T09:36:02.585,57,0,0
328,130,144.212,2026-09-27T09:38:26.797,56,0,0
328,131,146.024,2026-09-27T09:40:52.821,56,0,0
328,132,156.764,2026-09-27T09:43:29.585,56,0,0
328,133,145.544,2026-09-27T09:45:55.129,55,0,0
328,134,149.25,2026-09-27T09:48:24.379,55,0,0
328,135,157.17,2026-09-27T09:51:01.549,55,0,0
328,136,135.34,2026-09-27T09:53:16.889,55,0,0
328,137,137.872,2026-09-27T09:55:34.761,55,0,0
328,138,143.431,2026-09-27T09:57:58.192,55,0,0
328,139,145.761,2026-09-27T10:00:23.953,55,0,0
328,140,145.092,2026-09-27T10:02:49.045,53,0,0
328,141,144.566,2026-09-27T10:05:13.611,53,0,0
328,142,145.355,2026-09-27T10:07:38.966,53,0,0
328,143,145.63,2026-09-27T10:10:04.596,53,0,0
328,144,356.69,2026-09-27T10:16:01.286,52,1,0
328,145,203.377,2026-09-27T10:19:24.663,52,0,0
328,146,144.842,2026-09-27T10:21:49.505,52,0,0
328,147,143.752,2026-09-27T10:24:13.257,52,0,0
328,148,1191.212,2026-09-27T10:44:04.469,52,0,0
328,149,148.197,2026-09-27T10:46:32.666,52,0,0
328,150,139.506,2026-09-27T10:48:52.172,52,0,0
328,151,146.855,2026-09-27T10:51:19.027,52,0,0
328,152,140.671,2026-09-27T10:53:39.698,52,0,0
328,153,147.007,2026-09-27T10:56:06.705,52,0,0
328,154,144.02,2026-09-27T10:58:30.725,52,0,0
328,155,149.508,2026-09-27T11:01:00.233,52,0,0
328,156,140.346,2026-09-27T11:03:20.579,52,0,0
328,157,143.464,2026-09-27T11:05:44.043,51,0,0
328,158,150.292,2026-09-27T11:08:14.335,51,0,0
328,159,141.924,2026-09-27T11:10:36.259,51,0,0
328,160,144.211,2026-09-27T11:13:00.47,51,0,0
328,161,142.689,2026-09-27T11:15:23.159,50,0,0
328,162,154.642,2026-09-27T11:17:57.801,49,0,0
328,163,359.85,2026-09-27T11:23:57.651,51,1,0
328,164,435.985,2026-09-27T11:31:13.636,52,0,0
328,165,167.47,2026-09-27T11:34:01.106,51,0,0
328,166,161.909,2026-09-27T11:36:43.015,50,0,0
328,167,164.791,2026-09-27T11:39:27.806,50,0,0
328,168,157.586,2026-09-27T11:42:05.392,50,0,0
328,169,553.21,2026-09-27T11:51:18.602,51,0,0
328,170,162.108,2026-09-27T11:54:00.71,50,0,0
328,171,155.279,2026-09-27T11:56:35.989,49,0,0
328,172,164.399,2026-09-27T11:59:20.388,49,0,0
328,173,150.856,2026-09-27T12:01:51.244,49,0,0
328,174,157.021,2026-09-27T12:04:28.265,49,0,0
328,175,181.481,2026-09-27T12:07:29.746,49,0,0
328,176,151.713,2026-09-27T12:10:01.459,49,0,0
328,177,151.056,2026-09-27T12:12:32.515,49,0,0
328,178,155.575,2026-09-27T12:15:08.09,48,0,0
328,179,151.776,2026-09-27T12:17:39.866,47,0,0
328,180,154.452,2026-09-27T12:20:14.318,47,0,0
328,181,155.695,2026-09-27T12:22:50.013,47,0,0
328,182,157.412,2026-09-27T12:25:27.425,46,0,0
328,183,163.231,2026-09-27T12:28:10.656,46,0,0
328,184,155.567,2026-09-27T12:30:46.223,46,0,0
328,185,151.844,2026-09-27T12:33:18.067,44,0,0
328,186,154.544,2026-09-27T12:35:52.611,43,0,0
328,187,157.484,2026-09-27T12:38:30.095,43,0,0
328,188,374.346,2026-09-27T12:44:44.441,43,1,0
328,189,201.126,2026-09-27T12:48:05.567,43,0,0
328,190,147.211,2026-09-27T12:50:32.778,43,0,0
328,191,145.433,2026-09-27T12:52:58.211,43,0,0
328,192,142.137,2026-09-27T12:55:20.348,42,0,0
328,193,149.2,2026-09-27T12:57:49.548,42,0,0
328,194,150.758,2026-09-27T13:00:20.306,41,0,0
328,195,143.981,2026-09-27T13:02:44.287,41,0,0
328,196,147.063,2026-09-27T13:05:11.35,41,0,0
328,197,150.954,2026-09-27T13:07:42.304,41,0,0
328,198,154.433,2026-09-27T13:10:16.737,41,0,0
328,199,146.276,2026-09-27T13:12:43.013,41,0,0
328,200,153.262,2026-09-27T13:15:16.275,41,0,0
328,201,149.251,2026-09-27T13:17:45.526,41,0,0
328,202,150.078,2026-09-27T13:20:15.604,41,0,0
328,203,147.78,2026-09-27T13:22:43.384,40,0,0
328,204,153.254,2026-09-27T13:25:16.638,40,0,0
328,205,146.511,2026-09-27T13:27:43.149,40,0,0
328,206,146.077,2026-09-27T13:30:09.226,40,0,0
328,207,151.838,2026-09-27T13:32:41.064,38,0,0
328,208,146.504,2026-09-27T13:35:07.568,38,0,0
328,209,144.716,2026-09-27T13:37:32.284,37,0,0
328,210,148.176,2026-09-27T13:40:00.46,37,0,0
328,211,149.085,2026-09-27T13:42:29.545,37,0,0
328,212,146.074,2026-09-27T13:44:55.619,37,0,0
328,213,148.772,2026-09-27T13:47:24.391,37,0,0
328,214,141.15,2026-09-27T13:49:45.541,37,0,0
328,215,144.242,2026-09-27T13:52:09.783,37,0,0
328,216,145.646,2026-09-27T13:54:35.429,37,0,0
328,217,146.14,2026-09-27T13:57:01.569,37,0,0
328,218,372.813,2026-09-27T14:03:14.382,37,1,0
328,219,226.19,2026-09-27T14:07:00.572,36,0,0
328,220,169.386,2026-09-27T14:09:49.958,36,0,0
328,221,153.894,2026-09-27T14:12:23.852,36,0,0
328,222,159.523,2026-09-27T14:15:03.375,36,0,0
328,223,148.756,2026-09-27T14:17:32.131,36,0,0
328,224,149.696,2026-09-27T14:20:01.827,36,0,0
328,225,153.397,2026-09-27T14:22:35.224,36,0,0
328,226,149.977,2026-09-27T14:25:05.201,36,0,0
328,227,154.064,2026-09-27T14:27:39.265,36,0,0
328,228,151.429,2026-09-27T14:30:10.694,36,0,0
328,229,156.552,2026-09-27T14:32:47.246,36,0,0
328,230,155.797,2026-09-27T14:35:23.043,36,0,0
328,231,157.484,2026-09-27T14:38:00.527,35,0,0
328,232,154.734,2026-09-27T14:40:35.261,35,0,0
328,233,243.001,2026-09-27T14:44:38.262,35,1,0
328,234,901.249,2026-09-27T14:59:39.511,37,0,0
328,235,161.92,2026-09-27T15:02:21.431,37,0,0
328,236,334.855,2026-09-27T15:07:56.286,39,1,0
328,237,195.588,2026-09-27T15:11:11.874,39,0,0
328,238,216.061,2026-09-27T15:14:47.935,40,1,0
328,239,624.425,2026-09-27T15:25:12.36,41,0,0
328,240,139.86,2026-09-27T15:27:32.22,40,0,0
328,241,146.091,2026-09-27T15:29:58.311,40,0,0
328,242,148.584,2026-09-27T15:32:26.895,40,0,0
103,1,217.263,2026-09-26T10:05:31.756,24,0,0
103,2,209.345,2026-09-26T10:09:01.101,34,0,0
103,3,204.037,2026-09-26T10:12:25.138,39,0,0
103,4,187.252,2026-09-26T10:15:32.39,41,0,0
103,5,209.0,2026-09-26T10:19:01.39,49,0,0
103,6,183.194,2026-09-26T10:22:04.584,51,0,0
103,7,173.203,2026-09-26T10:24:57.787,52,0,0
103,8,180.929,2026-09-26T10:27:58.716,58,0,0
103,9,179.326,2026-09-26T10:30:58.042,57,0,0
103,10,206.392,2026-09-26T10:34:24.434,61,1,0
103,11,1235.949,2026-09-26T10:55:00.383,80,0,0
103,12,187.873,2026-09-26T10:58:08.256,80,0,0
103,13,195.259,2026-09-26T11:01:23.515,80,0,0
103,14,175.604,2026-09-26T11:04:19.119,78,0,0
103,15,171.017,2026-09-26T11:07:10.136,77,0,0
103,16,171.65,2026-09-26T11:10:01.786,77,0,0
103,17,167.286,2026-09-26T11:12:49.072,77,0,0
103,18,170.22,2026-09-26T11:15:39.292,77,0,0
103,19,167.876,2026-09-26T11:18:27.168,77,0,0
103,20,173.229,2026-09-26T11:21:20.397,76,0,0
103,21,165.66,2026-09-26T11:24:06.057,75,0,0
103,22,167.125,2026-09-26T11:26:53.182,75,0,0
103,23,162.143,2026-09-26T11:29:35.325,74,0,0
103,24,921.614,2026-09-26T11:44:56.939,79,0,0
103,25,172.001,2026-09-26T11:47:48.94,79,0,0
103,26,165.1,2026-09-26T11:50:34.04,79,0,0
103,27,154.08,2026-09-26T11:53:08.12,78,0,0
103,28,153.563,2026-09-26T11:55:41.683,76,0,0
103,29,154.401,2026-09-26T11:58:16.084,76,0,0
103,30,155.11,2026-09-26T12:00:51.194,74,0,0
103,31,151.887,2026-09-26T12:03:23.081,74,0,0
103,32,158.701,2026-09-26T12:06:01.782,73,0,0
103,33,885.015,2026-09-26T12:20:46.797,75,0,0
103,34,175.726,2026-09-26T12:23:42.523,74,0,0
103,35,174.962,2026-09-26T12:26:37.485,74,0,0
103,36,170.545,2026-09-26T12:29:28.03,73,0,0
103,37,172.993,2026-09-26T12:32:21.023,72,0,0
103,38,165.235,2026-09-26T12:35:06.258,71,0,0
103,39,165.786,2026-09-26T12:37:52.044,70,0,0
103,40,160.972,2026-09-26T12:40:33.016,69,0,0
103,41,166.822,2026-09-26T12:43:19.838,67,0,0
103,42,165.122,2026-09-26T12:46:04.96,67,0,0
103,43,155.268,2026-09-26T12:48:40.228,63,0,0
103,44,950.024,2026-09-26T13:04:30.252,67,0,0
103,45,167.649,2026-09-26T13:07:17.901,66,0,0
103,46,171.765,2026-09-26T13:10:09.666,66,0,0
103,47,169.09,2026-09-26T13:12:58.756,65,0,0
103,48,166.246,2026-09-26T13:15:45.002,64,0,0
103,49,163.709,2026-09-26T13:18:28.711,63,0,0
103,50,161.254,2026-09-26T13:21:09.965,61,0,0
103,51,165.738,2026-09-26T13:23:55.703,61,0,0
103,52,161.264,2026-09-26T13:26:36.967,60,0,0
103,53,165.889,2026-09-26T13:29:22.856,59,0,0
103,54,159.04,2026-09-26T13:32:01.896,59,0,0
103,55,166.47,2026-09-26T13:34:48.366,59,0,0
103,56,155.503,2026-09-26T13:37:23.869,59,0,0
103,57,159.496,2026-09-26T13:40:03.365,58,0,0
103,58,167.584,2026-09-26T13:42:50.949,59,0,0
103,59,164.064,2026-09-26T13:45:35.013,58,0,0
103,60,161.966,2026-09-26T13:48:16.979,57,0,0
103,61,166.866,2026-09-26T13:51:03.845,57,0,0
103,62,175.26,2026-09-26T13:53:59.105,56,1,0
103,63,1691.882,2026-09-26T14:22:10.987,64,0,0
103,64,170.023,2026-09-26T14:25:01.01,64,0,0
103,65,173.229,2026-09-26T14:27:54.239,63,0,0
103,66,170.73,2026-09-26T14:30:44.969,63,0,0
103,67,177.928,2026-09-26T14:33:42.897,63,0,0
103,68,168.612,2026-09-26T14:36:31.509,63,0,0
103,69,163.738,2026-09-26T14:39:15.247,63,0,0
103,70,166.015,2026-09-26T14:42:01.262,62,0,0
103,71,167.867,2026-09-26T14:44:49.129,60,0,0
103,72,165.317,2026-09-26T14:47:34.446,59,0,0
103,73,167.281,2026-09-26T14:50:21.727,57,0,0
103,74,167.066,2026-09-26T14:53:08.793,56,0,0
103,75,174.962,2026-09-26T14:56:03.755,55,0,0
103,76,171.207,2026-09-26T14:58:54.962,55,0,0
103,77,164.328,2026-09-26T15:01:39.29,54,0,0
103,78,158.614,2026-09-26T15:04:17.904,52,0,0
103,79,170.042,2026-09-26T15:07:07.946,51,0,0
103,80,165.246,2026-09-26T15:09:53.192,51,0,0
103,81,173.033,2026-09-26T15:12:46.225,51,0,0
103,82,185.807,2026-09-26T15:15:52.032,50,0,0
103,83,188.573,2026-09-26T15:19:00.605,50,0,0
103,84,160.85,2026-09-26T15:21:41.455,49,0,0
103,85,922.05,2026-09-26T15:37:03.505,52,0,0
103,86,156.863,2026-09-26T15:39:40.368,51,0,0
103,87,155.451,2026-09-26T15:42:15.819,50,0,0
103,88,162.578,2026-09-26T15:44:58.397,50,0,0
103,89,162.086,2026-09-26T15:47:40.483,49,0,0
103,90,157.201,2026-09-26T15:50:17.684,49,0,0
103,91,177.664,2026-09-26T15:53:15.348,49,0,0
103,92,166.571,2026-09-26T15:56:01.919,49,0,1
103,93,1042.403,2026-09-26T16:13:24.322,52,0,1
103,94,1868.165,2026-09-26T16:44:32.487,62,0,0
103,95,180.21,2026-09-26T16:47:32.697,61,0,0
103,96,176.784,2026-09-26T16:50:29.481,61,0,0
103,97,175.164,2026-09-26T16:53:24.645,61,0,0
103,98,184.974,2026-09-26T16:56:29.619,61,0,0
103,99,185.006,2026-09-26T16:59:34.625,61,0,0
103,100,170.212,2026-09-26T17:02:24.837,61,0,0
103,101,178.232,2026-09-26T17:05:23.069,61,0,0
103,102,183.797,2026-09-26T17:08:26.866,61,0,0
103,103,191.524,2026-09-26T17:11:38.39,61,0,0
103,104,183.141,2026-09-26T17:14:41.531,61,0,0
103,105,180.628,2026-09-26T17:17:42.159,60,0,0
103,106,175.856,2026-09-26T17:20:38.015,60,0,0
103,107,164.924,2026-09-26T17:23:22.939,59,0,0
103,108,168.19,2026-09-26T17:26:11.129,57,0,0
103,109,178.485,2026-09-26T17:29:09.614,57,0,0
103,110,167.657,2026-09-26T17:31:57.271,57,0,0
103,111,170.897,2026-09-26T17:34:48.168,57,0,0
103,112,165.788,2026-09-26T17:37:33.956,57,0,0
103,113,172.605,2026-09-26T17:40:26.561,56,0,0
103,114,169.729,2026-09-26T17:43:16.29,56,0,0
103,115,190.895,2026-09-26T17:46:27.185,55,0,0
103,116,173.02,2026-09-26T17:49:20.205,55,0,0
103,117,212.73,2026-09-26T17:52:52.935,55,0,1
103,118,236.918,2026-09-26T17:56:49.853,54,0,1
103,119,292.622,2026-09-26T18:01:42.475,54,0,1
103,120,53738.014,2026-09-27T08:57:20.489,53,0,0
103,121,171.259,2026-09-27T09:00:11.748,53,0,0
103,122,202.459,2026-09-27T09:03:34.207,53,1,0
103,123,499.574,2026-09-27T09:11:53.781,56,0,0
103,124,156.495,2026-09-27T09:14:30.276,56,0,0
103,125,153.269,2026-09-27T09:17:03.545,55,0,0
103,126,160.068,2026-09-27T09:19:43.613,55,0,0
103,127,179.143,2026-09-27T09:22:42.756,55,0,0
103,128,152.591,2026-09-27T09:25:15.347,54,0,0
103,129,156.318,2026-09-27T09:27:51.665,53,0,0
103,130,156.627,2026-09-27T09:30:28.292,52,0,0
103,131,151.07,2026-09-27T09:32:59.362,52,0,0
103,132,161.966,2026-09-27T09:35:41.328,52,0,0
103,133,150.401,2026-09-27T09:38:11.729,52,0,0
103,134,154.948,2026-09-27T09:40:46.677,52,0,0
103,135,164.693,2026-09-27T09:43:31.37,52,0,0
103,136,158.458,2026-09-27T09:46:09.828,52,0,0
103,137,156.349,2026-09-27T09:48:46.177,52,0,0
103,138,155.289,2026-09-27T09:51:21.466,52,0,0
103,139,163.496,2026-09-27T09:54:04.962,52,0,0
103,140,151.922,2026-09-27T09:56:36.884,50,0,0
103,141,149.772,2026-09-27T09:59:06.656,50,0,0
103,142,145.298,2026-09-27T10:01:31.954,50,0,0
103,143,157.5,2026-09-27T10:04:09.454,50,0,0
103,144,162.368,2026-09-27T10:06:51.822,50,0,0
103,145,146.767,2026-09-27T10:09:18.589,50,0,0
103,146,147.774,2026-09-27T10:11:46.363,50,0,0
103,147,149.392,2026-09-27T10:14:15.755,50,0,0
103,148,147.184,2026-09-27T10:16:42.939,50,0,0
103,149,152.948,2026-09-27T10:19:15.887,50,0,0
103,150,149.131,2026-09-27T10:21:45.018,50,0,0
103,151,145.004,2026-09-27T10:24:10.022,50,0,0
103,152,1193.268,2026-09-27T10:44:03.29,50,0,0
103,153,149.786,2026-09-27T10:46:33.076,49,0,0
103,154,145.303,2026-09-27T10:48:58.379,48,0,0
103,155,152.22,2026-09-27T10:51:30.599,48,0,0
103,156,178.078,2026-09-27T10:54:28.677,48,1,0
103,157,804.408,2026-09-27T11:07:53.085,52,0,0
103,158,162.6,2026-09-27T11:10:35.685,52,0,0
103,159,165.554,2026-09-27T11:13:21.239,52,0,0
103,160,164.898,2026-09-27T11:16:06.137,52,0,0
103,161,166.318,2026-09-27T11:18:52.455,52,0,0
103,162,161.483,2026-09-27T11:21:33.938,52,0,0
103,163,159.709,2026-09-27T11:24:13.647,52,0,0
103,164,160.478,2026-09-27T11:26:54.125,51,0,0
103,165,162.261,2026-09-27T11:29:36.386,49,0,0
103,166,162.53,2026-09-27T11:32:18.916,48,0,0
103,167,179.378,2026-09-27T11:35:18.294,48,0,0
103,168,161.504,2026-09-27T11:37:59.798,48,0,0
103,169,159.008,2026-09-27T11:40:38.806,48,0,0
103,170,160.23,2026-09-27T11:43:19.036,48,0,0
103,171,167.032,2026-09-27T11:46:06.068,47,0,0
103,172,165.195,2026-09-27T11:48:51.263,47,0,0
103,173,159.662,2026-09-27T11:51:30.925,47,0,0
103,174,161.459,2026-09-27T11:54:12.384,47,0,0
103,175,155.879,2026-09-27T11:56:48.263,47,0,0
103,176,165.457,2026-09-27T11:59:33.72,47,0,0
103,177,160.373,2026-09-27T12:02:14.093,47,0,0
103,178,157.19,2026-09-27T12:04:51.283,46,0,0
103,179,172.197,2026-09-27T12:07:43.48,45,0,0
103,180,158.996,2026-09-27T12:10:22.476,45,0,0
103,181,207.783,2026-09-27T12:13:50.259,45,1,0
103,182,1897.014,2026-09-27T12:45:27.273,50,0,0
103,183,175.191,2026-09-27T12:48:22.464,50,0,0
103,184,162.996,2026-09-27T12:51:05.46,50,0,0
103,185,163.263,2026-09-27T12:53:48.723,49,0,0
103,186,164.524,2026-09-27T12:56:33.247,49,0,0
103,187,166.452,2026-09-27T12:59:19.699,49,0,0
103,188,162.02,2026-09-27T13:02:01.719,49,0,0
103,189,165.539,2026-09-27T13:04:47.258,48,0,0
103,190,166.196,2026-09-27T13:07:33.454,48,0,0
103,191,164.769,2026-09-27T13:10:18.223,48,0,0
103,192,162.407,2026-09-27T13:13:00.63,48,0,0
103,193,160.755,2026-09-27T13:15:41.385,48,0,0
103,194,165.507,2026-09-27T13:18:26.892,48,0,0
103,195,165.167,2026-09-27T13:21:12.059,48,0,0
103,196,160.185,2026-09-27T13:23:52.244,48,0,0
103,197,161.448,2026-09-27T13:26:33.692,48,0,0
103,198,165.442,2026-09-27T13:29:19.134,48,0,0
103,199,165.651,2026-09-27T13:32:04.785,48,0,0
103,200,159.626,2026-09-27T13:34:44.411,47,0,0
103,201,164.84,2026-09-27T13:37:29.251,47,0,0
103,202,162.726,2026-09-27T13:40:11.977,47,0,0
103,203,163.715,2026-09-27T13:42:55.692,47,0,0
103,204,163.795,2026-09-27T13:45:39.487,47,0,0
103,205,163.421,2026-09-27T13:48:22.908,47,0,0
103,206,168.049,2026-09-27T13:51:10.957,47,0,0
103,207,167.553,2026-09-27T13:53:58.51,46,0,0
103,208,172.753,2026-09-27T13:56:51.263,46,0,0
103,209,168.548,2026-09-27T13:59:39.811,46,0,0
103,210,170.167,2026-09-27T14:02:29.978,46,0,0
103,211,167.543,2026-09-27T14:05:17.521,46,0,0
103,212,168.444,2026-09-27T14:08:05.965,46,0,0
103,213,169.887,2026-09-27T14:10:55.852,45,0,0
103,214,172.332,2026-09-27T14:13:48.184,45,0,0
103,215,163.118,2026-09-27T14:16:31.302,45,0,0
103,216,166.506,2026-09-27T14:19:17.808,45,0,0
103,217,169.43,2026-09-27T14:22:07.238,45,0,0
103,218,165.136,2026-09-27T14:24:52.374,44,0,0
103,219,164.457,2026-09-27T14:27:36.831,43,0,0
103,220,172.627,2026-09-27T14:30:29.458,43,0,0
103,221,165.996,2026-09-27T14:33:15.454,43,0,0
103,222,165.717,2026-09-27T14:36:01.171,43,0,0
103,223,165.688,2026-09-27T14:38:46.859,43,0,0
103,224,181.783,2026-09-27T14:41:48.642,43,1,0
103,225,549.936,2026-09-27T14:50:58.578,44,0,0
103,226,163.731,2026-09-27T14:53:42.309,44,0,0
103,227,163.012,2026-09-27T14:56:25.321,44,0,0
103,228,156.613,2026-09-27T14:59:01.934,44,0,0
103,229,157.618,2026-09-27T15:01:39.552,44,0,0
103,230,156.774,2026-09-27T15:04:16.326,44,0,0
103,231,157.115,2026-09-27T15:06:53.441,44,0,0
103,232,160.302,2026-09-27T15:09:33.743,44,0,0
103,233,167.691,2026-09-27T15:12:21.434,44,0,0
103,234,168.875,2026-09-27T15:15:10.309,44,0,0
103,235,159.389,2026-09-27T15:17:49.698,43,0,0
103,236,154.915,2026-09-27T15:20:24.613,43,0,0
103,237,164.722,2026-09-27T15:23:09.335,42,0,0
103,238,159.845,2026-09-27T15:25:49.18,42,0,0
103,239,156.374,2026-09-27T15:28:25.554,42,0,0
103,240,155.254,2026-09-27T15:31:00.808,41,0,0
82,1,166.303,2026-09-26T10:16:43.552,95,0,0
82,2,179.729,2026-09-26T10:19:43.281,94,0,0
82,3,932.965,2026-09-26T10:35:16.246,95,0,0
82,4,162.776,2026-09-26T10:37:59.022,95,0,0
82,5,173.259,2026-09-26T10:40:52.281,95,0,0
82,6,172.539,2026-09-26T10:43:44.82,95,0,0
82,7,164.295,2026-09-26T10:46:29.115,94,0,0
82,8,160.676,2026-09-26T10:49:09.791,92,0,0
82,9,160.694,2026-09-26T10:51:50.485,90,0,0
82,10,161.189,2026-09-26T10:54:31.674,86,0,0
82,11,161.83,2026-09-26T10:57:13.504,82,0,0
82,12,156.256,2026-09-26T10:59:49.76,82,0,0
82,13,154.124,2026-09-26T11:02:23.884,82,0,0
82,14,154.66,2026-09-26T11:04:58.544,81,0,0
82,15,153.177,2026-09-26T11:07:31.721,78,0,0
82,16,152.684,2026-09-26T11:10:04.405,78,0,0
82,17,155.584,2026-09-26T11:12:39.989,76,0,0
82,18,152.293,2026-09-26T11:15:12.282,76,0,0
82,19,164.127,2026-09-26T11:17:56.409,76,0,0
82,20,164.636,2026-09-26T11:20:41.045,75,0,0
82,21,163.492,2026-09-26T11:23:24.537,74,0,0
82,22,152.137,2026-09-26T11:25:56.674,74,0,0
82,23,156.097,2026-09-26T11:28:32.771,72,0,0
82,24,157.336,2026-09-26T11:31:10.107,69,0,0
82,25,159.91,2026-09-26T11:33:50.017,67,0,0
82,26,153.597,2026-09-26T11:36:23.614,67,0,0
82,27,169.987,2026-09-26T11:39:13.601,67,0,0
82,28,154.498,2026-09-26T11:41:48.099,66,0,0
82,29,168.183,2026-09-26T11:44:36.282,65,0,0
82,30,163.936,2026-09-26T11:47:20.218,63,0,0
82,31,151.722,2026-09-26T11:49:51.94,63,0,0
82,32,1904.299,2026-09-26T12:21:36.239,79,0,0
82,33,185.537,2026-09-26T12:24:41.776,78,0,0
82,34,176.787,2026-09-26T12:27:38.563,77,0,0
82,35,175.107,2026-09-26T12:30:33.67,77,0,0
82,36,173.133,2026-09-26T12:33:26.803,76,0,0
82,37,171.137,2026-09-26T12:36:17.94,75,0,0
82,38,177.142,2026-09-26T12:39:15.082,74,0,0
82,39,195.825,2026-09-26T12:42:30.907,72,0,0
82,40,182.671,2026-09-26T12:45:33.578,71,0,0
82,41,169.248,2026-09-26T12:48:22.826,69,0,0
82,42,176.456,2026-09-26T12:51:19.282,69,0,0
82,43,171.881,2026-09-26T12:54:11.163,65,0,0
82,44,169.281,2026-09-26T12:57:00.444,64,0,0
82,45,173.358,2026-09-26T12:59:53.802,63,0,0
82,46,178.328,2026-09-26T13:02:52.13,63,0,0
82,47,908.797,2026-09-26T13:18:00.927,69,0,0
82,48,179.201,2026-09-26T13:21:00.128,68,0,0
82,49,207.849,2026-09-26T13:24:27.977,68,1,0
82,50,374.468,2026-09-26T13:30:42.445,67,0,0
82,51,175.394,2026-09-26T13:33:37.839,67,0,0
82,52,179.459,2026-09-26T13:36:37.298,67,0,0
82,53,188.48,2026-09-26T13:39:45.778,67,0,0
82,54,183.045,2026-09-26T13:42:48.823,66,0,0
82,55,178.843,2026-09-26T13:45:47.666,66,0,0
82,56,190.711,2026-09-26T13:48:58.377,66,0,0
82,57,177.273,2026-09-26T13:51:55.65,65,0,0
82,58,206.561,2026-09-26T13:55:22.211,65,1,0
82,59,1372.726,2026-09-26T14:18:14.937,69,0,0
82,60,184.153,2026-09-26T14:21:19.09,68,0,0
82,61,181.983,2026-09-26T14:24:21.073,68,0,0
82,62,186.586,2026-09-26T14:27:27.659,67,0,0
82,63,180.448,2026-09-26T14:30:28.107,67,0,0
82,64,194.595,2026-09-26T14:33:42.702,67,0,0
82,65,191.687,2026-09-26T14:36:54.389,67,0,0
82,66,176.565,2026-09-26T14:39:50.954,67,0,0
82,67,173.4,2026-09-26T14:42:44.354,67,0,0
82,68,177.471,2026-09-26T14:45:41.825,67,0,0
82,69,178.568,2026-09-26T14:48:40.393,66,0,0
82,70,182.434,2026-09-26T14:51:42.827,64,0,0
82,71,175.866,2026-09-26T14:54:38.693,62,0,0
82,72,189.312,2026-09-26T14:57:48.005,62,0,0
82,73,176.491,2026-09-26T15:00:44.496,61,0,0
82,74,176.528,2026-09-26T15:03:41.024,60,0,0
82,75,179.97,2026-09-26T15:06:40.994,59,0,0
82,76,175.64,2026-09-26T15:09:36.634,59,0,0
82,77,183.5,2026-09-26T15:12:40.134,58,0,0
82,78,185.864,2026-09-26T15:15:45.998,57,0,0
82,79,187.166,2026-09-26T15:18:53.164,57,0,0
82,80,162.427,2026-09-26T15:21:35.591,57,0,0
82,81,163.723,2026-09-26T15:24:19.314,56,0,0
82,82,164.47,2026-09-26T15:27:03.784,56,0,0
82,83,215.246,2026-09-26T15:30:39.03,53,0,0
82,84,211.795,2026-09-26T15:34:10.825,53,0,0
82,85,167.349,2026-09-26T15:36:58.174,51,0,0
82,86,160.415,2026-09-26T15:39:38.589,50,0,0
82,87,175.07,2026-09-26T15:42:33.659,51,0,0
82,88,167.511,2026-09-26T15:45:21.17,51,0,0
82,89,168.059,2026-09-26T15:48:09.229,50,0,0
82,90,167.226,2026-09-26T15:50:56.455,50,0,0
82,91,172.837,2026-09-26T15:53:49.292,50,0,0
82,92,217.493,2026-09-26T15:57:26.785,50,1,1
82,93,1401.943,2026-09-26T16:20:48.728,55,0,0
82,94,190.638,2026-09-26T16:23:59.366,54,0,0
82,95,188.92,2026-09-26T16:27:08.286,54,0,0
82,96,176.837,2026-09-26T16:30:05.123,54,0,0
82,97,168.511,2026-09-26T16:32:53.634,53,0,0
82,98,173.848,2026-09-26T16:35:47.482,53,0,0
82,99,169.067,2026-09-26T16:38:36.549,53,0,0
82,100,171.466,2026-09-26T16:41:28.015,53,0,0
82,101,180.254,2026-09-26T16:44:28.269,53,0,0
82,102,175.063,2026-09-26T16:47:23.332,52,0,0
82,103,160.721,2026-09-26T16:50:04.053,52,0,0
82,104,165.792,2026-09-26T16:52:49.845,52,0,0
82,105,171.887,2026-09-26T16:55:41.732,52,0,0
82,106,161.726,2026-09-26T16:58:23.458,51,0,0
82,107,171.37,2026-09-26T17:01:14.828,50,0,0
82,108,167.419,2026-09-26T17:04:02.247,50,0,0
82,109,218.736,2026-09-26T17:07:40.983,49,1,0
82,110,388.077,2026-09-26T17:14:09.06,51,0,0
82,111,165.104,2026-09-26T17:16:54.164,51,0,0
82,112,172.116,2026-09-26T17:19:46.28,51,0,0
82,113,162.172,2026-09-26T17:22:28.452,50,0,0
82,114,180.453,2026-09-26T17:25:28.905,50,0,0
82,115,169.853,2026-09-26T17:28:18.758,50,0,0
82,116,163.769,2026-09-26T17:31:02.527,50,0,0
82,117,164.31,2026-09-26T17:33:46.837,50,0,0
82,118,163.327,2026-09-26T17:36:30.164,49,0,0
82,119,160.399,2026-09-26T17:39:10.563,49,0,0
82,120,166.03,2026-09-26T17:41:56.593,48,0,0
82,121,179.536,2026-09-26T17:44:56.129,48,0,0
82,122,175.867,2026-09-26T17:47:51.996,48,0,0
82,123,180.583,2026-09-26T17:50:52.579,48,0,1
82,124,192.762,2026-09-26T17:54:05.341,47,0,1
82,125,227.111,2026-09-26T17:57:52.452,47,0,1
82,126,297.852,2026-09-26T18:02:50.304,47,0,1
82,127,53733.29,2026-09-27T08:58:23.594,47,0,0
82,128,179.11,2026-09-27T09:01:22.704,46,0,0
82,129,160.995,2026-09-27T09:04:03.699,45,0,0
82,130,151.737,2026-09-27T09:06:35.436,44,0,0
82,131,159.823,2026-09-27T09:09:15.259,44,0,0
82,132,157.581,2026-09-27T09:11:52.84,44,0,0
82,133,150.526,2026-09-27T09:14:23.366,44,0,0
82,134,154.282,2026-09-27T09:16:57.648,44,0,0
82,135,159.146,2026-09-27T09:19:36.794,44,0,0
82,136,165.572,2026-09-27T09:22:22.366,44,0,0
82,137,154.055,2026-09-27T09:24:56.421,44,0,0
82,138,152.229,2026-09-27T09:27:28.65,44,0,0
82,139,158.409,2026-09-27T09:30:07.059,44,0,0
82,140,150.629,2026-09-27T09:32:37.688,43,0,0
82,141,148.114,2026-09-27T09:35:05.802,43,0,0
82,142,156.26,2026-09-27T09:37:42.062,43,0,0
82,143,145.421,2026-09-27T09:40:07.483,43,0,0
82,144,146.688,2026-09-27T09:42:34.171,43,0,0
82,145,157.475,2026-09-27T09:45:11.646,43,0,0
82,146,159.152,2026-09-27T09:47:50.798,42,0,0
82,147,160.788,2026-09-27T09:50:31.586,42,0,0
82,148,147.687,2026-09-27T09:52:59.273,42,0,0
82,149,148.71,2026-09-27T09:55:27.983,42,0,0
82,150,149.004,2026-09-27T09:57:56.987,42,0,0
82,151,152.349,2026-09-27T10:00:29.336,42,0,0
82,152,149.014,2026-09-27T10:02:58.35,42,0,0
82,153,151.593,2026-09-27T10:05:29.943,42,0,0
82,154,154.197,2026-09-27T10:08:04.14,42,0,0
82,155,148.194,2026-09-27T10:10:32.334,41,0,0
82,156,151.388,2026-09-27T10:13:03.722,41,0,0
82,157,152.83,2026-09-27T10:15:36.552,41,0,0
82,158,148.153,2026-09-27T10:18:04.705,41,0,0
82,159,150.481,2026-09-27T10:20:35.186,40,0,0
82,160,148.62,2026-09-27T10:23:03.806,39,0,0
82,161,1216.708,2026-09-27T10:43:20.514,39,1,0
82,162,1630.612,2026-09-27T11:10:31.126,47,0,0
82,163,173.756,2026-09-27T11:13:24.882,47,0,0
82,164,205.467,2026-09-27T11:16:50.349,47,1,0
82,165,828.694,2026-09-27T11:30:39.043,50,0,0
82,166,172.082,2026-09-27T11:33:31.125,49,0,0
82,167,183.153,2026-09-27T11:36:34.278,49,0,0
82,168,164.437,2026-09-27T11:39:18.715,49,0,0
82,169,162.773,2026-09-27T11:42:01.488,49,0,0
82,170,168.938,2026-09-27T11:44:50.426,49,0,0
82,171,165.294,2026-09-27T11:47:35.72,48,0,0
82,172,163.512,2026-09-27T11:50:19.232,48,0,0
82,173,163.594,2026-09-27T11:53:02.826,48,0,0
82,174,162.59,2026-09-27T11:55:45.416,48,0,0
82,175,168.247,2026-09-27T11:58:33.663,48,0,0
82,176,164.995,2026-09-27T12:01:18.658,48,0,0
82,177,173.875,2026-09-27T12:04:12.533,48,0,0
82,178,173.059,2026-09-27T12:07:05.592,47,0,0
82,179,166.553,2026-09-27T12:09:52.145,46,0,0
82,180,169.49,2026-09-27T12:12:41.635,46,0,0
82,181,166.863,2026-09-27T12:15:28.498,46,0,0
82,182,162.005,2026-09-27T12:18:10.503,45,0,0
82,183,161.339,2026-09-27T12:20:51.842,45,0,0
82,184,188.819,2026-09-27T12:24:00.661,44,1,0
82,185,1261.764,2026-09-27T12:45:02.425,46,0,0
82,186,164.781,2026-09-27T12:47:47.206,45,0,0
82,187,159.446,2026-09-27T12:50:26.652,45,0,0
82,188,162.304,2026-09-27T12:53:08.956,45,0,0
82,189,158.324,2026-09-27T12:55:47.28,45,0,0
82,190,164.667,2026-09-27T12:58:31.947,45,0,0
82,191,161.832,2026-09-27T13:01:13.779,45,0,0
82,192,163.035,2026-09-27T13:03:56.814,45,0,0
82,193,157.325,2026-09-27T13:06:34.139,44,0,0
82,194,161.607,2026-09-27T13:09:15.746,44,0,0
82,195,158.838,2026-09-27T13:11:54.584,44,0,0
82,196,158.251,2026-09-27T13:14:32.835,44,0,0
82,197,155.334,2026-09-27T13:17:08.169,44,0,0
82,198,159.459,2026-09-27T13:19:47.628,44,0,0
82,199,159.458,2026-09-27T13:22:27.086,44,0,0
82,200,161.925,2026-09-27T13:25:09.011,44,0,0
82,201,156.697,2026-09-27T13:27:45.708,44,0,0
82,202,156.101,2026-09-27T13:30:21.809,44,0,0
82,203,159.36,2026-09-27T13:33:01.169,43,0,0
82,204,152.702,2026-09-27T13:35:33.871,43,0,0
82,205,154.798,2026-09-27T13:38:08.669,43,0,0
82,206,153.837,2026-09-27T13:40:42.506,43,0,0
82,207,149.11,2026-09-27T13:43:11.616,42,0,0
82,208,151.638,2026-09-27T13:45:43.254,42,0,0
82,209,156.195,2026-09-27T13:48:19.449,42,0,0
82,210,157.885,2026-09-27T13:50:57.334,42,0,0
82,211,156.661,2026-09-27T13:53:33.995,42,0,0
82,212,172.763,2026-09-27T13:56:26.758,42,1,0
82,213,1160.559,2026-09-27T14:15:47.317,47,0,0
82,214,170.524,2026-09-27T14:18:37.841,47,0,0
82,215,168.451,2026-09-27T14:21:26.292,47,0,0
82,216,171.502,2026-09-27T14:24:17.794,46,0,0
82,217,169.516,2026-09-27T14:27:07.31,46,0,0
82,218,166.475,2026-09-27T14:29:53.785,45,0,0
82,219,172.226,2026-09-27T14:32:46.011,44,0,0
82,220,170.268,2026-09-27T14:35:36.279,44,0,0
82,221,166.669,2026-09-27T14:38:22.948,44,0,0
82,222,168.364,2026-09-27T14:41:11.312,44,0,0
82,223,169.811,2026-09-27T14:44:01.123,44,0,0
82,224,165.22,2026-09-27T14:46:46.343,44,0,0
82,225,165.582,2026-09-27T14:49:31.925,43,0,0
82,226,179.897,2026-09-27T14:52:31.822,43,0,0
82,227,169.858,2026-09-27T14:55:21.68,43,0,0
82,228,165.809,2026-09-27T14:58:07.489,43,0,0
82,229,177.625,2026-09-27T15:01:05.114,43,0,0
82,230,173.728,2026-09-27T15:03:58.842,43,0,0
82,231,167.059,2026-09-27T15:06:45.901,43,0,0
82,232,167.359,2026-09-27T15:09:33.26,43,0,0
82,233,167.61,2026-09-27T15:12:20.87,43,0,0
82,234,168.449,2026-09-27T15:15:09.319,43,0,0
82,235,166.609,2026-09-27T15:17:55.928,44,0,0
82,236,162.95,2026-09-27T15:20:38.878,44,0,0
82,237,160.899,2026-09-27T15:23:19.777,44,0,0
82,238,167.926,2026-09-27T15:26:07.703,44,0,0
82,239,165.556,2026-09-27T15:28:53.259,43,0,0
82,240,166.055,2026-09-27T15:31:39.314,42,0,0
444,1,191.176,2026-09-26T10:05:06.311,12,0,0
444,2,192.016,2026-09-26T10:08:18.327,16,0,0
444,3,175.62,2026-09-26T10:11:13.947,22,0,0
444,4,190.362,2026-09-26T10:14:24.309,22,0,0
444,5,181.536,2026-09-26T10:17:25.845,24,0,0
444,6,175.624,2026-09-26T10:20:21.469,26,0,0
444,7,195.899,2026-09-26T10:23:37.368,28,0,0
444,8,169.631,2026-09-26T10:26:26.999,29,0,0
444,9,168.117,2026-09-26T10:29:15.116,29,0,0
444,10,171.712,2026-09-26T10:32:06.828,31,0,0
444,11,173.698,2026-09-26T10:35:00.526,30,0,0
444,12,163.454,2026-09-26T10:37:43.98,30,0,0
444,13,163.355,2026-09-26T10:40:27.335,30,0,0
444,14,175.017,2026-09-26T10:43:22.352,29,0,0
444,15,161.214,2026-09-26T10:46:03.566,28,0,0
444,16,178.578,2026-09-26T10:49:02.144,29,0,0
444,17,166.333,2026-09-26T10:51:48.477,30,0,0
444,18,194.041,2026-09-26T10:55:02.518,35,1,0
444,19,381.819,2026-09-26T11:01:24.337,46,0,0
444,20,165.198,2026-09-26T11:04:09.535,46,0,0
444,21,170.14,2026-09-26T11:06:59.675,45,0,0
444,22,966.955,2026-09-26T11:23:06.63,71,1,0
444,23,276.364,2026-09-26T11:27:42.994,71,0,0
444,24,192.688,2026-09-26T11:30:55.682,68,0,0
444,25,195.832,2026-09-26T11:34:11.514,68,0,0
444,26,191.982,2026-09-26T11:37:23.496,68,0,0
444,27,192.181,2026-09-26T11:40:35.677,68,0,0
444,28,183.127,2026-09-26T11:43:38.804,67,0,0
444,29,187.758,2026-09-26T11:46:46.562,67,0,0
444,30,183.579,2026-09-26T11:49:50.141,65,0,0
444,31,190.514,2026-09-26T11:53:00.655,66,0,0
444,32,184.788,2026-09-26T11:56:05.443,64,0,0
444,33,181.881,2026-09-26T11:59:07.324,62,0,0
444,34,180.293,2026-09-26T12:02:07.617,63,0,0
444,35,187.568,2026-09-26T12:05:15.185,64,0,0
444,36,183.298,2026-09-26T12:08:18.483,65,0,0
444,37,188.546,2026-09-26T12:11:27.029,64,0,0
444,38,190.167,2026-09-26T12:14:37.196,60,0,0
444,39,192.547,2026-09-26T12:17:49.743,60,0,0
444,40,191.682,2026-09-26T12:21:01.425,58,0,0
444,41,190.856,2026-09-26T12:24:12.281,56,0,0
444,42,181.188,2026-09-26T12:27:13.469,55,0,0
444,43,179.28,2026-09-26T12:30:12.749,52,0,0
444,44,176.798,2026-09-26T12:33:09.547,52,0,0
444,45,185.436,2026-09-26T12:36:14.983,51,0,0
444,46,179.193,2026-09-26T12:39:14.176,50,0,0
444,47,184.899,2026-09-26T12:42:19.075,50,0,0
444,48,188.718,2026-09-26T12:45:27.793,50,0,0
444,49,180.059,2026-09-26T12:48:27.852,50,0,0
444,50,181.939,2026-09-26T12:51:29.791,51,0,0
444,51,176.238,2026-09-26T12:54:26.029,51,0,0
444,52,180.749,2026-09-26T12:57:26.778,51,0,0
444,53,185.189,2026-09-26T13:00:31.967,51,0,0
444,54,188.398,2026-09-26T13:03:40.365,51,0,0
444,55,180.7,2026-09-26T13:06:41.065,51,0,0
444,56,832.244,2026-09-26T13:20:33.309,53,1,0
444,57,447.671,2026-09-26T13:28:00.98,53,0,0
444,58,155.787,2026-09-26T13:30:36.767,53,0,0
444,59,159.526,2026-09-26T13:33:16.293,52,0,0
444,60,153.04,2026-09-26T13:35:49.333,51,0,0
444,61,151.508,2026-09-26T13:38:20.841,51,0,0
444,62,151.33,2026-09-26T13:40:52.171,51,0,0
444,63,166.515,2026-09-26T13:43:38.686,51,0,0
444,64,172.47,2026-09-26T13:46:31.156,51,0,0
444,65,165.484,2026-09-26T13:49:16.64,51,0,0
444,66,156.557,2026-09-26T13:51:53.197,51,0,0
444,67,154.987,2026-09-26T13:54:28.184,51,0,0
444,68,154.353,2026-09-26T13:57:02.537,51,0,0
444,69,154.822,2026-09-26T13:59:37.359,51,0,0
444,70,153.602,2026-09-26T14:02:10.961,50,0,0
444,71,158.213,2026-09-26T14:04:49.174,48,0,0
444,72,160.083,2026-09-26T14:07:29.257,48,0,0
444,73,164.025,2026-09-26T14:10:13.282,47,0,0
444,74,152.146,2026-09-26T14:12:45.428,46,0,0
444,75,148.439,2026-09-26T14:15:13.867,44,0,0
444,76,160.613,2026-09-26T14:17:54.48,43,0,0
444,77,160.153,2026-09-26T14:20:34.633,42,0,0
444,78,180.934,2026-09-26T14:23:35.567,42,0,0
444,79,157.367,2026-09-26T14:26:12.934,41,0,0
444,80,150.401,2026-09-26T14:28:43.335,41,0,0
444,81,158.518,2026-09-26T14:31:21.853,40,0,0
444,82,164.711,2026-09-26T14:34:06.564,39,0,0
444,83,168.801,2026-09-26T14:36:55.365,39,0,0
444,84,160.145,2026-09-26T14:39:35.51,39,0,0
444,85,148.013,2026-09-26T14:42:03.523,39,0,0
444,86,178.331,2026-09-26T14:45:01.854,38,0,0
444,87,851.483,2026-09-26T14:59:13.337,42,1,0
444,88,203.287,2026-09-26T15:02:36.624,42,0,0
444,89,173.795,2026-09-26T15:05:30.419,42,0,0
444,90,185.351,2026-09-26T15:08:35.77,42,0,0
444,91,180.609,2026-09-26T15:11:36.379,42,0,0
444,92,183.515,2026-09-26T15:14:39.894,42,0,0
444,93,184.485,2026-09-26T15:17:44.379,42,0,0
444,94,191.287,2026-09-26T15:20:55.666,42,0,0
444,95,216.697,2026-09-26T15:24:32.363,41,1,0
444,96,1663.322,2026-09-26T15:52:15.685,45,0,0
444,97,180.004,2026-09-26T15:55:15.689,45,0,0
444,98,258.003,2026-09-26T15:59:33.692,45,0,1
444,99,221.34,2026-09-26T16:03:15.032,45,1,1
444,100,392.624,2026-09-26T16:09:47.656,45,0,1
444,101,235.507,2026-09-26T16:13:43.163,45,0,1
444,102,245.564,2026-09-26T16:17:48.727,45,0,0
444,103,163.022,2026-09-26T16:20:31.749,44,0,0
444,104,174.217,2026-09-26T16:23:25.966,44,0,0
444,105,168.881,2026-09-26T16:26:14.847,44,0,0
444,106,159.963,2026-09-26T16:28:54.81,43,0,0
444,107,163.545,2026-09-26T16:31:38.355,43,0,0
444,108,173.068,2026-09-26T16:34:31.423,43,0,0
444,109,164.78,2026-09-26T16:37:16.203,43,0,0
444,110,164.682,2026-09-26T16:40:00.885,43,0,0
444,111,167.68,2026-09-26T16:42:48.565,43,0,0
444,112,179.166,2026-09-26T16:45:47.731,43,0,0
444,113,169.154,2026-09-26T16:48:36.885,42,0,0
444,114,163.296,2026-09-26T16:51:20.181,42,0,0
444,115,163.292,2026-09-26T16:54:03.473,42,0,0
444,116,167.586,2026-09-26T16:56:51.059,42,0,0
444,117,165.207,2026-09-26T16:59:36.266,42,0,0
444,118,174.85,2026-09-26T17:02:31.116,42,0,0
444,119,163.388,2026-09-26T17:05:14.504,42,0,0
444,120,163.425,2026-09-26T17:07:57.929,41,0,0
444,121,657.312,2026-09-26T17:18:55.241,42,1,0
444,122,699.573,2026-09-26T17:30:34.814,43,0,0
444,123,165.0,2026-09-26T17:33:19.814,42,0,0
444,124,157.896,2026-09-26T17:35:57.71,41,0,0
444,125,162.614,2026-09-26T17:38:40.324,41,0,0
444,126,164.962,2026-09-26T17:41:25.286,41,0,0
444,127,170.389,2026-09-26T17:44:15.675,41,0,0
444,128,160.441,2026-09-26T17:46:56.116,40,0,0
444,129,163.91,2026-09-26T17:49:40.026,40,0,0
444,130,206.121,2026-09-26T17:53:06.147,39,0,1
444,131,232.768,2026-09-26T17:56:58.915,39,0,1
444,132,296.313,2026-09-26T18:01:55.228,39,0,1
444,133,54085.435,2026-09-27T09:03:20.663,39,0,0
444,134,155.658,2026-09-27T09:05:56.321,39,0,0
444,135,152.046,2026-09-27T09:08:28.367,39,0,0
444,136,154.314,2026-09-27T09:11:02.681,39,0,0
444,137,161.154,2026-09-27T09:13:43.835,39,0,0
444,138,169.727,2026-09-27T09:16:33.562,39,0,0
444,139,155.904,2026-09-27T09:19:09.466,39,0,0
444,140,168.226,2026-09-27T09:21:57.692,38,0,0
444,141,165.606,2026-09-27T09:24:43.298,38,0,0
444,142,158.023,2026-09-27T09:27:21.321,38,0,0
444,143,163.072,2026-09-27T09:30:04.393,38,0,0
444,144,147.127,2026-09-27T09:32:31.52,38,0,0
444,145,152.269,2026-09-27T09:35:03.789,38,0,0
444,146,172.474,2026-09-27T09:37:56.263,38,0,0
444,147,164.335,2026-09-27T09:40:40.598,38,0,0
444,148,169.562,2026-09-27T09:43:30.16,38,0,0
444,149,163.553,2026-09-27T09:46:13.713,38,0,0
444,150,166.733,2026-09-27T09:49:00.446,38,0,0
444,151,156.266,2026-09-27T09:51:36.712,38,0,0
444,152,151.639,2026-09-27T09:54:08.351,38,0,0
444,153,146.166,2026-09-27T09:56:34.517,38,0,0
444,154,160.556,2026-09-27T09:59:15.073,38,0,0
444,155,162.433,2026-09-27T10:01:57.506,38,0,0
444,156,150.129,2026-09-27T10:04:27.635,38,0,0
444,157,169.364,2026-09-27T10:07:16.999,38,0,0
444,158,159.966,2026-09-27T10:09:56.965,38,0,0
444,159,1975.163,2026-09-27T10:42:52.128,41,1,1
444,160,204.992,2026-09-27T10:46:17.12,41,0,0
444,161,166.1,2026-09-27T10:49:03.22,41,0,0
444,162,162.934,2026-09-27T10:51:46.154,40,0,0
444,163,163.634,2026-09-27T10:54:29.788,42,0,0
444,164,162.253,2026-09-27T10:57:12.041,42,0,0
444,165,160.104,2026-09-27T10:59:52.145,41,0,0
444,166,170.096,2026-09-27T11:02:42.241,41,0,0
444,167,165.393,2026-09-27T11:05:27.634,40,0,0
444,168,168.581,2026-09-27T11:08:16.215,40,0,0
444,169,158.74,2026-09-27T11:10:54.955,39,0,0
444,170,157.965,2026-09-27T11:13:32.92,39,0,0
444,171,160.926,2026-09-27T11:16:13.846,38,0,0
444,172,160.904,2026-09-27T11:18:54.75,38,0,0
444,173,161.51,2026-09-27T11:21:36.26,38,0,0
444,174,160.598,2026-09-27T11:24:16.858,38,0,0
444,175,158.985,2026-09-27T11:26:55.843,38,0,0
444,176,161.441,2026-09-27T11:29:37.284,38,0,0
444,177,167.627,2026-09-27T11:32:24.911,38,0,0
444,178,169.554,2026-09-27T11:35:14.465,37,0,0
444,179,164.947,2026-09-27T11:37:59.412,36,0,0
444,180,158.308,2026-09-27T11:40:37.72,35,0,0
444,181,157.542,2026-09-27T11:43:15.262,35,0,0
444,182,163.405,2026-09-27T11:45:58.667,35,0,0
444,183,893.456,2026-09-27T12:00:52.123,38,1,0
444,184,207.198,2026-09-27T12:04:19.321,38,0,0
444,185,163.135,2026-09-27T12:07:02.456,37,0,0
444,186,160.065,2026-09-27T12:09:42.521,37,0,0
444,187,148.267,2026-09-27T12:12:10.788,37,0,0
444,188,149.572,2026-09-27T12:14:40.36,37,0,0
444,189,147.545,2026-09-27T12:17:07.905,37,0,0
444,190,153.256,2026-09-27T12:19:41.161,37,0,0
444,191,160.349,2026-09-27T12:22:21.51,37,0,0
444,192,162.242,2026-09-27T12:25:03.752,37,0,0
444,193,163.257,2026-09-27T12:27:47.009,37,0,0
444,194,160.797,2026-09-27T12:30:27.806,37,0,0
444,195,157.376,2026-09-27T12:33:05.182,37,0,0
444,196,142.655,2026-09-27T12:35:27.837,37,0,0
444,197,168.268,2026-09-27T12:38:16.105,37,0,0
444,198,166.173,2026-09-27T12:41:02.278,37,0,0
444,199,168.564,2026-09-27T12:43:50.842,37,0,0
444,200,154.406,2026-09-27T12:46:25.248,37,0,0
444,201,157.549,2026-09-27T12:49:02.797,36,0,0
444,202,153.625,2026-09-27T12:51:36.422,36,0,0
444,203,155.717,2026-09-27T12:54:12.139,36,0,0
444,204,157.035,2026-09-27T12:56:49.174,36,0,0
444,205,168.047,2026-09-27T12:59:37.221,36,0,0
444,206,181.886,2026-09-27T13:02:39.107,36,1,0
444,207,326.788,2026-09-27T13:08:05.895,36,0,0
444,208,195.908,2026-09-27T13:11:21.803,37,1,0
444,209,1740.34,2026-09-27T13:40:22.143,39,1,0
444,210,196.602,2026-09-27T13:43:38.745,39,0,0
444,211,166.388,2026-09-27T13:46:25.133,39,0,0
444,212,172.429,2026-09-27T13:49:17.562,39,0,0
444,213,162.745,2026-09-27T13:52:00.307,39,0,0
444,214,169.028,2026-09-27T13:54:49.335,39,0,0
444,215,176.409,2026-09-27T13:57:45.744,39,0,0
444,216,181.384,2026-09-27T14:00:47.128,39,0,0
444,217,174.859,2026-09-27T14:03:41.987,39,0,0
444,218,165.884,2026-09-27T14:06:27.871,38,0,0
444,219,170.273,2026-09-27T14:09:18.144,37,0,0
444,220,175.181,2026-09-27T14:12:13.325,37,0,0
444,221,170.855,2026-09-27T14:15:04.18,37,0,0
444,222,171.536,2026-09-27T14:17:55.716,37,0,0
444,223,194.756,2026-09-27T14:21:10.472,37,1,0
444,224,1179.968,2026-09-27T14:40:50.44,42,0,0
444,225,174.796,2026-09-27T14:43:45.236,42,0,0
444,226,173.967,2026-09-27T14:46:39.203,42,0,0
444,227,164.292,2026-09-27T14:49:23.495,42,0,0
444,228,163.685,2026-09-27T14:52:07.18,42,0,0
444,229,176.924,2026-09-27T14:55:04.104,42,0,0
444,230,175.981,2026-09-27T14:58:00.085,42,0,0
444,231,190.146,2026-09-27T15:01:10.231,42,1,0
444,232,455.833,2026-09-27T15:08:46.064,42,0,0
444,233,174.539,2026-09-27T15:11:40.603,42,0,0
444,234,171.962,2026-09-27T15:14:32.565,42,0,0
444,235,170.692,2026-09-27T15:17:23.257,42,0,0
444,236,174.102,2026-09-27T15:20:17.359,42,0,0
444,237,178.507,2026-09-27T15:23:15.866,43,0,0
444,238,170.642,2026-09-27T15:26:06.508,43,0,0
444,239,173.091,2026-09-27T15:28:59.599,44,0,0
444,240,173.511,2026-09-27T15:31:53.11,43,0,0
189,1,171.223,2026-09-26T10:05:04.816,11,0,0
189,2,179.732,2026-09-26T10:08:04.548,12,0,0
189,3,165.809,2026-09-26T10:10:50.357,11,0,0
189,4,195.35,2026-09-26T10:14:05.707,11,0,0
189,5,174.784,2026-09-26T10:17:00.491,14,0,0
189,6,171.604,2026-09-26T10:19:52.095,16,0,0
189,7,181.084,2026-09-26T10:22:53.179,16,0,0
189,8,147.887,2026-09-26T10:25:21.066,16,0,0
189,9,150.832,2026-09-26T10:27:51.898,16,0,0
189,10,163.379,2026-09-26T10:30:35.277,16,0,0
189,11,148.452,2026-09-26T10:33:03.729,15,0,0
189,12,157.742,2026-09-26T10:35:41.471,14,0,0
189,13,163.142,2026-09-26T10:38:24.613,14,0,0
189,14,161.521,2026-09-26T10:41:06.134,14,0,0
189,15,164.914,2026-09-26T10:43:51.048,14,0,0
189,16,151.592,2026-09-26T10:46:22.64,14,0,0
189,17,160.144,2026-09-26T10:49:02.784,14,0,0
189,18,148.245,2026-09-26T10:51:31.029,13,0,0
189,19,151.153,2026-09-26T10:54:02.182,13,0,0
189,20,155.85,2026-09-26T10:56:38.032,13,0,0
189,21,154.838,2026-09-26T10:59:12.87,13,0,0
189,22,152.436,2026-09-26T11:01:45.306,13,0,0
189,23,156.316,2026-09-26T11:04:21.622,12,0,0
189,24,147.831,2026-09-26T11:06:49.453,12,0,0
189,25,145.328,2026-09-26T11:09:14.781,12,0,0
189,26,145.828,2026-09-26T11:11:40.609,12,0,0
189,27,153.032,2026-09-26T11:14:13.641,11,0,0
189,28,149.007,2026-09-26T11:16:42.648,11,0,0
189,29,156.657,2026-09-26T11:19:19.305,10,0,0
189,30,159.744,2026-09-26T11:21:59.049,11,0,0
189,31,155.504,2026-09-26T11:24:34.553,12,0,0
189,32,149.508,2026-09-26T11:27:04.061,12,0,0
189,33,158.004,2026-09-26T11:29:42.065,11,0,0
189,34,150.116,2026-09-26T11:32:12.181,10,0,0
189,35,171.417,2026-09-26T11:35:03.598,10,0,0
189,36,157.872,2026-09-26T11:37:41.47,10,0,0
189,37,164.827,2026-09-26T11:40:26.297,9,0,0
189,38,152.384,2026-09-26T11:42:58.681,8,0,0
189,39,147.69,2026-09-26T11:45:26.371,8,0,0
189,40,161.963,2026-09-26T11:48:08.334,8,0,0
189,41,157.335,2026-09-26T11:50:45.669,7,0,0
189,42,151.369,2026-09-26T11:53:17.038,7,0,0
189,43,149.446,2026-09-26T11:55:46.484,7,0,0
189,44,150.867,2026-09-26T11:58:17.351,7,0,0
189,45,152.966,2026-09-26T12:00:50.317,6,0,0
189,46,152.215,2026-09-26T12:03:22.532,4,0,0
189,47,157.709,2026-09-26T12:06:00.241,4,0,0
189,48,146.8,2026-09-26T12:08:27.041,5,0,0
189,49,152.195,2026-09-26T12:10:59.236,4,0,0
189,50,151.496,2026-09-26T12:13:30.732,3,0,0
189,51,149.553,2026-09-26T12:16:00.285,3,0,0
189,52,156.855,2026-09-26T12:18:37.14,3,0,0
189,53,166.582,2026-09-26T12:21:23.722,2,0,0
189,54,155.089,2026-09-26T12:23:58.811,2,0,0
189,55,151.621,2026-09-26T12:26:30.432,2,0,0
189,56,151.825,2026-09-26T12:29:02.257,2,0,0
189,57,148.786,2026-09-26T12:31:31.043,2,0,0
189,58,151.745,2026-09-26T12:34:02.788,2,0,0
189,59,147.655,2026-09-26T12:36:30.443,2,0,0
189,60,150.121,2026-09-26T12:39:00.564,2,0,0
189,61,160.812,2026-09-26T12:41:41.376,1,0,0
189,62,153.935,2026-09-26T12:44:15.311,1,0,0
189,63,157.833,2026-09-26T12:46:53.144,1,0,0
189,64,155.713,2026-09-26T12:49:28.857,1,0,0
189,65,154.583,2026-09-26T12:52:03.44,1,0,0
189,66,742.673,2026-09-26T13:04:26.113,12,1,0
189,67,277.754,2026-09-26T13:09:03.867,16,0,0
189,68,158.049,2026-09-26T13:11:41.916,16,0,0
189,69,165.048,2026-09-26T13:14:26.964,15,0,0
189,70,154.443,2026-09-26T13:17:01.407,15,0,0
189,71,159.939,2026-09-26T13:19:41.346,15,0,0
189,72,156.934,2026-09-26T13:22:18.28,14,0,0
189,73,152.487,2026-09-26T13:24:50.767,14,0,0
189,74,148.824,2026-09-26T13:27:19.591,14,0,0
189,75,153.237,2026-09-26T13:29:52.828,14,0,0
189,76,153.376,2026-09-26T13:32:26.204,14,0,0
189,77,158.201,2026-09-26T13:35:04.405,14,0,0
189,78,147.891,2026-09-26T13:37:32.296,14,0,0
189,79,152.502,2026-09-26T13:40:04.798,14,0,0
189,80,164.838,2026-09-26T13:42:49.636,13,0,0
189,81,151.619,2026-09-26T13:45:21.255,13,0,0
189,82,150.662,2026-09-26T13:47:51.917,13,0,0
189,83,150.846,2026-09-26T13:50:22.763,13,0,0
189,84,150.442,2026-09-26T13:52:53.205,12,0,0
189,85,156.344,2026-09-26T13:55:29.549,12,0,0
189,86,147.588,2026-09-26T13:57:57.137,12,0,0
189,87,153.327,2026-09-26T14:00:30.464,11,0,0
189,88,149.845,2026-09-26T14:03:00.309,11,0,0
189,89,153.523,2026-09-26T14:05:33.832,11,0,0
189,90,149.66,2026-09-26T14:08:03.492,11,0,0
189,91,156.189,2026-09-26T14:10:39.681,11,0,0
189,92,160.802,2026-09-26T14:13:20.483,10,0,0
189,93,152.868,2026-09-26T14:15:53.351,10,0,0
189,94,155.281,2026-09-26T14:18:28.632,10,0,0
189,95,155.003,2026-09-26T14:21:03.635,10,0,0
189,96,154.114,2026-09-26T14:23:37.749,10,0,0
189,97,159.686,2026-09-26T14:26:17.435,10,0,0
189,98,153.325,2026-09-26T14:28:50.76,10,0,0
189,99,149.897,2026-09-26T14:31:20.657,9,0,0
189,100,162.264,2026-09-26T14:34:02.921,9,0,0
189,101,161.026,2026-09-26T14:36:43.947,9,0,0
189,102,155.61,2026-09-26T14:39:19.557,9,0,0
189,103,153.918,2026-09-26T14:41:53.475,8,0,0
189,104,165.332,2026-09-26T14:44:38.807,8,0,0
189,105,157.226,2026-09-26T14:47:16.033,8,0,0
189,106,156.779,2026-09-26T14:49:52.812,8,0,0
189,107,179.433,2026-09-26T14:52:52.245,8,0,0
189,108,168.572,2026-09-26T14:55:40.817,8,0,0
189,109,162.494,2026-09-26T14:58:23.311,8,0,0
189,110,176.726,2026-09-26T15:01:20.037,8,0,0
189,111,156.129,2026-09-26T15:03:56.166,8,0,0
189,112,167.278,2026-09-26T15:06:43.444,8,0,0
189,113,167.938,2026-09-26T15:09:31.382,8,0,0
189,114,183.879,2026-09-26T15:12:35.261,8,0,0
189,115,156.843,2026-09-26T15:15:12.104,7,0,0
189,116,160.583,2026-09-26T15:17:52.687,7,0,0
189,117,170.534,2026-09-26T15:20:43.221,6,0,0
189,118,161.192,2026-09-26T15:23:24.413,6,0,0
189,119,171.509,2026-09-26T15:26:15.922,5,0,0
189,120,156.807,2026-09-26T15:28:52.729,5,0,0
189,121,165.555,2026-09-26T15:31:38.284,5,0,0
189,122,226.064,2026-09-26T15:35:24.348,5,1,0
189,123,537.789,2026-09-26T15:44:22.137,5,0,0
189,124,526.43,2026-09-26T15:53:08.567,8,0,0
189,125,156.078,2026-09-26T15:55:44.645,8,0,0
189,126,280.055,2026-09-26T16:00:24.7,8,0,1
189,127,250.475,2026-09-26T16:04:35.175,8,0,1
189,128,234.732,2026-09-26T16:08:29.907,7,0,1
189,129,241.577,2026-09-26T16:12:31.484,7,0,1
189,130,271.482,2026-09-26T16:17:02.966,7,0,0
189,131,148.653,2026-09-26T16:19:31.619,7,0,0
189,132,152.23,2026-09-26T16:22:03.849,7,0,0
189,133,150.641,2026-09-26T16:24:34.49,7,0,0
189,134,158.467,2026-09-26T16:27:12.957,7,0,0
189,135,155.239,2026-09-26T16:29:48.196,7,0,0
189,136,153.6,2026-09-26T16:32:21.796,7,0,0
189,137,152.351,2026-09-26T16:34:54.147,7,0,0
189,138,160.068,2026-09-26T16:37:34.215,6,0,0
189,139,148.025,2026-09-26T16:40:02.24,6,0,0
189,140,151.271,2026-09-26T16:42:33.511,6,0,0
189,141,155.303,2026-09-26T16:45:08.814,6,0,0
189,142,161.458,2026-09-26T16:47:50.272,6,0,0
189,143,152.127,2026-09-26T16:50:22.399,6,0,0
189,144,154.96,2026-09-26T16:52:57.359,6,0,0
189,145,157.573,2026-09-26T16:55:34.932,6,0,0
189,146,150.813,2026-09-26T16:58:05.745,6,0,0
189,147,147.988,2026-09-26T17:00:33.733,6,0,0
189,148,151.475,2026-09-26T17:03:05.208,6,0,0
189,149,152.392,2026-09-26T17:05:37.6,6,0,0
189,150,163.522,2026-09-26T17:08:21.122,6,0,0
189,151,182.881,2026-09-26T17:11:24.003,6,0,0
189,152,160.786,2026-09-26T17:14:04.789,7,0,0
189,153,164.873,2026-09-26T17:16:49.662,7,0,0
189,154,158.377,2026-09-26T17:19:28.039,7,0,0
189,155,158.699,2026-09-26T17:22:06.738,7,0,0
189,156,156.632,2026-09-26T17:24:43.37,7,0,0
189,157,157.069,2026-09-26T17:27:20.439,7,0,0
189,158,161.934,2026-09-26T17:30:02.373,7,0,0
189,159,155.918,2026-09-26T17:32:38.291,7,0,0
189,160,155.633,2026-09-26T17:35:13.924,7,0,0
189,161,148.28,2026-09-26T17:37:42.204,7,0,0
189,162,148.054,2026-09-26T17:40:10.258,7,0,0
189,163,161.908,2026-09-26T17:42:52.166,7,0,0
189,164,160.872,2026-09-26T17:45:33.038,7,0,0
189,165,151.587,2026-09-26T17:48:04.625,7,0,0
189,166,157.502,2026-09-26T17:50:42.127,7,0,1
189,167,190.733,2026-09-26T17:53:52.86,7,0,1
189,168,221.853,2026-09-26T17:57:34.713,7,0,1
189,169,305.317,2026-09-26T18:02:40.03,7,0,1
189,170,53668.687,2026-09-27T08:57:08.717,7,0,0
189,171,157.891,2026-09-27T08:59:46.608,7,0,0
189,172,159.077,2026-09-27T09:02:25.685,7,0,0
189,173,150.37,2026-09-27T09:04:56.055,7,0,0
189,174,156.847,2026-09-27T09:07:32.902,7,0,0
189,175,158.864,2026-09-27T09:10:11.766,7,0,0
189,176,153.511,2026-09-27T09:12:45.277,7,0,0
189,177,150.228,2026-09-27T09:15:15.505,7,0,0
189,178,154.522,2026-09-27T09:17:50.027,7,0,0
189,179,153.451,2026-09-27T09:20:23.478,7,0,0
189,180,163.659,2026-09-27T09:23:07.137,7,0,0
189,181,155.594,2026-09-27T09:25:42.731,7,0,0
189,182,160.372,2026-09-27T09:28:23.103,7,0,0
189,183,147.748,2026-09-27T09:30:50.851,7,0,0
189,184,148.206,2026-09-27T09:33:19.057,7,0,0
189,185,150.639,2026-09-27T09:35:49.696,7,0,0
189,186,148.049,2026-09-27T09:38:17.745,7,0,0
189,187,155.197,2026-09-27T09:40:52.942,7,0,0
189,188,166.959,2026-09-27T09:43:39.901,7,0,0
189,189,158.684,2026-09-27T09:46:18.585,7,0,0
189,190,150.008,2026-09-27T09:48:48.593,7,0,0
189,191,152.569,2026-09-27T09:51:21.162,7,0,0
189,192,163.443,2026-09-27T09:54:04.605,7,0,0
189,193,150.307,2026-09-27T09:56:34.912,7,0,0
189,194,150.815,2026-09-27T09:59:05.727,7,0,0
189,195,171.769,2026-09-27T10:01:57.496,7,1,0
189,196,278.971,2026-09-27T10:06:36.467,7,0,0
189,197,148.378,2026-09-27T10:09:04.845,7,0,0
189,198,149.305,2026-09-27T10:11:34.15,7,0,0
189,199,156.924,2026-09-27T10:14:11.074,7,0,0
189,200,150.193,2026-09-27T10:16:41.267,8,0,0
189,201,149.729,2026-09-27T10:19:10.996,8,0,0
189,202,147.289,2026-09-27T10:21:38.285,8,0,0
189,203,145.464,2026-09-27T10:24:03.749,8,0,0
189,204,1194.018,2026-09-27T10:43:57.767,8,0,0
189,205,154.462,2026-09-27T10:46:32.229,8,0,0
189,206,145.699,2026-09-27T10:48:57.928,8,0,0
189,207,155.334,2026-09-27T10:51:33.262,8,0,0
189,208,157.021,2026-09-27T10:54:10.283,8,0,0
189,209,147.643,2026-09-27T10:56:37.926,8,0,0
189,210,150.368,2026-09-27T10:59:08.294,8,0,0
189,211,147.683,2026-09-27T11:01:35.977,8,0,0
189,212,5937.811,2026-09-27T12:40:33.788,26,0,0
189,213,163.872,2026-09-27T12:43:17.66,26,0,0
189,214,156.702,2026-09-27T12:45:54.362,26,0,0
189,215,157.391,2026-09-27T12:48:31.753,25,0,0
189,216,196.224,2026-09-27T12:51:47.977,25,1,0
189,217,1000.262,2026-09-27T13:08:28.239,28,0,0
189,218,174.875,2026-09-27T13:11:23.114,28,1,0
189,219,4494.75,2026-09-27T14:26:17.864,42,0,0
189,220,153.894,2026-09-27T14:28:51.758,42,0,0
189,221,152.192,2026-09-27T14:31:23.95,42,0,0
189,222,151.22,2026-09-27T14:33:55.17,42,0,0
189,223,155.202,2026-09-27T14:36:30.372,42,0,0
189,224,151.007,2026-09-27T14:39:01.379,41,0,0
189,225,151.76,2026-09-27T14:41:33.139,41,0,0
189,226,152.656,2026-09-27T14:44:05.795,41,0,0
189,227,158.312,2026-09-27T14:46:44.107,40,0,0
189,228,150.312,2026-09-27T14:49:14.419,40,0,0
189,229,153.942,2026-09-27T14:51:48.361,40,0,0
189,230,151.147,2026-09-27T14:54:19.508,40,0,0
189,231,147.72,2026-09-27T14:56:47.228,40,0,0
189,232,148.668,2026-09-27T14:59:15.896,40,0,0
189,233,148.74,2026-09-27T15:01:44.636,40,0,0
189,234,150.039,2026-09-27T15:04:14.675,40,0,0
189,235,151.766,2026-09-27T15:06:46.441,40,0,0
189,236,150.555,2026-09-27T15:09:16.996,40,0,0
189,237,152.932,2026-09-27T15:11:49.928,40,0,0
189,238,153.771,2026-09-27T15:14:23.699,39,0,0
189,239,179.53,2026-09-27T15:17:23.229,39,1,0
11,1,172.027,2026-09-26T10:06:58.906,55,0,0
11,2,156.349,2026-09-26T10:09:35.255,51,0,0
11,3,193.935,2026-09-26T10:12:49.19,50,0,0
11,4,167.489,2026-09-26T10:15:36.679,48,0,0
11,5,196.194,2026-09-26T10:18:52.873,43,0,0
11,6,176.24,2026-09-26T10:21:49.113,39,0,0
11,7,158.152,2026-09-26T10:24:27.265,39,0,0
11,8,153.49,2026-09-26T10:27:00.755,37,0,0
11,9,159.05,2026-09-26T10:29:39.805,36,0,0
11,10,158.97,2026-09-26T10:32:18.775,36,0,0
11,11,168.65,2026-09-26T10:35:07.425,33,0,0
11,12,159.842,2026-09-26T10:37:47.267,31,0,0
11,13,160.602,2026-09-26T10:40:27.869,31,0,0
11,14,175.474,2026-09-26T10:43:23.343,30,0,0
11,15,160.372,2026-09-26T10:46:03.715,29,0,0
11,16,155.57,2026-09-26T10:48:39.285,28,0,0
11,17,159.313,2026-09-26T10:51:18.598,27,0,0
11,18,160.099,2026-09-26T10:53:58.697,26,0,0
11,19,166.173,2026-09-26T10:56:44.87,26,0,0
11,20,158.903,2026-09-26T10:59:23.773,26,0,0
11,21,561.645,2026-09-26T11:08:45.418,50,1,0
11,22,200.839,2026-09-26T11:12:06.257,49,0,0
11,23,156.838,2026-09-26T11:14:43.095,46,0,0
11,24,158.089,2026-09-26T11:17:21.184,45,0,0
11,25,151.829,2026-09-26T11:19:53.013,44,0,0
11,26,157.107,2026-09-26T11:22:30.12,43,0,0
11,27,184.47,2026-09-26T11:25:34.59,42,1,0
11,28,357.228,2026-09-26T11:31:31.818,46,0,0
11,29,161.449,2026-09-26T11:34:13.267,45,0,0
11,30,156.121,2026-09-26T11:36:49.388,44,0,0
11,31,161.358,2026-09-26T11:39:30.746,44,0,0
11,32,158.047,2026-09-26T11:42:08.793,44,0,0
11,33,166.253,2026-09-26T11:44:55.046,44,0,0
11,34,171.245,2026-09-26T11:47:46.291,43,0,0
11,35,158.386,2026-09-26T11:50:24.677,42,0,0
11,36,153.304,2026-09-26T11:52:57.981,40,0,0
11,37,151.546,2026-09-26T11:55:29.527,39,0,0
11,38,173.03,2026-09-26T11:58:22.557,36,1,0
11,39,726.738,2026-09-26T12:10:29.295,48,1,0
11,40,206.726,2026-09-26T12:13:56.021,49,0,0
11,41,160.717,2026-09-26T12:16:36.738,47,0,0
11,42,163.257,2026-09-26T12:19:19.995,45,0,0
11,43,165.026,2026-09-26T12:22:05.021,43,0,0
11,44,165.716,2026-09-26T12:24:50.737,43,0,0
11,45,196.198,2026-09-26T12:28:06.935,43,1,0
11,46,1642.605,2026-09-26T12:55:29.54,60,0,0
11,47,152.187,2026-09-26T12:58:01.727,59,0,0
11,48,150.884,2026-09-26T13:00:32.611,59,0,0
11,49,154.956,2026-09-26T13:03:07.567,59,0,0
11,50,154.824,2026-09-26T13:05:42.391,57,0,0
11,51,151.426,2026-09-26T13:08:13.817,57,0,0
11,52,170.461,2026-09-26T13:11:04.278,56,0,0
11,53,157.216,2026-09-26T13:13:41.494,56,0,0
11,54,293.517,2026-09-26T13:18:35.011,55,1,0
11,55,768.763,2026-09-26T13:31:23.774,58,0,0
11,56,209.804,2026-09-26T13:34:53.578,58,1,0
11,57,716.033,2026-09-26T13:46:49.611,62,1,0
11,58,194.018,2026-09-26T13:50:03.629,62,0,0
11,59,167.583,2026-09-26T13:52:51.212,61,0,0
11,60,160.504,2026-09-26T13:55:31.716,60,0,0
11,61,158.655,2026-09-26T13:58:10.371,59,0,0
11,62,163.608,2026-09-26T14:00:53.979,58,0,0
11,63,157.209,2026-09-26T14:03:31.188,56,0,0
11,64,159.269,2026-09-26T14:06:10.457,56,0,0
11,65,160.304,2026-09-26T14:08:50.761,56,0,0
11,66,160.641,2026-09-26T14:11:31.402,56,0,0
11,67,159.365,2026-09-26T14:14:10.767,56,0,0
11,68,156.801,2026-09-26T14:16:47.568,55,0,0
11,69,155.551,2026-09-26T14:19:23.119,54,0,0
11,70,160.618,2026-09-26T14:22:03.737,53,0,0
11,71,162.205,2026-09-26T14:24:45.942,51,0,0
11,72,160.105,2026-09-26T14:27:26.047,51,0,0
11,73,171.415,2026-09-26T14:30:17.462,50,0,0
11,74,157.986,2026-09-26T14:32:55.448,49,0,0
11,75,162.936,2026-09-26T14:35:38.384,48,0,0
11,76,167.068,2026-09-26T14:38:25.452,48,0,0
11,77,549.079,2026-09-26T14:47:34.531,48,1,0
11,78,187.901,2026-09-26T14:50:42.432,48,0,0
11,79,176.631,2026-09-26T14:53:39.063,48,0,0
11,80,163.47,2026-09-26T14:56:22.533,48,0,0
11,81,163.468,2026-09-26T14:59:06.001,48,0,0
11,82,158.57,2026-09-26T15:01:44.571,47,0,0
11,83,156.806,2026-09-26T15:04:21.377,47,0,0
11,84,168.108,2026-09-26T15:07:09.485,47,0,0
11,85,159.416,2026-09-26T15:09:48.901,47,0,0
11,86,175.293,2026-09-26T15:12:44.194,45,0,0
11,87,178.148,2026-09-26T15:15:42.342,45,0,0
11,88,220.005,2026-09-26T15:19:22.347,45,1,0
11,89,3691.488,2026-09-26T16:20:53.835,60,0,0
11,90,152.004,2026-09-26T16:23:25.839,60,0,0
11,91,161.626,2026-09-26T16:26:07.465,60,1,0
11,92,1638.534,2026-09-26T16:53:25.999,65,0,0
11,93,164.681,2026-09-26T16:56:10.68,65,0,0
11,94,159.002,2026-09-26T16:58:49.682,66,0,0
11,95,160.824,2026-09-26T17:01:30.506,65,0,0
11,96,157.155,2026-09-26T17:04:07.661,65,0,0
11,97,167.491,2026-09-26T17:06:55.152,65,0,0
11,98,184.573,2026-09-26T17:09:59.725,65,0,0
11,99,182.267,2026-09-26T17:13:01.992,65,0,0
11,100,191.431,2026-09-26T17:16:13.423,65,1,0
11,101,705.733,2026-09-26T17:27:59.156,66,1,0
11,102,197.809,2026-09-26T17:31:16.965,66,0,0
11,103,171.886,2026-09-26T17:34:08.851,66,0,0
11,104,160.501,2026-09-26T17:36:49.352,66,0,0
11,105,165.623,2026-09-26T17:39:34.975,66,0,0
11,106,174.338,2026-09-26T17:42:29.313,66,0,0
11,107,181.746,2026-09-26T17:45:31.059,65,0,0
11,108,186.928,2026-09-26T17:48:37.987,65,0,0
11,109,198.445,2026-09-26T17:51:56.432,65,0,1
11,110,225.879,2026-09-26T17:55:42.311,65,0,1
11,111,217.33,2026-09-26T17:59:19.641,65,0,1
11,112,229.513,2026-09-26T18:03:09.154,65,0,1
11,113,53670.044,2026-09-27T08:57:39.198,63,0,0
11,114,172.952,2026-09-27T09:00:32.15,63,0,0
11,115,185.794,2026-09-27T09:03:37.944,63,0,0
11,116,166.705,2026-09-27T09:06:24.649,63,0,0
11,117,166.33,2026-09-27T09:09:10.979,63,0,0
11,118,157.477,2026-09-27T09:11:48.456,63,0,0
11,119,161.763,2026-09-27T09:14:30.219,62,0,0
11,120,159.585,2026-09-27T09:17:09.804,62,0,0
11,121,161.791,2026-09-27T09:19:51.595,62,0,0
11,122,184.981,2026-09-27T09:22:56.576,62,0,0
11,123,167.858,2026-09-27T09:25:44.434,61,0,0
11,124,170.544,2026-09-27T09:28:34.978,61,0,0
11,125,157.951,2026-09-27T09:31:12.929,60,0,0
11,126,169.663,2026-09-27T09:34:02.592,60,0,0
11,127,159.975,2026-09-27T09:36:42.567,60,0,0
11,128,164.559,2026-09-27T09:39:27.126,59,0,0
11,129,168.681,2026-09-27T09:42:15.807,59,0,0
11,130,168.266,2026-09-27T09:45:04.073,58,0,0
11,131,169.124,2026-09-27T09:47:53.197,58,0,0
11,132,181.503,2026-09-27T09:50:54.7,57,0,0
11,133,167.791,2026-09-27T09:53:42.491,56,0,0
11,134,470.782,2026-09-27T10:01:33.273,57,1,0
11,135,201.762,2026-09-27T10:04:55.035,57,0,0
11,136,153.74,2026-09-27T10:07:28.775,57,0,0
11,137,153.221,2026-09-27T10:10:01.996,57,0,0
11,138,149.806,2026-09-27T10:12:31.802,57,0,0
11,139,160.628,2026-09-27T10:15:12.43,57,0,0
11,140,152.425,2026-09-27T10:17:44.855,55,0,0
11,141,156.432,2026-09-27T10:20:21.287,55,0,0
11,142,151.493,2026-09-27T10:22:52.78,55,0,0
11,143,1182.873,2026-09-27T10:42:35.653,55,0,1
11,144,176.359,2026-09-27T10:45:32.012,54,0,0
11,145,149.14,2026-09-27T10:48:01.152,54,0,0
11,146,148.745,2026-09-27T10:50:29.897,54,0,0
11,147,150.869,2026-09-27T10:53:00.766,54,0,0
11,148,154.151,2026-09-27T10:55:34.917,54,0,0
11,149,154.672,2026-09-27T10:58:09.589,54,0,0
11,150,160.891,2026-09-27T11:00:50.48,54,0,0
11,151,414.81,2026-09-27T11:07:45.29,55,1,0
11,152,178.934,2026-09-27T11:10:44.224,54,0,0
11,153,157.47,2026-09-27T11:13:21.694,54,0,0
11,154,163.3,2026-09-27T11:16:04.994,54,0,0
11,155,164.025,2026-09-27T11:18:49.019,54,0,0
11,156,163.947,2026-09-27T11:21:32.966,54,0,0
11,157,154.314,2026-09-27T11:24:07.28,54,0,0
11,158,155.149,2026-09-27T11:26:42.429,54,0,0
11,159,158.506,2026-09-27T11:29:20.935,54,0,0
11,160,161.608,2026-09-27T11:32:02.543,54,0,0
11,161,164.622,2026-09-27T11:34:47.165,53,0,0
11,162,159.545,2026-09-27T11:37:26.71,53,0,0
11,163,156.465,2026-09-27T11:40:03.175,53,0,0
11,164,161.878,2026-09-27T11:42:45.053,53,0,0
11,165,163.057,2026-09-27T11:45:28.11,52,0,0
11,166,156.665,2026-09-27T11:48:04.775,52,0,0
11,167,162.222,2026-09-27T11:50:46.997,52,0,0
11,168,169.039,2026-09-27T11:53:36.036,52,0,0
11,169,164.141,2026-09-27T11:56:20.177,52,0,0
11,170,173.801,2026-09-27T11:59:13.978,52,0,0
11,171,157.059,2026-09-27T12:01:51.037,51,0,0
11,172,162.531,2026-09-27T12:04:33.568,51,0,0
11,173,463.48,2026-09-27T12:12:17.048,53,1,0
11,174,192.546,2026-09-27T12:15:29.594,53,0,0
11,175,161.956,2026-09-27T12:18:11.55,53,0,0
11,176,161.704,2026-09-27T12:20:53.254,53,0,0
11,177,166.402,2026-09-27T12:23:39.656,53,0,0
11,178,157.142,2026-09-27T12:26:16.798,52,0,0
11,179,162.903,2026-09-27T12:28:59.701,51,0,0
11,180,160.026,2026-09-27T12:31:39.727,50,0,0
11,181,160.723,2026-09-27T12:34:20.45,50,0,0
11,182,162.493,2026-09-27T12:37:02.943,49,0,0
11,183,162.496,2026-09-27T12:39:45.439,49,0,0
11,184,156.841,2026-09-27T12:42:22.28,49,0,0
11,185,171.469,2026-09-27T12:45:13.749,48,0,0
11,186,169.875,2026-09-27T12:48:03.624,46,0,0
11,187,158.999,2026-09-27T12:50:42.623,46,0,0
11,188,166.291,2026-09-27T12:53:28.914,46,0,0
11,189,153.541,2026-09-27T12:56:02.455,46,0,0
11,190,159.469,2026-09-27T12:58:41.924,46,0,0
11,191,157.182,2026-09-27T13:01:19.106,46,0,0
11,192,158.937,2026-09-27T13:03:58.043,46,0,0
11,193,159.554,2026-09-27T13:06:37.597,45,0,0
11,194,412.635,2026-09-27T13:13:30.232,45,1,0
11,195,193.43,2026-09-27T13:16:43.662,45,0,0
11,196,159.596,2026-09-27T13:19:23.258,45,0,0
11,197,161.719,2026-09-27T13:22:04.977,45,0,0
11,198,159.069,2026-09-27T13:24:44.046,45,0,0
11,199,205.103,2026-09-27T13:28:09.149,45,1,0
11,200,647.225,2026-09-27T13:38:56.374,48,0,0
11,201,157.158,2026-09-27T13:41:33.532,48,0,0
11,202,158.379,2026-09-27T13:44:11.911,48,0,0
11,203,156.109,2026-09-27T13:46:48.02,48,0,0
11,204,154.512,2026-09-27T13:49:22.532,48,0,0
11,205,158.392,2026-09-27T13:52:00.924,48,0,0
11,206,164.292,2026-09-27T13:54:45.216,48,0,0
11,207,154.823,2026-09-27T13:57:20.039,47,0,0
11,208,160.087,2026-09-27T14:00:00.126,47,0,0
11,209,160.729,2026-09-27T14:02:40.855,47,0,0
11,210,157.477,2026-09-27T14:05:18.332,47,0,0
11,211,158.327,2026-09-27T14:07:56.659,47,0,0
11,212,156.49,2026-09-27T14:10:33.149,47,0,0
11,213,176.674,2026-09-27T14:13:29.823,46,0,0
11,214,178.872,2026-09-27T14:16:28.695,46,0,0
11,215,182.653,2026-09-27T14:19:31.348,46,0,0
11,216,452.862,2026-09-27T14:27:04.21,47,1,0
11,217,185.412,2026-09-27T14:30:09.622,47,0,0
11,218,156.323,2026-09-27T14:32:45.945,46,0,0
11,219,156.628,2026-09-27T14:35:22.573,45,0,0
11,220,158.102,2026-09-27T14:38:00.675,45,0,0
11,221,166.55,2026-09-27T14:40:47.225,45,0,0
11,222,162.441,2026-09-27T14:43:29.666,45,0,0
11,223,164.09,2026-09-27T14:46:13.756,45,0,0
11,224,167.391,2026-09-27T14:49:01.147,45,0,0
11,225,170.077,2026-09-27T14:51:51.224,45,0,0
11,226,168.156,2026-09-27T14:54:39.38,45,0,0
11,227,163.804,2026-09-27T14:57:23.184,45,0,0
11,228,168.126,2026-09-27T15:00:11.31,45,0,0
11,229,183.631,2026-09-27T15:03:14.941,45,1,0
11,230,507.023,2026-09-27T15:11:41.964,47,0,0
11,231,158.718,2026-09-27T15:14:20.682,47,0,0
11,232,157.463,2026-09-27T15:16:58.145,47,0,0
11,233,156.992,2026-09-27T15:19:35.137,46,0,0
11,234,154.753,2026-09-27T15:22:09.89,45,0,0
11,235,152.615,2026-09-27T15:24:42.505,45,0,0
11,236,152.431,2026-09-27T15:27:14.936,45,0,0
11,237,156.892,2026-09-27T15:29:51.828,45,0,0
11,238,158.992,2026-09-27T15:32:30.82,45,0,0
963,1,272.852,2026-09-26T10:14:08.017,91,0,0
963,2,272.205,2026-09-26T10:18:40.222,93,0,0
963,3,263.608,2026-09-26T10:23:03.83,93,0,0
963,4,243.099,2026-09-26T10:27:06.929,92,0,0
963,5,236.494,2026-09-26T10:31:03.423,92,0,0
963,6,238.717,2026-09-26T10:35:02.14,92,0,0
963,7,239.887,2026-09-26T10:39:02.027,92,0,0
963,8,869.055,2026-09-26T10:53:31.082,95,0,0
963,9,224.674,2026-09-26T10:57:15.756,94,0,0
963,10,229.694,2026-09-26T11:01:05.45,89,0,0
963,11,214.083,2026-09-26T11:04:39.533,85,0,0
963,12,206.282,2026-09-26T11:08:05.815,85,0,0
963,13,198.36,2026-09-26T11:11:24.175,84,0,0
963,14,198.686,2026-09-26T11:14:42.861,84,0,0
963,15,214.808,2026-09-26T11:18:17.669,84,0,0
963,16,214.067,2026-09-26T11:21:51.736,84,0,0
963,17,193.948,2026-09-26T11:25:05.684,83,0,0
963,18,187.253,2026-09-26T11:28:12.937,83,0,0
963,19,197.964,2026-09-26T11:31:30.901,83,0,0
963,20,1202.827,2026-09-26T11:51:33.728,86,0,0
963,21,172.567,2026-09-26T11:54:26.295,82,0,0
963,22,167.657,2026-09-26T11:57:13.952,82,0,0
963,23,171.495,2026-09-26T12:00:05.447,82,0,0
963,24,169.139,2026-09-26T12:02:54.586,82,0,0
963,25,158.378,2026-09-26T12:05:32.964,82,0,0
963,26,165.905,2026-09-26T12:08:18.869,82,0,0
963,27,166.923,2026-09-26T12:11:05.792,82,0,0
963,28,181.302,2026-09-26T12:14:07.094,81,0,0
963,29,173.854,2026-09-26T12:17:00.948,81,0,0
963,30,177.982,2026-09-26T12:19:58.93,80,0,0
963,31,168.015,2026-09-26T12:22:46.945,80,0,0
963,32,164.001,2026-09-26T12:25:30.946,80,0,0
963,33,161.449,2026-09-26T12:28:12.395,79,0,0
963,34,158.007,2026-09-26T12:30:50.402,78,0,0
963,35,161.755,2026-09-26T12:33:32.157,78,0,0
963,36,163.716,2026-09-26T12:36:15.873,77,0,0
963,37,153.609,2026-09-26T12:38:49.482,76,0,0
963,38,165.916,2026-09-26T12:41:35.398,75,0,0
963,39,157.602,2026-09-26T12:44:13,73,0,0
963,40,164.027,2026-09-26T12:46:57.027,72,0,0
963,41,159.359,2026-09-26T12:49:36.386,70,0,0
963,42,168.998,2026-09-26T12:52:25.384,70,0,0
963,43,218.434,2026-09-26T12:56:03.818,66,1,0
963,44,1510.247,2026-09-26T13:21:14.065,74,0,0
963,45,163.496,2026-09-26T13:23:57.561,73,0,0
963,46,161.159,2026-09-26T13:26:38.72,73,0,0
963,47,165.731,2026-09-26T13:29:24.451,72,0,0
963,48,159.421,2026-09-26T13:32:03.872,71,0,0
963,49,165.641,2026-09-26T13:34:49.513,71,0,0
963,50,164.843,2026-09-26T13:37:34.356,69,0,0
963,51,171.895,2026-09-26T13:40:26.251,69,0,0
963,52,479.557,2026-09-26T13:48:25.808,71,1,0
963,53,200.516,2026-09-26T13:51:46.324,71,0,0
963,54,158.984,2026-09-26T13:54:25.308,70,0,0
963,55,156.065,2026-09-26T13:57:01.373,69,0,0
963,56,157.422,2026-09-26T13:59:38.795,69,0,0
963,57,152.369,2026-09-26T14:02:11.164,68,0,0
963,58,156.483,2026-09-26T14:04:47.647,68,0,0
963,59,155.98,2026-09-26T14:07:23.627,65,0,0
963,60,169.093,2026-09-26T14:10:12.72,64,0,0
963,61,155.326,2026-09-26T14:12:48.046,64,0,0
963,62,164.069,2026-09-26T14:15:32.115,63,0,0
963,63,154.9,2026-09-26T14:18:07.015,61,0,0
963,64,150.305,2026-09-26T14:20:37.32,61,0,0
963,65,171.021,2026-09-26T14:23:28.341,61,0,0
963,66,164.236,2026-09-26T14:26:12.577,61,0,0
963,67,160.938,2026-09-26T14:28:53.515,61,0,0
963,68,154.108,2026-09-26T14:31:27.623,61,0,0
963,69,159.486,2026-09-26T14:34:07.109,61,0,0
963,70,165.804,2026-09-26T14:36:52.913,59,0,0
963,71,162.318,2026-09-26T14:39:35.231,56,0,0
963,72,154.587,2026-09-26T14:42:09.818,54,0,0
963,73,165.669,2026-09-26T14:44:55.487,53,0,0
963,74,167.121,2026-09-26T14:47:42.608,52,0,0
963,75,167.787,2026-09-26T14:50:30.395,51,0,0
963,76,186.389,2026-09-26T14:53:36.784,51,0,0
963,77,189.118,2026-09-26T14:56:45.902,50,1,0
963,78,1618.741,2026-09-26T15:23:44.643,61,1,0
963,79,266.061,2026-09-26T15:28:10.704,62,0,0
963,80,230.148,2026-09-26T15:32:00.852,61,0,0
963,81,226.576,2026-09-26T15:35:47.428,61,0,0
963,82,214.555,2026-09-26T15:39:21.983,61,0,0
963,83,208.927,2026-09-26T15:42:50.91,60,0,0
963,84,214.895,2026-09-26T15:46:25.805,61,0,0
963,85,212.231,2026-09-26T15:49:58.036,59,0,0
963,86,219.735,2026-09-26T15:53:37.771,58,0,0
963,87,215.605,2026-09-26T15:57:13.376,58,0,1
963,88,272.524,2026-09-26T16:01:45.9,57,0,1
963,89,226.638,2026-09-26T16:05:32.538,56,0,1
963,90,240.8,2026-09-26T16:09:33.338,56,0,1
963,91,235.678,2026-09-26T16:13:29.016,56,0,1
963,92,251.686,2026-09-26T16:17:40.702,56,0,0
963,93,197.931,2026-09-26T16:20:58.633,56,0,0
963,94,203.174,2026-09-26T16:24:21.807,55,0,0
963,95,201.615,2026-09-26T16:27:43.422,55,0,0
963,96,198.314,2026-09-26T16:31:01.736,55,0,0
963,97,198.84,2026-09-26T16:34:20.576,54,0,0
963,98,196.465,2026-09-26T16:37:37.041,55,0,0
963,99,193.759,2026-09-26T16:40:50.8,55,0,0
963,100,189.071,2026-09-26T16:43:59.871,55,0,0
963,101,208.212,2026-09-26T16:47:28.083,54,0,0
963,102,213.99,2026-09-26T16:51:02.073,54,0,0
963,103,267.981,2026-09-26T16:55:30.054,54,1,0
963,104,234.546,2026-09-26T16:59:24.6,54,0,0
963,105,193.283,2026-09-26T17:02:37.883,54,0,0
963,106,193.649,2026-09-26T17:05:51.532,53,0,0
963,107,193.369,2026-09-26T17:09:04.901,52,0,0
963,108,208.046,2026-09-26T17:12:32.947,52,0,0
963,109,194.951,2026-09-26T17:15:47.898,52,0,0
963,110,191.186,2026-09-26T17:18:59.084,52,0,0
963,111,190.786,2026-09-26T17:22:09.87,52,0,0
963,112,205.114,2026-09-26T17:25:34.984,53,0,0
963,113,197.388,2026-09-26T17:28:52.372,52,0,0
963,114,199.591,2026-09-26T17:32:11.963,52,0,0
963,115,208.722,2026-09-26T17:35:40.685,52,1,0
963,116,343.057,2026-09-26T17:41:23.742,53,0,0
963,117,200.468,2026-09-26T17:44:44.21,53,0,0
963,118,206.126,2026-09-26T17:48:10.336,52,0,0
963,119,224.796,2026-09-26T17:51:55.132,53,0,1
963,120,226.043,2026-09-26T17:55:41.175,52,0,1
963,121,217.275,2026-09-26T17:59:18.45,52,0,1
963,122,229.244,2026-09-26T18:03:07.694,52,0,1
963,123,53681.341,2026-09-27T08:57:49.035,51,0,0
963,124,168.24,2026-09-27T09:00:37.275,51,0,0
963,125,180.196,2026-09-27T09:03:37.471,51,0,0
963,126,156.838,2026-09-27T09:06:14.309,51,0,0
963,127,161.14,2026-09-27T09:08:55.449,51,0,0
963,128,157.497,2026-09-27T09:11:32.946,50,0,0
963,129,163.797,2026-09-27T09:14:16.743,50,0,0
963,130,165.865,2026-09-27T09:17:02.608,49,0,0
963,131,162.303,2026-09-27T09:19:44.911,49,0,0
963,132,180.956,2026-09-27T09:22:45.867,49,0,0
963,133,157.864,2026-09-27T09:25:23.731,49,0,0
963,134,175.372,2026-09-27T09:28:19.103,49,0,0
963,135,158.604,2026-09-27T09:30:57.707,49,0,0
963,136,155.847,2026-09-27T09:33:33.554,49,0,0
963,137,153.949,2026-09-27T09:36:07.503,49,0,0
963,138,152.13,2026-09-27T09:38:39.633,49,0,0
963,139,153.017,2026-09-27T09:41:12.65,49,0,0
963,140,163.011,2026-09-27T09:43:55.661,48,0,0
963,141,171.922,2026-09-27T09:46:47.583,48,0,0
963,142,169.251,2026-09-27T09:49:36.834,48,0,0
963,143,151.369,2026-09-27T09:52:08.203,48,0,0
963,144,150.205,2026-09-27T09:54:38.408,48,0,0
963,145,151.113,2026-09-27T09:57:09.521,48,0,0
963,146,153.681,2026-09-27T09:59:43.202,48,0,0
963,147,153.754,2026-09-27T10:02:16.956,48,0,0
963,148,155.449,2026-09-27T10:04:52.405,48,0,0
963,149,154.187,2026-09-27T10:07:26.592,48,0,0
963,150,150.834,2026-09-27T10:09:57.426,48,0,0
963,151,149.945,2026-09-27T10:12:27.371,48,0,0
963,152,162.515,2026-09-27T10:15:09.886,48,0,0
963,153,184.315,2026-09-27T10:18:14.201,46,0,0
963,154,196.83,2026-09-27T10:21:31.031,46,1,0
963,155,1446.393,2026-09-27T10:45:37.424,47,0,0
963,156,153.809,2026-09-27T10:48:11.233,47,0,0
963,157,155.074,2026-09-27T10:50:46.307,47,0,0
963,158,150.861,2026-09-27T10:53:17.168,47,0,0
963,159,152.301,2026-09-27T10:55:49.469,47,0,0
963,160,162.435,2026-09-27T10:58:31.904,47,0,0
963,161,158.165,2026-09-27T11:01:10.069,47,0,0
963,162,157.995,2026-09-27T11:03:48.064,45,0,0
963,163,488.61,2026-09-27T11:11:56.674,46,1,0
963,164,204.75,2026-09-27T11:15:21.424,46,0,0
963,165,166.666,2026-09-27T11:18:08.09,45,0,0
963,166,161.502,2026-09-27T11:20:49.592,44,0,0
963,167,161.292,2026-09-27T11:23:30.884,44,0,0
963,168,165.267,2026-09-27T11:26:16.151,44,0,0
963,169,163.427,2026-09-27T11:28:59.578,44,0,0
963,170,163.365,2026-09-27T11:31:42.943,44,0,0
963,171,161.249,2026-09-27T11:34:24.192,43,0,0
963,172,163.282,2026-09-27T11:37:07.474,43,0,0
963,173,157.273,2026-09-27T11:39:44.747,43,0,0
963,174,166.522,2026-09-27T11:42:31.269,42,0,0
963,175,159.02,2026-09-27T11:45:10.289,42,0,0
963,176,159.941,2026-09-27T11:47:50.23,42,0,0
963,177,158.417,2026-09-27T11:50:28.647,42,0,0
963,178,161.075,2026-09-27T11:53:09.722,41,0,0
963,179,158.039,2026-09-27T11:55:47.761,40,0,0
963,180,160.719,2026-09-27T11:58:28.48,40,0,0
963,181,159.657,2026-09-27T12:01:08.137,40,0,0
963,182,159.182,2026-09-27T12:03:47.319,40,0,0
963,183,156.037,2026-09-27T12:06:23.356,40,0,0
963,184,158.431,2026-09-27T12:09:01.787,40,0,0
963,185,161.242,2026-09-27T12:11:43.029,39,0,0
963,186,156.303,2026-09-27T12:14:19.332,39,0,0
963,187,157.624,2026-09-27T12:16:56.956,39,0,0
963,188,189.384,2026-09-27T12:20:06.34,39,1,0
963,189,768.883,2026-09-27T12:32:55.223,39,1,0
963,190,321.328,2026-09-27T12:38:16.551,39,1,0
963,191,403.668,2026-09-27T12:45:00.219,39,0,0
963,192,204.485,2026-09-27T12:48:24.704,39,0,0
963,193,194.976,2026-09-27T12:51:39.68,39,0,0
963,194,193.769,2026-09-27T12:54:53.449,39,0,0
963,195,192.829,2026-09-27T12:58:06.278,39,0,0
963,196,182.315,2026-09-27T13:01:08.593,39,0,0
963,197,184.883,2026-09-27T13:04:13.476,39,0,0
963,198,180.239,2026-09-27T13:07:13.715,39,0,0
963,199,181.697,2026-09-27T13:10:15.412,39,0,0
963,200,190.415,2026-09-27T13:13:25.827,39,0,0
963,201,186.529,2026-09-27T13:16:32.356,39,0,0
963,202,188.247,2026-09-27T13:19:40.603,39,0,0
963,203,184.962,2026-09-27T13:22:45.565,41,0,0
963,204,181.314,2026-09-27T13:25:46.879,41,0,0
963,205,180.904,2026-09-27T13:28:47.783,41,0,0
963,206,187.733,2026-09-27T13:31:55.516,41,0,0
963,207,192.608,2026-09-27T13:35:08.124,40,0,0
963,208,180.271,2026-09-27T13:38:08.395,40,0,0
963,209,175.857,2026-09-27T13:41:04.252,40,0,0
963,210,174.53,2026-09-27T13:43:58.782,40,0,0
963,211,178.472,2026-09-27T13:46:57.254,40,0,0
963,212,176.882,2026-09-27T13:49:54.136,40,0,0
963,213,174.504,2026-09-27T13:52:48.64,40,0,0
963,214,178.945,2026-09-27T13:55:47.585,40,0,0
963,215,172.242,2026-09-27T13:58:39.827,40,0,0
963,216,174.101,2026-09-27T14:01:33.928,40,0,0
963,217,170.382,2026-09-27T14:04:24.31,40,0,0
963,218,319.506,2026-09-27T14:09:43.816,40,1,0
963,219,1921.711,2026-09-27T14:41:45.527,47,1,0
963,220,182.013,2026-09-27T14:44:47.54,47,0,0
963,221,155.687,2026-09-27T14:47:23.227,47,0,0
963,222,157.045,2026-09-27T14:50:00.272,47,0,0
963,223,159.358,2026-09-27T14:52:39.63,47,0,0
963,224,158.769,2026-09-27T14:55:18.399,47,0,0
963,225,161.612,2026-09-27T14:58:00.011,47,0,0
963,226,158.786,2026-09-27T15:00:38.797,47,0,0
963,227,154.581,2026-09-27T15:03:13.378,47,0,0
963,228,157.318,2026-09-27T15:05:50.696,47,0,0
963,229,166.016,2026-09-27T15:08:36.712,47,0,0
963,230,166.309,2026-09-27T15:11:23.021,46,0,0
963,231,165.787,2026-09-27T15:14:08.808,46,0,0
963,232,160.115,2026-09-27T15:16:48.923,46,0,0
963,233,163.922,2026-09-27T15:19:32.845,45,0,0
963,234,160.273,2026-09-27T15:22:13.118,46,0,0
963,235,154.755,2026-09-27T15:24:47.873,46,0,0
963,236,153.08,2026-09-27T15:27:20.953,46,0,0
963,237,152.831,2026-09-27T15:29:53.784,46,0,0
963,238,161.13,2026-09-27T15:32:34.914,46,0,0
261,1,195.326,2026-09-26T10:05:41.28,37,0,0
261,2,239.426,2026-09-26T10:09:40.706,55,1,0
261,3,451.594,2026-09-26T10:17:12.3,85,0,0
261,4,188.785,2026-09-26T10:20:21.085,85,0,0
261,5,202.196,2026-09-26T10:23:43.281,85,0,0
261,6,180.278,2026-09-26T10:26:43.559,86,0,0
261,7,182.148,2026-09-26T10:29:45.707,85,0,0
261,8,165.135,2026-09-26T10:32:30.842,82,0,0
261,9,171.67,2026-09-26T10:35:22.512,78,0,0
261,10,186.137,2026-09-26T10:38:28.649,75,0,0
261,11,174.138,2026-09-26T10:41:22.787,69,0,0
261,12,181.71,2026-09-26T10:44:24.497,68,0,0
261,13,173.075,2026-09-26T10:47:17.572,66,0,0
261,14,166.562,2026-09-26T10:50:04.134,64,0,0
261,15,167.911,2026-09-26T10:52:52.045,60,0,0
261,16,174.376,2026-09-26T10:55:46.421,58,0,0
261,17,173.674,2026-09-26T10:58:40.095,56,0,0
261,18,168.935,2026-09-26T11:01:29.03,56,0,0
261,19,171.324,2026-09-26T11:04:20.354,53,0,0
261,20,172.671,2026-09-26T11:07:13.025,53,0,0
261,21,170.034,2026-09-26T11:10:03.059,52,0,0
261,22,191.264,2026-09-26T11:13:14.323,52,1,0
261,23,930.939,2026-09-26T11:28:45.262,73,0,0
261,24,186.831,2026-09-26T11:31:52.093,70,0,0
261,25,187.288,2026-09-26T11:34:59.381,69,0,0
261,26,185.236,2026-09-26T11:38:04.617,69,0,0
261,27,188.257,2026-09-26T11:41:12.874,69,0,0
261,28,173.565,2026-09-26T11:44:06.439,68,0,0
261,29,179.604,2026-09-26T11:47:06.043,68,0,0
261,30,166.456,2026-09-26T11:49:52.499,66,0,0
261,31,168.928,2026-09-26T11:52:41.427,65,0,0
261,32,160.519,2026-09-26T11:55:21.946,63,0,0
261,33,171.765,2026-09-26T11:58:13.711,60,0,0
261,34,167.231,2026-09-26T12:01:00.942,59,0,0
261,35,169.372,2026-09-26T12:03:50.314,59,0,0
261,36,217.933,2026-09-26T12:07:28.247,61,1,0
261,37,1252.16,2026-09-26T12:28:20.407,69,0,0
261,38,172.792,2026-09-26T12:31:13.199,68,0,0
261,39,171.787,2026-09-26T12:34:04.986,67,0,0
261,40,171.18,2026-09-26T12:36:56.166,66,0,0
261,41,170.773,2026-09-26T12:39:46.939,64,0,0
261,42,179.066,2026-09-26T12:42:46.005,63,0,0
261,43,1353.786,2026-09-26T13:05:19.791,71,1,0
261,44,236.459,2026-09-26T13:09:16.25,70,0,0
261,45,171.99,2026-09-26T13:12:08.24,69,0,0
261,46,168.673,2026-09-26T13:14:56.913,69,0,0
261,47,179.521,2026-09-26T13:17:56.434,68,0,0
261,48,177.641,2026-09-26T13:20:54.075,67,0,0
261,49,171.937,2026-09-26T13:23:46.012,67,0,0
261,50,172.204,2026-09-26T13:26:38.216,65,0,0
261,51,173.523,2026-09-26T13:29:31.739,65,0,0
261,52,173.9,2026-09-26T13:32:25.639,65,0,0
261,53,169.509,2026-09-26T13:35:15.148,65,0,0
261,54,160.688,2026-09-26T13:37:55.836,64,0,0
261,55,162.024,2026-09-26T13:40:37.86,63,0,0
261,56,173.772,2026-09-26T13:43:31.632,63,0,0
261,57,179.619,2026-09-26T13:46:31.251,61,0,0
261,58,175.044,2026-09-26T13:49:26.295,61,0,0
261,59,166.301,2026-09-26T13:52:12.596,60,0,0
261,60,193.708,2026-09-26T13:55:26.304,59,1,0
261,61,898.279,2026-09-26T14:10:24.583,63,0,0
261,62,178.676,2026-09-26T14:13:23.259,62,0,0
261,63,173.842,2026-09-26T14:16:17.101,60,0,0
261,64,174.712,2026-09-26T14:19:11.813,60,0,0
261,65,177.058,2026-09-26T14:22:08.871,60,0,0
261,66,170.829,2026-09-26T14:24:59.7,60,0,0
261,67,173.243,2026-09-26T14:27:52.943,60,0,0
261,68,170.999,2026-09-26T14:30:43.942,60,0,0
261,69,181.169,2026-09-26T14:33:45.111,59,0,0
261,70,181.025,2026-09-26T14:36:46.136,58,0,0
261,71,168.743,2026-09-26T14:39:34.879,55,0,0
261,72,165.613,2026-09-26T14:42:20.492,55,0,0
261,73,173.764,2026-09-26T14:45:14.256,54,0,0
261,74,183.747,2026-09-26T14:48:18.003,53,0,0
261,75,188.296,2026-09-26T14:51:26.299,52,0,0
261,76,169.34,2026-09-26T14:54:15.639,52,0,0
261,77,198.127,2026-09-26T14:57:33.766,51,0,0
261,78,178.545,2026-09-26T15:00:32.311,50,0,0
261,79,187.593,2026-09-26T15:03:39.904,50,0,0
261,80,199.677,2026-09-26T15:06:59.581,50,0,0
261,81,177.65,2026-09-26T15:09:57.231,50,0,0
261,82,181.746,2026-09-26T15:12:58.977,49,0,0
261,83,224.304,2026-09-26T15:16:43.281,49,1,0
261,84,1311.997,2026-09-26T15:38:35.278,56,0,0
261,85,179.961,2026-09-26T15:41:35.239,55,0,0
261,86,166.812,2026-09-26T15:44:22.051,55,0,0
261,87,173.339,2026-09-26T15:47:15.39,55,0,0
261,88,175.739,2026-09-26T15:50:11.129,54,0,0
261,89,197.886,2026-09-26T15:53:29.015,53,0,0
261,90,169.555,2026-09-26T15:56:18.57,53,0,1
261,91,289.665,2026-09-26T16:01:08.235,53,0,1
261,92,231.544,2026-09-26T16:04:59.779,53,0,1
261,93,240.636,2026-09-26T16:09:00.415,51,0,1
261,94,234.494,2026-09-26T16:12:54.909,51,0,1
261,95,263.047,2026-09-26T16:17:17.956,51,0,0
261,96,191.086,2026-09-26T16:20:29.042,51,0,0
261,97,186.206,2026-09-26T16:23:35.248,50,0,0
261,98,174.656,2026-09-26T16:26:29.904,50,0,0
261,99,165.66,2026-09-26T16:29:15.564,50,0,0
261,100,165.124,2026-09-26T16:32:00.688,50,0,0
261,101,201.644,2026-09-26T16:35:22.332,50,1,0
261,102,796.884,2026-09-26T16:48:39.216,53,0,0
261,103,177.539,2026-09-26T16:51:36.755,53,0,0
261,104,175.967,2026-09-26T16:54:32.722,53,0,0
261,105,180.408,2026-09-26T16:57:33.13,53,0,0
261,106,175.253,2026-09-26T17:00:28.383,52,0,0
261,107,171.235,2026-09-26T17:03:19.618,51,0,0
261,108,165.858,2026-09-26T17:06:05.476,51,0,0
261,109,176.212,2026-09-26T17:09:01.688,51,0,0
261,110,176.773,2026-09-26T17:11:58.461,50,0,0
261,111,189.421,2026-09-26T17:15:07.882,50,0,0
261,112,188.159,2026-09-26T17:18:16.041,50,0,0
261,113,187.023,2026-09-26T17:21:23.064,49,0,0
261,114,180.141,2026-09-26T17:24:23.205,49,0,0
261,115,169.749,2026-09-26T17:27:12.954,49,0,0
261,116,174.088,2026-09-26T17:30:07.042,49,0,0
261,117,176.969,2026-09-26T17:33:04.011,49,0,0
261,118,167.131,2026-09-26T17:35:51.142,48,0,0
261,119,176.572,2026-09-26T17:38:47.714,48,0,0
261,120,169.939,2026-09-26T17:41:37.653,47,0,0
261,121,183.828,2026-09-26T17:44:41.481,47,0,0
261,122,180.282,2026-09-26T17:47:41.763,47,0,0
261,123,180.864,2026-09-26T17:50:42.627,47,0,1
261,124,193.272,2026-09-26T17:53:55.899,46,0,1
261,125,222.014,2026-09-26T17:57:37.913,46,0,1
261,126,303.945,2026-09-26T18:02:41.858,46,0,1
261,127,53716.792,2026-09-27T08:57:58.65,46,0,0
261,128,192.83,2026-09-27T09:01:11.48,45,0,0
261,129,185.164,2026-09-27T09:04:16.644,46,0,0
261,130,189.467,2026-09-27T09:07:26.111,45,0,0
261,131,187.422,2026-09-27T09:10:33.533,46,0,0
261,132,191.434,2026-09-27T09:13:44.967,46,0,0
261,133,177.455,2026-09-27T09:16:42.422,46,0,0
261,134,178.184,2026-09-27T09:19:40.606,46,0,0
261,135,188.079,2026-09-27T09:22:48.685,46,0,0
261,136,176.382,2026-09-27T09:25:45.067,46,0,0
261,137,177.682,2026-09-27T09:28:42.749,46,0,0
261,138,176.063,2026-09-27T09:31:38.812,46,0,0
261,139,166.993,2026-09-27T09:34:25.805,46,0,0
261,140,164.55,2026-09-27T09:37:10.355,45,0,0
261,141,162.054,2026-09-27T09:39:52.409,45,0,0
261,142,168.696,2026-09-27T09:42:41.105,46,0,0
261,143,179.338,2026-09-27T09:45:40.443,46,0,0
261,144,183.779,2026-09-27T09:48:44.222,46,0,0
261,145,181.851,2026-09-27T09:51:46.073,46,0,0
261,146,172.645,2026-09-27T09:54:38.718,46,0,0
261,147,177.4,2026-09-27T09:57:36.118,45,0,0
261,148,176.824,2026-09-27T10:00:32.942,46,0,0
261,149,182.482,2026-09-27T10:03:35.424,46,0,0
261,150,173.216,2026-09-27T10:06:28.64,46,0,0
261,151,173.413,2026-09-27T10:09:22.053,46,0,0
261,152,204.933,2026-09-27T10:12:46.986,46,1,0
261,153,2198.066,2026-09-27T10:49:25.052,50,0,0
261,154,171.293,2026-09-27T10:52:16.345,49,0,0
261,155,172.646,2026-09-27T10:55:08.991,49,0,0
261,156,167.401,2026-09-27T10:57:56.392,49,0,0
261,157,177.571,2026-09-27T11:00:53.963,49,0,0
261,158,169.528,2026-09-27T11:03:43.491,49,0,0
261,159,169.289,2026-09-27T11:06:32.78,49,0,0
261,160,173.934,2026-09-27T11:09:26.714,49,0,0
261,161,178.167,2026-09-27T11:12:24.881,48,0,0
261,162,165.179,2026-09-27T11:15:10.06,48,0,0
261,163,169.468,2026-09-27T11:17:59.528,48,0,0
261,164,167.336,2026-09-27T11:20:46.864,48,0,0
261,165,166.203,2026-09-27T11:23:33.067,46,0,0
261,166,176.397,2026-09-27T11:26:29.464,45,0,0
261,167,177.705,2026-09-27T11:29:27.169,45,0,0
261,168,163.412,2026-09-27T11:32:10.581,45,0,0
261,169,173.949,2026-09-27T11:35:04.53,45,0,0
261,170,164.478,2026-09-27T11:37:49.008,45,0,0
261,171,162.083,2026-09-27T11:40:31.091,44,0,0
261,172,158.542,2026-09-27T11:43:09.633,44,0,0
261,173,163.404,2026-09-27T11:45:53.037,44,0,0
261,174,159.515,2026-09-27T11:48:32.552,43,0,0
261,175,166.181,2026-09-27T11:51:18.733,43,0,0
261,176,164.814,2026-09-27T11:54:03.547,43,0,0
261,177,159.737,2026-09-27T11:56:43.284,43,0,0
261,178,174.258,2026-09-27T11:59:37.542,44,0,0
261,179,170.852,2026-09-27T12:02:28.394,42,0,0
261,180,158.909,2026-09-27T12:05:07.303,42,0,0
261,181,164.541,2026-09-27T12:07:51.844,42,0,0
261,182,162.895,2026-09-27T12:10:34.739,42,0,0
261,183,198.76,2026-09-27T12:13:53.499,42,1,0
261,184,899.583,2026-09-27T12:28:53.082,45,0,0
261,185,188.908,2026-09-27T12:32:01.99,43,0,0
261,186,186.76,2026-09-27T12:35:08.75,42,0,0
261,187,192.575,2026-09-27T12:38:21.325,42,0,0
261,188,190.738,2026-09-27T12:41:32.063,42,0,0
261,189,213.785,2026-09-27T12:45:05.848,42,0,0
261,190,195.826,2026-09-27T12:48:21.674,42,0,0
261,191,196.614,2026-09-27T12:51:38.288,42,0,0
261,192,180.18,2026-09-27T12:54:38.468,41,0,0
261,193,172.033,2026-09-27T12:57:30.501,41,0,0
261,194,184.295,2026-09-27T13:00:34.796,42,0,0
261,195,173.761,2026-09-27T13:03:28.557,42,0,0
261,196,186.613,2026-09-27T13:06:35.17,42,0,0
261,197,173.575,2026-09-27T13:09:28.745,42,0,0
261,198,178.124,2026-09-27T13:12:26.869,42,0,0
261,199,179.036,2026-09-27T13:15:25.905,42,0,0
261,200,168.751,2026-09-27T13:18:14.656,42,0,0
261,201,174.748,2026-09-27T13:21:09.404,42,0,0
261,202,181.365,2026-09-27T13:24:10.769,42,0,0
261,203,171.334,2026-09-27T13:27:02.103,42,0,0
261,204,176.092,2026-09-27T13:29:58.195,42,0,0
261,205,177.121,2026-09-27T13:32:55.316,42,0,0
261,206,168.354,2026-09-27T13:35:43.67,42,0,0
261,207,168.478,2026-09-27T13:38:32.148,41,0,0
261,208,171.105,2026-09-27T13:41:23.253,41,0,0
261,209,169.106,2026-09-27T13:44:12.359,41,0,0
261,210,164.26,2026-09-27T13:46:56.619,41,0,0
261,211,174.318,2026-09-27T13:49:50.937,41,0,0
261,212,170.333,2026-09-27T13:52:41.27,41,0,0
261,213,169.134,2026-09-27T13:55:30.404,41,0,0
261,214,169.538,2026-09-27T13:58:19.942,41,0,0
261,215,163.268,2026-09-27T14:01:03.21,41,0,0
261,216,195.151,2026-09-27T14:04:18.361,41,1,0
261,217,865.985,2026-09-27T14:18:44.346,42,0,0
261,218,170.297,2026-09-27T14:21:34.643,42,0,0
261,219,169.61,2026-09-27T14:24:24.253,40,0,0
261,220,170.86,2026-09-27T14:27:15.113,40,0,0
261,221,165.51,2026-09-27T14:30:00.623,40,0,0
261,222,169.555,2026-09-27T14:32:50.178,40,0,0
261,223,170.674,2026-09-27T14:35:40.852,40,0,0
261,224,166.523,2026-09-27T14:38:27.375,40,0,0
261,225,167.467,2026-09-27T14:41:14.842,40,0,0
261,226,169.052,2026-09-27T14:44:03.894,40,0,0
261,227,168.201,2026-09-27T14:46:52.095,41,0,0
261,228,166.291,2026-09-27T14:49:38.386,41,0,0
261,229,175.158,2026-09-27T14:52:33.544,41,0,0
261,230,172.112,2026-09-27T14:55:25.656,41,0,0
261,231,164.179,2026-09-27T14:58:09.835,41,0,0
261,232,174.849,2026-09-27T15:01:04.684,41,0,0
261,233,173.011,2026-09-27T15:03:57.695,41,0,0
261,234,164.253,2026-09-27T15:06:41.948,41,0,0
261,235,160.946,2026-09-27T15:09:22.894,41,0,0
261,236,168.398,2026-09-27T15:12:11.292,41,0,0
261,237,162.023,2026-09-27T15:14:53.315,41,0,0
261,238,166.114,2026-09-27T15:17:39.429,41,0,0
261,239,165.766,2026-09-27T15:20:25.195,40,0,0
261,240,167.879,2026-09-27T15:23:13.074,39,0,0
261,241,164.814,2026-09-27T15:25:57.888,39,0,0
261,242,164.81,2026-09-27T15:28:42.698,39,0,0
261,243,173.322,2026-09-27T15:31:36.02,39,0,0
75,1,173.042,2026-09-26T10:07:32.358,68,0,0
75,2,168.59,2026-09-26T10:10:20.948,69,0,0
75,3,180.821,2026-09-26T10:13:21.769,67,0,0
75,4,168.896,2026-09-26T10:16:10.665,64,0,0
75,5,193.683,2026-09-26T10:19:24.348,62,0,0
75,6,174.512,2026-09-26T10:22:18.86,61,0,0
75,7,166.779,2026-09-26T10:25:05.639,59,0,0
75,8,168.095,2026-09-26T10:27:53.734,56,0,0
75,9,174.209,2026-09-26T10:30:47.943,56,0,0
75,10,164.604,2026-09-26T10:33:32.547,55,0,0
75,11,165.543,2026-09-26T10:36:18.09,53,0,0
75,12,189.177,2026-09-26T10:39:27.267,52,0,0
75,13,197.856,2026-09-26T10:42:45.123,53,1,0
75,14,620.492,2026-09-26T10:53:05.615,69,0,0
75,15,168.862,2026-09-26T10:55:54.477,67,0,0
75,16,238.555,2026-09-26T10:59:53.032,69,1,0
75,17,317.935,2026-09-26T11:05:10.967,69,0,0
75,18,167.687,2026-09-26T11:07:58.654,69,0,0
75,19,163.594,2026-09-26T11:10:42.248,69,0,0
75,20,165.876,2026-09-26T11:13:28.124,68,0,0
75,21,168.238,2026-09-26T11:16:16.362,68,0,0
75,22,166.592,2026-09-26T11:19:02.954,68,0,0
75,23,173.661,2026-09-26T11:21:56.615,64,0,0
75,24,158.136,2026-09-26T11:24:34.751,62,0,0
75,25,159.63,2026-09-26T11:27:14.381,61,0,0
75,26,167.178,2026-09-26T11:30:01.559,60,0,0
75,27,171.297,2026-09-26T11:32:52.856,60,0,0
75,28,165.462,2026-09-26T11:35:38.318,59,0,0
75,29,171.338,2026-09-26T11:38:29.656,59,0,0
75,30,172.165,2026-09-26T11:41:21.821,58,0,0
75,31,187.619,2026-09-26T11:44:29.44,57,0,0
75,32,226.492,2026-09-26T11:48:15.932,59,1,0
75,33,1292.14,2026-09-26T12:09:48.072,71,0,0
75,34,168.033,2026-09-26T12:12:36.105,70,0,0
75,35,169.799,2026-09-26T12:15:25.904,68,0,0
75,36,165.586,2026-09-26T12:18:11.49,68,0,0
75,37,178.095,2026-09-26T12:21:09.585,66,0,0
75,38,175.489,2026-09-26T12:24:05.074,65,0,0
75,39,164.936,2026-09-26T12:26:50.01,63,0,0
75,40,164.265,2026-09-26T12:29:34.275,61,0,0
75,41,160.733,2026-09-26T12:32:15.008,59,0,0
75,42,165.455,2026-09-26T12:35:00.463,58,0,0
75,43,162.338,2026-09-26T12:37:42.801,56,0,0
75,44,159.162,2026-09-26T12:40:21.963,56,0,0
75,45,162.16,2026-09-26T12:43:04.123,55,0,0
75,46,162.492,2026-09-26T12:45:46.615,54,0,0
75,47,161.637,2026-09-26T12:48:28.252,54,0,0
75,48,161.494,2026-09-26T12:51:09.746,54,0,0
75,49,159.102,2026-09-26T12:53:48.848,53,0,0
75,50,158.721,2026-09-26T12:56:27.569,53,0,0
75,51,170.882,2026-09-26T12:59:18.451,53,0,0
75,52,165.329,2026-09-26T13:02:03.78,53,0,0
75,53,188.537,2026-09-26T13:05:12.317,52,1,0
75,54,1153.954,2026-09-26T13:24:26.271,58,0,0
75,55,161.061,2026-09-26T13:27:07.332,57,0,0
75,56,156.726,2026-09-26T13:29:44.058,57,0,0
75,57,160.211,2026-09-26T13:32:24.269,57,0,0
75,58,157.588,2026-09-26T13:35:01.857,56,0,0
75,59,158.089,2026-09-26T13:37:39.946,55,0,0
75,60,158.748,2026-09-26T13:40:18.694,54,0,0
75,61,153.205,2026-09-26T13:42:51.899,53,0,0
75,62,162.387,2026-09-26T13:45:34.286,52,0,0
75,63,157.777,2026-09-26T13:48:12.063,52,0,0
75,64,154.192,2026-09-26T13:50:46.255,52,0,0
75,65,153.97,2026-09-26T13:53:20.225,52,0,0
75,66,158.579,2026-09-26T13:55:58.804,52,0,0
75,67,166.548,2026-09-26T13:58:45.352,52,0,0
75,68,1243.838,2026-09-26T14:19:29.19,56,0,0
75,69,168.251,2026-09-26T14:22:17.441,55,0,0
75,70,163.049,2026-09-26T14:25:00.49,54,0,0
75,71,162.409,2026-09-26T14:27:42.899,52,0,0
75,72,163.271,2026-09-26T14:30:26.17,52,0,0
75,73,166.165,2026-09-26T14:33:12.335,51,0,0
75,74,158.355,2026-09-26T14:35:50.69,50,0,0
75,75,157.4,2026-09-26T14:38:28.09,49,0,0
75,76,155.249,2026-09-26T14:41:03.339,49,0,0
75,77,159.698,2026-09-26T14:43:43.037,47,0,0
75,78,166.041,2026-09-26T14:46:29.078,47,0,0
75,79,161.831,2026-09-26T14:49:10.909,47,0,0
75,80,170.812,2026-09-26T14:52:01.721,47,0,0
75,81,172.643,2026-09-26T14:54:54.364,47,0,0
75,82,173.309,2026-09-26T14:57:47.673,46,0,0
75,83,161.803,2026-09-26T15:00:29.476,46,0,0
75,84,173.676,2026-09-26T15:03:23.152,46,0,0
75,85,197.754,2026-09-26T15:06:40.906,46,1,0
75,86,993.548,2026-09-26T15:23:14.454,48,0,0
75,87,167.629,2026-09-26T15:26:02.083,48,0,0
75,88,161.933,2026-09-26T15:28:44.016,48,0,0
75,89,169.419,2026-09-26T15:31:33.435,46,0,0
75,90,210.338,2026-09-26T15:35:03.773,46,0,0
75,91,168.608,2026-09-26T15:37:52.381,46,0,0
75,92,161.716,2026-09-26T15:40:34.097,46,0,0
75,93,163.921,2026-09-26T15:43:18.018,46,0,0
75,94,161.199,2026-09-26T15:45:59.217,46,0,0
75,95,164.088,2026-09-26T15:48:43.305,45,0,0
75,96,173.542,2026-09-26T15:51:36.847,44,0,0
75,97,171.521,2026-09-26T15:54:28.368,44,0,0
75,98,183.002,2026-09-26T15:57:31.37,44,0,1
75,99,270.773,2026-09-26T16:02:02.143,44,0,1
75,100,235.881,2026-09-26T16:05:58.024,44,0,1
75,101,240.045,2026-09-26T16:09:58.069,44,0,1
75,102,254.249,2026-09-26T16:14:12.318,43,1,1
75,103,648.725,2026-09-26T16:25:01.043,47,0,0
75,104,168.456,2026-09-26T16:27:49.499,47,0,0
75,105,174.598,2026-09-26T16:30:44.097,47,0,0
75,106,170.957,2026-09-26T16:33:35.054,46,0,0
75,107,166.115,2026-09-26T16:36:21.169,45,0,0
75,108,163.807,2026-09-26T16:39:04.976,45,0,0
75,109,165.347,2026-09-26T16:41:50.323,45,0,0
75,110,179.49,2026-09-26T16:44:49.813,45,0,0
75,111,217.423,2026-09-26T16:48:27.236,44,1,0
75,112,746.66,2026-09-26T17:00:53.896,46,0,0
75,113,163.618,2026-09-26T17:03:37.514,45,0,0
75,114,157.721,2026-09-26T17:06:15.235,45,0,0
75,115,176.728,2026-09-26T17:09:11.963,45,0,0
75,116,171.087,2026-09-26T17:12:03.05,45,0,0
75,117,168.707,2026-09-26T17:14:51.757,45,0,0
75,118,176.512,2026-09-26T17:17:48.269,44,0,0
75,119,173.945,2026-09-26T17:20:42.214,44,0,0
75,120,169.663,2026-09-26T17:23:31.877,43,0,0
75,121,167.7,2026-09-26T17:26:19.577,43,0,0
75,122,206.732,2026-09-26T17:29:46.309,42,1,0
75,123,689.839,2026-09-26T17:41:16.148,44,0,0
75,124,164.234,2026-09-26T17:44:00.382,43,0,0
75,125,166.104,2026-09-26T17:46:46.486,43,0,0
75,126,167.625,2026-09-26T17:49:34.111,43,0,0
75,127,209.222,2026-09-26T17:53:03.333,43,0,1
75,128,233.577,2026-09-26T17:56:56.91,42,0,1
75,129,294.671,2026-09-26T18:01:51.581,42,0,1
75,130,53874.456,2026-09-27T08:59:46.037,42,0,0
75,131,170.639,2026-09-27T09:02:36.676,42,0,0
75,132,156.954,2026-09-27T09:05:13.63,42,0,0
75,133,156.11,2026-09-27T09:07:49.74,42,0,0
75,134,162.531,2026-09-27T09:10:32.271,42,0,0
75,135,157.242,2026-09-27T09:13:09.513,42,0,0
75,136,156.432,2026-09-27T09:15:45.945,42,0,0
75,137,151.666,2026-09-27T09:18:17.611,42,0,0
75,138,165.584,2026-09-27T09:21:03.195,42,0,0
75,139,160.97,2026-09-27T09:23:44.165,42,0,0
75,140,154.206,2026-09-27T09:26:18.371,41,0,0
75,141,151.029,2026-09-27T09:28:49.4,41,0,0
75,142,151.28,2026-09-27T09:31:20.68,41,0,0
75,143,157.585,2026-09-27T09:33:58.265,41,0,0
75,144,153.433,2026-09-27T09:36:31.698,41,0,0
75,145,149.447,2026-09-27T09:39:01.145,41,0,0
75,146,151.775,2026-09-27T09:41:32.92,41,0,0
75,147,160.861,2026-09-27T09:44:13.781,41,0,0
75,148,162.0,2026-09-27T09:46:55.781,41,0,0
75,149,169.625,2026-09-27T09:49:45.406,41,0,0
75,150,154.343,2026-09-27T09:52:19.749,41,0,0
75,151,143.643,2026-09-27T09:54:43.392,41,0,0
75,152,148.732,2026-09-27T09:57:12.124,41,0,0
75,153,155.195,2026-09-27T09:59:47.319,41,0,0
75,154,174.289,2026-09-27T10:02:41.608,41,1,0
75,155,1094.138,2026-09-27T10:20:55.746,44,0,0
75,156,149.791,2026-09-27T10:23:25.537,44,0,0
75,157,1194.743,2026-09-27T10:43:20.28,44,0,0
75,158,154.93,2026-09-27T10:45:55.21,44,0,0
75,159,160.994,2026-09-27T10:48:36.204,44,0,0
75,160,149.457,2026-09-27T10:51:05.661,44,0,0
75,161,149.586,2026-09-27T10:53:35.247,44,0,0
75,162,151.815,2026-09-27T10:56:07.062,43,0,0
75,163,156.597,2026-09-27T10:58:43.659,43,0,0
75,164,152.96,2026-09-27T11:01:16.619,43,0,0
75,165,151.83,2026-09-27T11:03:48.449,42,0,0
75,166,151.77,2026-09-27T11:06:20.219,42,0,0
75,167,163.219,2026-09-27T11:09:03.438,42,0,0
75,168,147.602,2026-09-27T11:11:31.04,42,0,0
75,169,152.166,2026-09-27T11:14:03.206,41,0,0
75,170,151.996,2026-09-27T11:16:35.202,41,0,0
75,171,155.909,2026-09-27T11:19:11.111,40,0,0
75,172,163.353,2026-09-27T11:21:54.464,40,0,0
75,173,187.696,2026-09-27T11:25:02.16,41,1,0
75,174,1444.964,2026-09-27T11:49:07.124,44,0,0
75,175,156.639,2026-09-27T11:51:43.763,44,0,0
75,176,151.117,2026-09-27T11:54:14.88,44,0,0
75,177,157.859,2026-09-27T11:56:52.739,45,0,0
75,178,161.886,2026-09-27T11:59:34.625,43,0,0
75,179,183.844,2026-09-27T12:02:38.469,43,1,0
75,180,260.716,2026-09-27T12:06:59.185,43,0,0
75,181,156.197,2026-09-27T12:09:35.382,43,0,0
75,182,148.902,2026-09-27T12:12:04.284,43,0,0
75,183,156.805,2026-09-27T12:14:41.089,43,0,0
75,184,152.283,2026-09-27T12:17:13.372,42,0,0
75,185,154.11,2026-09-27T12:19:47.482,41,0,0
75,186,194.267,2026-09-27T12:23:01.749,40,1,0
75,187,675.945,2026-09-27T12:34:17.694,41,0,0
75,188,157.766,2026-09-27T12:36:55.46,40,0,0
75,189,153.114,2026-09-27T12:39:28.574,40,0,0
75,190,156.63,2026-09-27T12:42:05.204,40,0,0
75,191,203.016,2026-09-27T12:45:28.22,40,1,0
75,192,621.495,2026-09-27T12:55:49.715,43,0,0
75,193,172.667,2026-09-27T12:58:42.382,43,0,0
75,194,171.302,2026-09-27T13:01:33.684,43,0,0
75,195,179.273,2026-09-27T13:04:32.957,43,0,0
75,196,166.968,2026-09-27T13:07:19.925,43,0,0
75,197,163.773,2026-09-27T13:10:03.698,43,0,0
75,198,170.993,2026-09-27T13:12:54.691,43,0,0
75,199,175.411,2026-09-27T13:15:50.102,43,0,0
75,200,170.539,2026-09-27T13:18:40.641,43,0,0
75,201,174.391,2026-09-27T13:21:35.032,43,0,0
75,202,193.422,2026-09-27T13:24:48.454,43,1,0
75,203,1046.59,2026-09-27T13:42:15.044,46,0,0
75,204,170.09,2026-09-27T13:45:05.134,46,0,0
75,205,172.953,2026-09-27T13:47:58.087,46,0,0
75,206,167.472,2026-09-27T13:50:45.559,46,0,0
75,207,161.304,2026-09-27T13:53:26.863,45,0,0
75,208,159.392,2026-09-27T13:56:06.255,45,0,0
75,209,160.704,2026-09-27T13:58:46.959,45,0,0
75,210,162.542,2026-09-27T14:01:29.501,45,0,0
75,211,163.998,2026-09-27T14:04:13.499,45,0,0
75,212,161.222,2026-09-27T14:06:54.721,45,0,0
75,213,162.621,2026-09-27T14:09:37.342,44,0,0
75,214,158.339,2026-09-27T14:12:15.681,43,0,0
75,215,159.206,2026-09-27T14:14:54.887,43,0,0
75,216,155.864,2026-09-27T14:17:30.751,43,0,0
75,217,183.714,2026-09-27T14:20:34.465,43,1,0
75,218,890.981,2026-09-27T14:35:25.446,47,0,0
75,219,164.916,2026-09-27T14:38:10.362,46,0,0
75,220,159.285,2026-09-27T14:40:49.647,46,0,0
75,221,160.293,2026-09-27T14:43:29.94,46,0,0
75,222,163.374,2026-09-27T14:46:13.314,46,0,0
75,223,154.837,2026-09-27T14:48:48.151,46,0,0
75,224,154.02,2026-09-27T14:51:22.171,46,0,0
75,225,151.077,2026-09-27T14:53:53.248,46,0,0
75,226,155.7,2026-09-27T14:56:28.948,46,0,0
75,227,153.778,2026-09-27T14:59:02.726,46,0,0
75,228,157.002,2026-09-27T15:01:39.728,46,0,0
75,229,159.897,2026-09-27T15:04:19.625,46,0,0
75,230,158.409,2026-09-27T15:06:58.034,45,0,0
75,231,156.288,2026-09-27T15:09:34.322,45,0,0
75,232,191.845,2026-09-27T15:12:46.167,45,1,0
75,233,709.595,2026-09-27T15:24:35.762,47,0,0
75,234,155.999,2026-09-27T15:27:11.761,47,0,0
75,235,159.197,2026-09-27T15:29:50.958,47,0,0
75,236,160.854,2026-09-27T15:32:31.812,47,0,0
685,1,215.9,2026-09-26T10:05:59.876,44,0,0
685,2,216.282,2026-09-26T10:09:36.158,53,0,0
685,3,225.487,2026-09-26T10:13:21.645,66,0,0
685,4,205.048,2026-09-26T10:16:46.693,69,0,0
685,5,203.681,2026-09-26T10:20:10.374,73,0,0
685,6,226.135,2026-09-26T10:23:56.509,75,0,0
685,7,197.739,2026-09-26T10:27:14.248,76,0,0
685,8,203.351,2026-09-26T10:30:37.599,74,0,0
685,9,197.473,2026-09-26T10:33:55.072,75,0,0
685,10,202.815,2026-09-26T10:37:17.887,73,0,0
685,11,211.343,2026-09-26T10:40:49.23,68,0,0
685,12,208.804,2026-09-26T10:44:18.034,67,0,0
685,13,207.226,2026-09-26T10:47:45.26,67,0,0
685,14,205.377,2026-09-26T10:51:10.637,66,0,0
685,15,205.76,2026-09-26T10:54:36.397,65,0,0
685,16,203.856,2026-09-26T10:58:00.253,65,0,0
685,17,207.451,2026-09-26T11:01:27.704,63,0,0
685,18,205.771,2026-09-26T11:04:53.475,64,0,0
685,19,202.839,2026-09-26T11:08:16.314,64,0,0
685,20,197.991,2026-09-26T11:11:34.305,66,0,0
685,21,209.685,2026-09-26T11:15:03.99,66,0,0
685,22,201.101,2026-09-26T11:18:25.091,65,0,0
685,23,228.165,2026-09-26T11:22:13.256,66,0,0
685,24,1546.464,2026-09-26T11:47:59.72,80,0,0
685,25,186.738,2026-09-26T11:51:06.458,80,0,0
685,26,183.233,2026-09-26T11:54:09.691,80,0,0
685,27,584.962,2026-09-26T12:03:54.653,81,1,0
685,28,230.551,2026-09-26T12:07:45.204,80,0,0
685,29,186.811,2026-09-26T12:10:52.015,79,0,0
685,30,182.415,2026-09-26T12:13:54.43,78,0,0
685,31,184.969,2026-09-26T12:16:59.399,78,0,0
685,32,188.423,2026-09-26T12:20:07.822,77,0,0
685,33,184.908,2026-09-26T12:23:12.73,76,0,0
685,34,186.93,2026-09-26T12:26:19.66,75,0,0
685,35,177.507,2026-09-26T12:29:17.167,75,0,0
685,36,175.756,2026-09-26T12:32:12.923,74,0,0
685,37,172.92,2026-09-26T12:35:05.843,73,0,0
685,38,171.376,2026-09-26T12:37:57.219,72,0,0
685,39,171.956,2026-09-26T12:40:49.175,71,0,0
685,40,173.344,2026-09-26T12:43:42.519,70,0,0
685,41,172.554,2026-09-26T12:46:35.073,68,0,0
685,42,175.988,2026-09-26T12:49:31.061,68,0,0
685,43,178.061,2026-09-26T12:52:29.122,64,0,0
685,44,175.085,2026-09-26T12:55:24.207,63,0,0
685,45,172.201,2026-09-26T12:58:16.408,62,0,0
685,46,170.243,2026-09-26T13:01:06.651,62,0,0
685,47,173.91,2026-09-26T13:04:00.561,62,0,0
685,48,177.902,2026-09-26T13:06:58.463,61,0,0
685,49,178.767,2026-09-26T13:09:57.23,61,0,0
685,50,178.14,2026-09-26T13:12:55.37,60,0,0
685,51,639.404,2026-09-26T13:23:34.774,60,1,0
685,52,213.195,2026-09-26T13:27:07.969,61,0,0
685,53,171.049,2026-09-26T13:29:59.018,60,0,0
685,54,177.741,2026-09-26T13:32:56.759,61,0,0
685,55,658.269,2026-09-26T13:43:55.028,65,0,0
685,56,181.937,2026-09-26T13:46:56.965,65,0,0
685,57,178.86,2026-09-26T13:49:55.825,64,0,0
685,58,176.967,2026-09-26T13:52:52.792,64,0,0
685,59,178.108,2026-09-26T13:55:50.9,62,0,0
685,60,178.525,2026-09-26T13:58:49.425,61,0,0
685,61,175.124,2026-09-26T14:01:44.549,60,0,0
685,62,178.238,2026-09-26T14:04:42.787,59,0,0
685,63,175.979,2026-09-26T14:07:38.766,58,0,0
685,64,176.887,2026-09-26T14:10:35.653,58,0,0
685,65,175.799,2026-09-26T14:13:31.452,58,0,0
685,66,173.698,2026-09-26T14:16:25.15,58,0,0
685,67,174.954,2026-09-26T14:19:20.104,58,0,0
685,68,176.739,2026-09-26T14:22:16.843,58,0,0
685,69,177.212,2026-09-26T14:25:14.055,57,0,0
685,70,177.619,2026-09-26T14:28:11.674,56,0,0
685,71,175.783,2026-09-26T14:31:07.457,53,0,0
685,72,749.301,2026-09-26T14:43:36.758,57,0,0
685,73,183.89,2026-09-26T14:46:40.648,56,0,0
685,74,188.727,2026-09-26T14:49:49.375,55,0,0
685,75,198.359,2026-09-26T14:53:07.734,54,0,0
685,76,188.255,2026-09-26T14:56:15.989,54,0,0
685,77,199.88,2026-09-26T14:59:35.869,52,0,0
685,78,189.318,2026-09-26T15:02:45.187,51,0,0
685,79,679.485,2026-09-26T15:14:04.672,55,1,0
685,80,217.865,2026-09-26T15:17:42.537,55,0,0
685,81,181.569,2026-09-26T15:20:44.106,54,0,0
685,82,180.17,2026-09-26T15:23:44.276,54,0,0
685,83,181.963,2026-09-26T15:26:46.239,52,0,0
685,84,217.753,2026-09-26T15:30:23.992,51,0,0
685,85,2116.0,2026-09-26T16:05:39.992,62,0,1
685,86,243.578,2026-09-26T16:09:43.57,62,0,1
685,87,234.85,2026-09-26T16:13:38.42,62,0,1
685,88,247.985,2026-09-26T16:17:46.405,61,0,0
685,89,190.903,2026-09-26T16:20:57.308,61,0,0
685,90,187.62,2026-09-26T16:24:04.928,61,0,0
685,91,180.399,2026-09-26T16:27:05.327,61,0,0
685,92,179.315,2026-09-26T16:30:04.642,60,0,0
685,93,182.738,2026-09-26T16:33:07.38,60,0,0
685,94,587.969,2026-09-26T16:42:55.349,60,1,0
685,95,228.635,2026-09-26T16:46:43.984,60,0,0
685,96,184.411,2026-09-26T16:49:48.395,60,0,0
685,97,174.353,2026-09-26T16:52:42.748,60,0,0
685,98,181.55,2026-09-26T16:55:44.298,60,0,0
685,99,175.979,2026-09-26T16:58:40.277,60,0,0
685,100,174.361,2026-09-26T17:01:34.638,60,0,0
685,101,174.685,2026-09-26T17:04:29.323,60,0,0
685,102,183.918,2026-09-26T17:07:33.241,60,0,0
685,103,185.722,2026-09-26T17:10:38.963,60,0,0
685,104,176.519,2026-09-26T17:13:35.482,60,0,0
685,105,176.388,2026-09-26T17:16:31.87,59,0,0
685,106,174.92,2026-09-26T17:19:26.79,59,0,0
685,107,174.319,2026-09-26T17:22:21.109,58,0,0
685,108,183.511,2026-09-26T17:25:24.62,56,0,0
685,109,175.384,2026-09-26T17:28:20.004,56,0,0
685,110,175.834,2026-09-26T17:31:15.838,56,0,0
685,111,173.656,2026-09-26T17:34:09.494,56,0,0
685,112,175.872,2026-09-26T17:37:05.366,56,0,0
685,113,179.47,2026-09-26T17:40:04.836,55,0,0
685,114,187.715,2026-09-26T17:43:12.551,55,0,0
685,115,195.533,2026-09-26T17:46:28.084,56,0,0
685,116,194.334,2026-09-26T17:49:42.418,56,0,0
685,117,208.993,2026-09-26T17:53:11.411,56,0,1
685,118,232.456,2026-09-26T17:57:03.867,55,0,1
685,119,297.836,2026-09-26T18:02:01.703,55,0,1
685,120,53966.98,2026-09-27T09:01:28.683,56,0,0
685,121,189.058,2026-09-27T09:04:37.741,56,0,0
685,122,179.482,2026-09-27T09:07:37.223,56,0,0
685,123,177.962,2026-09-27T09:10:35.185,54,0,0
685,124,178.64,2026-09-27T09:13:33.825,53,0,0
685,125,171.399,2026-09-27T09:16:25.224,54,0,0
685,126,173.444,2026-09-27T09:19:18.668,54,0,0
685,127,173.649,2026-09-27T09:22:12.317,54,0,0
685,128,183.017,2026-09-27T09:25:15.334,53,0,0
685,129,185.65,2026-09-27T09:28:20.984,54,0,0
685,130,170.652,2026-09-27T09:31:11.636,53,0,0
685,131,169.997,2026-09-27T09:34:01.633,53,0,0
685,132,166.655,2026-09-27T09:36:48.288,53,0,0
685,133,169.681,2026-09-27T09:39:37.969,53,0,0
685,134,170.572,2026-09-27T09:42:28.541,53,0,0
685,135,166.665,2026-09-27T09:45:15.206,53,0,0
685,136,175.323,2026-09-27T09:48:10.529,53,0,0
685,137,185.652,2026-09-27T09:51:16.181,53,0,0
685,138,177.436,2026-09-27T09:54:13.617,53,0,0
685,139,169.762,2026-09-27T09:57:03.379,53,0,0
685,140,167.058,2026-09-27T09:59:50.437,51,0,0
685,141,165.611,2026-09-27T10:02:36.048,51,0,0
685,142,167.358,2026-09-27T10:05:23.406,51,0,0
685,143,166.455,2026-09-27T10:08:09.861,51,0,0
685,144,735.149,2026-09-27T10:20:25.01,53,1,0
685,145,211.141,2026-09-27T10:23:56.151,53,0,0
685,146,1209.969,2026-09-27T10:44:06.12,53,0,0
685,147,170.576,2026-09-27T10:46:56.696,53,0,0
685,148,168.106,2026-09-27T10:49:44.802,53,0,0
685,149,168.193,2026-09-27T10:52:32.995,53,0,0
685,150,168.197,2026-09-27T10:55:21.192,53,0,0
685,151,168.695,2026-09-27T10:58:09.887,53,0,0
685,152,171.476,2026-09-27T11:01:01.363,53,0,0
685,153,171.702,2026-09-27T11:03:53.065,53,0,0
685,154,204.767,2026-09-27T11:07:17.832,53,1,0
685,155,349.263,2026-09-27T11:13:07.095,53,0,0
685,156,171.181,2026-09-27T11:15:58.276,53,0,0
685,157,172.56,2026-09-27T11:18:50.836,53,0,0
685,158,170.698,2026-09-27T11:21:41.534,53,0,0
685,159,170.019,2026-09-27T11:24:31.553,53,0,0
685,160,170.64,2026-09-27T11:27:22.193,53,0,0
685,161,518.654,2026-09-27T11:36:00.847,54,1,0
685,162,218.269,2026-09-27T11:39:39.116,54,0,0
685,163,177.364,2026-09-27T11:42:36.48,54,0,0
685,164,174.447,2026-09-27T11:45:30.927,54,0,0
685,165,175.349,2026-09-27T11:48:26.276,53,0,0
685,166,173.009,2026-09-27T11:51:19.285,53,0,0
685,167,170.972,2026-09-27T11:54:10.257,53,0,0
685,168,171.773,2026-09-27T11:57:02.03,53,0,0
685,169,166.545,2026-09-27T11:59:48.575,53,0,0
685,170,177.247,2026-09-27T12:02:45.822,53,0,0
685,171,173.315,2026-09-27T12:05:39.137,52,0,0
685,172,171.148,2026-09-27T12:08:30.285,52,0,0
685,173,165.359,2026-09-27T12:11:15.644,51,0,0
685,174,164.595,2026-09-27T12:14:00.239,51,0,0
685,175,166.745,2026-09-27T12:16:46.984,51,0,0
685,176,167.761,2026-09-27T12:19:34.745,51,0,0
685,177,173.561,2026-09-27T12:22:28.306,51,0,0
685,178,166.426,2026-09-27T12:25:14.732,50,0,0
685,179,173.245,2026-09-27T12:28:07.977,49,0,0
685,180,164.777,2026-09-27T12:30:52.754,49,0,0
685,181,165.114,2026-09-27T12:33:37.868,49,0,0
685,182,167.711,2026-09-27T12:36:25.579,48,0,0
685,183,172.698,2026-09-27T12:39:18.277,48,0,0
685,184,170.462,2026-09-27T12:42:08.739,48,0,0
685,185,183.688,2026-09-27T12:45:12.427,47,0,0
685,186,179.985,2026-09-27T12:48:12.412,47,0,0
685,187,173.132,2026-09-27T12:51:05.544,47,0,0
685,188,222.376,2026-09-27T12:54:47.92,47,1,0
685,189,698.337,2026-09-27T13:06:26.257,49,1,0
685,190,248.525,2026-09-27T13:10:34.782,49,0,0
685,191,188.704,2026-09-27T13:13:43.486,49,0,0
685,192,181.148,2026-09-27T13:16:44.634,49,0,0
685,193,186.341,2026-09-27T13:19:50.975,49,0,0
685,194,183.156,2026-09-27T13:22:54.131,49,0,0
685,195,182.266,2026-09-27T13:25:56.397,49,0,0
685,196,182.936,2026-09-27T13:28:59.333,49,0,0
685,197,186.329,2026-09-27T13:32:05.662,49,0,0
685,198,191.552,2026-09-27T13:35:17.214,49,0,0
685,199,191.843,2026-09-27T13:38:29.057,49,0,0
685,200,181.837,2026-09-27T13:41:30.894,49,0,0
685,201,185.813,2026-09-27T13:44:36.707,49,0,0
685,202,184.112,2026-09-27T13:47:40.819,49,0,0
685,203,186.364,2026-09-27T13:50:47.183,49,0,0
685,204,196.082,2026-09-27T13:54:03.265,49,0,0
685,205,182.226,2026-09-27T13:57:05.491,49,0,0
685,206,182.066,2026-09-27T14:00:07.557,49,0,0
685,207,180.71,2026-09-27T14:03:08.267,48,0,0
685,208,559.888,2026-09-27T14:12:28.155,49,1,0
685,209,234.304,2026-09-27T14:16:22.459,49,0,0
685,210,186.82,2026-09-27T14:19:29.279,49,0,0
685,211,192.726,2026-09-27T14:22:42.005,49,0,0
685,212,185.496,2026-09-27T14:25:47.501,49,0,0
685,213,180.287,2026-09-27T14:28:47.788,49,0,0
685,214,183.481,2026-09-27T14:31:51.269,49,0,0
685,215,179.846,2026-09-27T14:34:51.115,49,0,0
685,216,179.925,2026-09-27T14:37:51.04,48,0,0
685,217,177.357,2026-09-27T14:40:48.397,48,0,0
685,218,175.156,2026-09-27T14:43:43.553,48,0,0
685,219,174.892,2026-09-27T14:46:38.445,48,0,0
685,220,171.894,2026-09-27T14:49:30.339,48,0,0
685,221,223.713,2026-09-27T14:53:14.052,48,1,0
685,222,811.332,2026-09-27T15:06:45.384,48,0,0
685,223,171.82,2026-09-27T15:09:37.204,48,0,0
685,224,176.387,2026-09-27T15:12:33.591,48,0,0
685,225,177.013,2026-09-27T15:15:30.604,48,0,0
685,226,176.755,2026-09-27T15:18:27.359,48,0,0
685,227,168.048,2026-09-27T15:21:15.407,48,0,0
685,228,169.316,2026-09-27T15:24:04.723,48,0,0
685,229,166.282,2026-09-27T15:26:51.005,48,0,0
685,230,168.889,2026-09-27T15:29:39.894,48,0,0
685,231,166.248,2026-09-27T15:32:26.142,48,0,0
801,1,176.282,2026-09-26T10:05:37.842,35,0,0
801,2,176.729,2026-09-26T10:08:34.571,26,0,0
801,3,172.095,2026-09-26T10:11:26.666,26,0,0
801,4,181.044,2026-09-26T10:14:27.71,24,0,0
801,5,174.256,2026-09-26T10:17:21.966,22,0,0
801,6,170.66,2026-09-26T10:20:12.626,21,0,0
801,7,184.519,2026-09-26T10:23:17.145,20,0,0
801,8,159.934,2026-09-26T10:25:57.079,19,0,0
801,9,155.363,2026-09-26T10:28:32.442,20,0,0
801,10,156.171,2026-09-26T10:31:08.613,21,0,0
801,11,155.317,2026-09-26T10:33:43.93,20,0,0
801,12,155.549,2026-09-26T10:36:19.479,20,0,0
801,13,177.775,2026-09-26T10:39:17.254,20,0,0
801,14,164.23,2026-09-26T10:42:01.484,21,0,0
801,15,163.803,2026-09-26T10:44:45.287,21,0,0
801,16,158.994,2026-09-26T10:47:24.281,21,0,0
801,17,150.478,2026-09-26T10:49:54.759,20,0,0
801,18,156.861,2026-09-26T10:52:31.62,20,0,0
801,19,162.419,2026-09-26T10:55:14.039,20,0,0
801,20,154.255,2026-09-26T10:57:48.294,20,0,0
801,21,179.247,2026-09-26T11:00:47.541,20,0,0
801,22,155.819,2026-09-26T11:03:23.36,20,0,0
801,23,152.218,2026-09-26T11:05:55.578,20,0,0
801,24,153.277,2026-09-26T11:08:28.855,20,0,0
801,25,151.785,2026-09-26T11:11:00.64,19,0,0
801,26,160.118,2026-09-26T11:13:40.758,19,0,0
801,27,154.295,2026-09-26T11:16:15.053,18,0,0
801,28,162.161,2026-09-26T11:18:57.214,18,0,0
801,29,169.467,2026-09-26T11:21:46.681,18,0,0
801,30,153.063,2026-09-26T11:24:19.744,18,0,0
801,31,155.365,2026-09-26T11:26:55.109,18,0,0
801,32,162.472,2026-09-26T11:29:37.581,18,0,0
801,33,163.025,2026-09-26T11:32:20.606,19,0,0
801,34,1366.311,2026-09-26T11:55:06.917,52,0,0
801,35,157.97,2026-09-26T11:57:44.887,50,0,0
801,36,156.382,2026-09-26T12:00:21.269,49,0,0
801,37,157.016,2026-09-26T12:02:58.285,48,0,0
801,38,152.033,2026-09-26T12:05:30.318,46,0,0
801,39,155.302,2026-09-26T12:08:05.62,45,0,0
801,40,155.33,2026-09-26T12:10:40.95,42,0,0
801,41,159.338,2026-09-26T12:13:20.288,39,0,0
801,42,150.486,2026-09-26T12:15:50.774,39,0,0
801,43,148.509,2026-09-26T12:18:19.283,38,0,0
801,44,168.05,2026-09-26T12:21:07.333,37,0,0
801,45,165.787,2026-09-26T12:23:53.12,35,0,0
801,46,155.47,2026-09-26T12:26:28.59,35,0,0
801,47,150.335,2026-09-26T12:28:58.925,35,0,0
801,48,149.61,2026-09-26T12:31:28.535,33,0,0
801,49,147.811,2026-09-26T12:33:56.346,33,0,0
801,50,145.926,2026-09-26T12:36:22.272,32,0,0
801,51,151.865,2026-09-26T12:38:54.137,31,0,0
801,52,156.544,2026-09-26T12:41:30.681,31,0,0
801,53,157.474,2026-09-26T12:44:08.155,31,0,0
801,54,158.072,2026-09-26T12:46:46.227,31,0,0
801,55,155.556,2026-09-26T12:49:21.783,31,0,0
801,56,144.708,2026-09-26T12:51:46.491,31,0,0
801,57,157.971,2026-09-26T12:54:24.462,31,0,0
801,58,142.852,2026-09-26T12:56:47.314,29,0,0
801,59,157.372,2026-09-26T12:59:24.686,29,0,0
801,60,167.921,2026-09-26T13:02:12.607,29,0,0
801,61,153.628,2026-09-26T13:04:46.235,28,0,0
801,62,156.534,2026-09-26T13:07:22.769,28,0,0
801,63,157.465,2026-09-26T13:10:00.234,28,0,0
801,64,151.692,2026-09-26T13:12:31.926,28,0,0
801,65,147.904,2026-09-26T13:14:59.83,28,0,0
801,66,162.89,2026-09-26T13:17:42.72,28,0,0
801,67,152.158,2026-09-26T13:20:14.878,28,0,0
801,68,154.485,2026-09-26T13:22:49.363,28,0,0
801,69,169.034,2026-09-26T13:25:38.397,28,1,0
801,70,1418.185,2026-09-26T13:49:16.582,42,0,0
801,71,170.425,2026-09-26T13:52:07.007,40,0,0
801,72,168.632,2026-09-26T13:54:55.639,40,0,0
801,73,158.303,2026-09-26T13:57:33.942,40,0,0
801,74,167.205,2026-09-26T14:00:21.147,39,0,0
801,75,161.708,2026-09-26T14:03:02.855,38,0,0
801,76,161.404,2026-09-26T14:05:44.259,37,0,0
801,77,170.436,2026-09-26T14:08:34.695,36,0,0
801,78,166.031,2026-09-26T14:11:20.726,35,0,0
801,79,193.563,2026-09-26T14:14:34.289,34,1,0
801,80,358.672,2026-09-26T14:20:32.961,36,0,0
801,81,167.321,2026-09-26T14:23:20.282,36,0,0
801,82,178.146,2026-09-26T14:26:18.428,34,0,0
801,83,161.607,2026-09-26T14:29:00.035,34,0,0
801,84,182.828,2026-09-26T14:32:02.863,34,1,0
801,85,300.687,2026-09-26T14:37:03.55,34,0,0
801,86,172.386,2026-09-26T14:39:55.936,33,0,0
801,87,182.863,2026-09-26T14:42:58.799,34,0,0
801,88,170.023,2026-09-26T14:45:48.822,34,0,0
801,89,172.645,2026-09-26T14:48:41.467,34,0,0
801,90,173.803,2026-09-26T14:51:35.27,34,0,0
801,91,165.186,2026-09-26T14:54:20.456,34,0,0
801,92,193.318,2026-09-26T14:57:33.774,34,0,0
801,93,171.017,2026-09-26T15:00:24.791,33,0,0
801,94,179.473,2026-09-26T15:03:24.264,33,0,0
801,95,180.786,2026-09-26T15:06:25.05,33,0,0
801,96,173.435,2026-09-26T15:09:18.485,33,0,0
801,97,178.652,2026-09-26T15:12:17.137,33,0,0
801,98,165.068,2026-09-26T15:15:02.205,33,0,0
801,99,163.443,2026-09-26T15:17:45.648,33,0,0
801,100,172.858,2026-09-26T15:20:38.506,33,0,0
801,101,169.997,2026-09-26T15:23:28.503,33,0,0
801,102,185.416,2026-09-26T15:26:33.919,32,0,0
801,103,171.963,2026-09-26T15:29:25.882,32,0,0
801,104,170.353,2026-09-26T15:32:16.235,32,0,0
801,105,199.09,2026-09-26T15:35:35.325,32,0,0
801,106,167.664,2026-09-26T15:38:22.989,32,0,0
801,107,159.392,2026-09-26T15:41:02.381,32,0,0
801,108,158.507,2026-09-26T15:43:40.888,32,0,0
801,109,167.828,2026-09-26T15:46:28.716,32,0,0
801,110,169.355,2026-09-26T15:49:18.071,32,0,0
801,111,179.87,2026-09-26T15:52:17.941,32,0,0
801,112,176.52,2026-09-26T15:55:14.461,31,0,0
801,113,291.168,2026-09-26T16:00:05.629,30,0,1
801,114,234.354,2026-09-26T16:03:59.983,30,0,1
801,115,226.763,2026-09-26T16:07:46.746,29,0,1
801,116,229.691,2026-09-26T16:11:36.437,29,0,1
801,117,253.675,2026-09-26T16:15:50.112,29,0,1
801,118,189.993,2026-09-26T16:19:00.105,29,0,0
801,119,164.709,2026-09-26T16:21:44.814,28,0,0
801,120,160.738,2026-09-26T16:24:25.552,28,0,0
801,121,167.089,2026-09-26T16:27:12.641,27,0,0
801,122,176.132,2026-09-26T16:30:08.773,27,1,0
801,123,1209.559,2026-09-26T16:50:18.332,33,0,0
801,124,153.895,2026-09-26T16:52:52.227,32,0,0
801,125,161.438,2026-09-26T16:55:33.665,32,0,0
801,126,148.512,2026-09-26T16:58:02.177,32,0,0
801,127,150.43,2026-09-26T17:00:32.607,32,0,0
801,128,153.924,2026-09-26T17:03:06.531,32,0,0
801,129,155.641,2026-09-26T17:05:42.172,32,0,0
801,130,197.46,2026-09-26T17:08:59.632,31,1,0
801,131,343.234,2026-09-26T17:14:42.866,32,0,0
801,132,175.001,2026-09-26T17:17:37.867,32,0,0
801,133,153.845,2026-09-26T17:20:11.712,31,0,0
801,134,153.507,2026-09-26T17:22:45.219,31,0,0
801,135,158.866,2026-09-26T17:25:24.085,31,0,0
801,136,154.83,2026-09-26T17:27:58.915,30,0,0
801,137,155.24,2026-09-26T17:30:34.155,30,0,0
801,138,151.651,2026-09-26T17:33:05.806,30,0,0
801,139,150.913,2026-09-26T17:35:36.719,30,0,0
801,140,153.192,2026-09-26T17:38:09.911,30,0,0
801,141,153.358,2026-09-26T17:40:43.269,30,0,0
801,142,158.809,2026-09-26T17:43:22.078,30,0,0
801,143,179.3,2026-09-26T17:46:21.378,30,0,0
801,144,157.292,2026-09-26T17:48:58.67,30,0,0
801,145,198.958,2026-09-26T17:52:17.628,30,0,1
801,146,261.465,2026-09-26T17:56:39.093,30,0,1
801,147,285.026,2026-09-26T18:01:24.119,30,0,1
801,148,278.338,2026-09-26T18:06:02.457,30,0,1
801,149,53639.394,2026-09-27T09:00:01.851,30,0,0
801,150,162.753,2026-09-27T09:02:44.604,30,0,0
801,151,156.958,2026-09-27T09:05:21.562,30,0,0
801,152,159.221,2026-09-27T09:08:00.783,30,0,0
801,153,166.484,2026-09-27T09:10:47.267,30,0,0
801,154,172.786,2026-09-27T09:13:40.053,30,0,0
801,155,164.88,2026-09-27T09:16:24.933,30,0,0
801,156,152.688,2026-09-27T09:18:57.621,30,0,0
801,157,178.194,2026-09-27T09:21:55.815,30,0,0
801,158,168.247,2026-09-27T09:24:44.062,30,0,0
801,159,158.218,2026-09-27T09:27:22.28,29,0,0
801,160,163.183,2026-09-27T09:30:05.463,29,0,0
801,161,159.536,2026-09-27T09:32:44.999,29,0,0
801,162,157.687,2026-09-27T09:35:22.686,30,0,0
801,163,164.34,2026-09-27T09:38:07.026,30,0,0
801,164,160.84,2026-09-27T09:40:47.866,30,0,0
801,165,179.595,2026-09-27T09:43:47.461,29,0,0
801,166,208.833,2026-09-27T09:47:16.294,29,1,0
801,167,320.186,2026-09-27T09:52:36.48,30,0,0
801,168,160.428,2026-09-27T09:55:16.908,30,0,0
801,169,155.748,2026-09-27T09:57:52.656,30,0,0
801,170,157.217,2026-09-27T10:00:29.873,29,0,0
801,171,206.908,2026-09-27T10:03:56.781,28,1,0
801,172,471.339,2026-09-27T10:11:48.12,30,0,0
801,173,166.225,2026-09-27T10:14:34.345,30,0,0
801,174,158.756,2026-09-27T10:17:13.101,29,0,0
801,175,225.359,2026-09-27T10:20:58.46,29,1,0
801,176,2437.657,2026-09-27T11:01:36.117,32,0,0
801,177,155.662,2026-09-27T11:04:11.779,31,0,0
801,178,165.247,2026-09-27T11:06:57.026,30,0,0
801,179,159.82,2026-09-27T11:09:36.846,29,0,0
801,180,215.594,2026-09-27T11:13:12.44,29,1,0
801,181,1473.331,2026-09-27T11:37:45.771,32,0,0
801,182,155.294,2026-09-27T11:40:21.065,32,0,0
801,183,158.433,2026-09-27T11:42:59.498,32,0,0
801,184,151.587,2026-09-27T11:45:31.085,32,0,0
801,185,156.361,2026-09-27T11:48:07.446,32,0,0
801,186,158.196,2026-09-27T11:50:45.642,32,0,0
801,187,160.658,2026-09-27T11:53:26.3,32,0,0
801,188,155.095,2026-09-27T11:56:01.395,32,0,0
801,189,150.54,2026-09-27T11:58:31.935,32,0,0
801,190,156.108,2026-09-27T12:01:08.043,32,0,0
801,191,154.328,2026-09-27T12:03:42.371,32,0,0
801,192,153.672,2026-09-27T12:06:16.043,32,0,0
801,193,162.109,2026-09-27T12:08:58.152,32,0,0
801,194,153.15,2026-09-27T12:11:31.302,32,0,0
801,195,154.449,2026-09-27T12:14:05.751,32,0,0
801,196,150.796,2026-09-27T12:16:36.547,32,0,0
801,197,152.726,2026-09-27T12:19:09.273,32,0,0
801,198,161.111,2026-09-27T12:21:50.384,32,0,0
801,199,154.356,2026-09-27T12:24:24.74,32,0,0
801,200,158.862,2026-09-27T12:27:03.602,32,0,0
801,201,159.584,2026-09-27T12:29:43.186,32,0,0
801,202,148.79,2026-09-27T12:32:11.976,32,0,0
801,203,162.461,2026-09-27T12:34:54.437,32,0,0
801,204,157.382,2026-09-27T12:37:31.819,31,0,0
801,205,233.13,2026-09-27T12:41:24.949,31,0,0
801,206,241.482,2026-09-27T12:45:26.431,31,1,0
801,207,6541.105,2026-09-27T14:34:27.536,52,0,0
801,208,156.931,2026-09-27T14:37:04.467,52,0,0
801,209,154.965,2026-09-27T14:39:39.432,51,0,0
801,210,154.768,2026-09-27T14:42:14.2,51,0,0
801,211,153.527,2026-09-27T14:44:47.727,51,0,0
801,212,149.297,2026-09-27T14:47:17.024,51,0,0
801,213,152.73,2026-09-27T14:49:49.754,51,0,0
801,214,159.245,2026-09-27T14:52:28.999,51,0,0
801,215,159.719,2026-09-27T14:55:08.718,50,0,0
801,216,155.402,2026-09-27T14:57:44.12,49,0,0
801,217,155.179,2026-09-27T15:00:19.299,49,0,0
801,218,160.953,2026-09-27T15:03:00.252,49,0,0
801,219,152.781,2026-09-27T15:05:33.033,49,0,0
801,220,150.536,2026-09-27T15:08:03.569,49,0,0
801,221,156.506,2026-09-27T15:10:40.075,49,0,0
801,222,161.98,2026-09-27T15:13:22.055,49,0,0
801,223,155.217,2026-09-27T15:15:57.272,49,0,0
801,224,153.818,2026-09-27T15:18:31.09,49,0,0
801,225,153.034,2026-09-27T15:21:04.124,49,0,0
801,226,147.97,2026-09-27T15:23:32.094,49,0,0
801,227,156.676,2026-09-27T15:26:08.77,49,0,0
801,228,154.289,2026-09-27T15:28:43.059,49,0,0
801,229,151.642,2026-09-27T15:31:14.701,49,0,0
88,1,202.078,2026-09-26T10:05:54.799,40,0,0
88,2,203.074,2026-09-26T10:09:17.873,44,0,0
88,3,196.937,2026-09-26T10:12:34.81,44,0,0
88,4,181.378,2026-09-26T10:15:36.188,46,0,0
88,5,211.036,2026-09-26T10:19:07.224,52,0,0
88,6,186.167,2026-09-26T10:22:13.391,57,0,0
88,7,170.25,2026-09-26T10:25:03.641,57,0,0
88,8,169.449,2026-09-26T10:27:53.09,55,0,0
88,9,172.169,2026-09-26T10:30:45.259,55,0,0
88,10,166.113,2026-09-26T10:33:31.372,54,0,0
88,11,168.626,2026-09-26T10:36:19.998,54,0,0
88,12,182.867,2026-09-26T10:39:22.865,50,0,0
88,13,176.963,2026-09-26T10:42:19.828,49,0,0
88,14,173.225,2026-09-26T10:45:13.053,48,0,0
88,15,172.784,2026-09-26T10:48:05.837,45,0,0
88,16,168.116,2026-09-26T10:50:53.953,45,0,0
88,17,165.552,2026-09-26T10:53:39.505,44,0,0
88,18,170.729,2026-09-26T10:56:30.234,43,0,0
88,19,167.597,2026-09-26T10:59:17.831,40,0,0
88,20,198.278,2026-09-26T11:02:36.109,42,1,0
88,21,759.689,2026-09-26T11:15:15.798,67,0,0
88,22,213.076,2026-09-26T11:18:48.874,66,0,0
88,23,206.332,2026-09-26T11:22:15.206,67,0,0
88,24,194.923,2026-09-26T11:25:30.129,64,0,0
88,25,194.01,2026-09-26T11:28:44.139,64,0,0
88,26,178.899,2026-09-26T11:31:43.038,63,0,0
88,27,190.097,2026-09-26T11:34:53.135,63,0,0
88,28,189.085,2026-09-26T11:38:02.22,61,0,0
88,29,256.426,2026-09-26T11:42:18.646,63,1,0
88,30,1150.061,2026-09-26T12:01:28.707,75,0,0
88,31,177.932,2026-09-26T12:04:26.639,75,0,0
88,32,194.622,2026-09-26T12:07:41.261,74,0,0
88,33,177.959,2026-09-26T12:10:39.22,72,0,0
88,34,170.324,2026-09-26T12:13:29.544,71,0,0
88,35,177.268,2026-09-26T12:16:26.812,69,0,0
88,36,175.493,2026-09-26T12:19:22.305,69,0,0
88,37,183.557,2026-09-26T12:22:25.862,67,0,0
88,38,174.303,2026-09-26T12:25:20.165,66,0,0
88,39,168.456,2026-09-26T12:28:08.621,65,0,0
88,40,163.987,2026-09-26T12:30:52.608,63,0,0
88,41,163.054,2026-09-26T12:33:35.662,61,0,0
88,42,175.489,2026-09-26T12:36:31.151,60,0,0
88,43,166.638,2026-09-26T12:39:17.789,58,0,0
88,44,858.504,2026-09-26T12:53:36.293,62,0,0
88,45,168.1,2026-09-26T12:56:24.393,61,0,0
88,46,176.356,2026-09-26T12:59:20.749,61,0,0
88,47,173.398,2026-09-26T13:02:14.147,61,0,0
88,48,169.327,2026-09-26T13:05:03.474,60,0,0
88,49,171.516,2026-09-26T13:07:54.99,60,0,0
88,50,169.008,2026-09-26T13:10:43.998,59,0,0
88,51,167.69,2026-09-26T13:13:31.688,59,0,0
88,52,162.369,2026-09-26T13:16:14.057,58,0,0
88,53,164.508,2026-09-26T13:18:58.565,58,0,0
88,54,162.903,2026-09-26T13:21:41.468,57,0,0
88,55,160.562,2026-09-26T13:24:22.03,56,0,0
88,56,164.867,2026-09-26T13:27:06.897,56,0,0
88,57,184.504,2026-09-26T13:30:11.401,55,1,0
88,58,453.504,2026-09-26T13:37:44.905,57,0,0
88,59,164.361,2026-09-26T13:40:29.266,56,0,0
88,60,165.229,2026-09-26T13:43:14.495,55,0,0
88,61,164.566,2026-09-26T13:45:59.061,54,0,0
88,62,179.08,2026-09-26T13:48:58.141,53,0,0
88,63,155.207,2026-09-26T13:51:33.348,53,0,0
88,64,150.45,2026-09-26T13:54:03.798,53,0,0
88,65,154.097,2026-09-26T13:56:37.895,53,0,0
88,66,159.902,2026-09-26T13:59:17.797,53,0,0
88,67,159.181,2026-09-26T14:01:56.978,53,0,0
88,68,179.607,2026-09-26T14:04:56.585,52,1,0
88,69,1741.391,2026-09-26T14:33:57.976,60,0,0
88,70,182.07,2026-09-26T14:37:00.046,60,0,0
88,71,186.604,2026-09-26T14:40:06.65,57,0,0
88,72,180.086,2026-09-26T14:43:06.736,56,0,0
88,73,183.414,2026-09-26T14:46:10.15,55,0,0
88,74,182.959,2026-09-26T14:49:13.109,54,0,0
88,75,195.147,2026-09-26T14:52:28.256,53,0,0
88,76,217.656,2026-09-26T14:56:05.912,53,0,0
88,77,218.78,2026-09-26T14:59:44.692,53,1,0
88,78,386.041,2026-09-26T15:06:10.733,54,0,0
88,79,181.51,2026-09-26T15:09:12.243,53,0,0
88,80,202.883,2026-09-26T15:12:35.126,54,0,0
88,81,188.606,2026-09-26T15:15:43.732,53,0,0
88,82,201.64,2026-09-26T15:19:05.372,53,0,0
88,83,174.783,2026-09-26T15:22:00.155,51,0,0
88,84,190.524,2026-09-26T15:25:10.679,50,0,0
88,85,191.463,2026-09-26T15:28:22.142,49,0,0
88,86,198.797,2026-09-26T15:31:40.939,49,0,0
88,87,227.642,2026-09-26T15:35:28.581,49,0,0
88,88,185.534,2026-09-26T15:38:34.115,49,0,0
88,89,194.903,2026-09-26T15:41:49.018,48,0,0
88,90,186.437,2026-09-26T15:44:55.455,48,0,0
88,91,188.2,2026-09-26T15:48:03.655,48,0,0
88,92,221.218,2026-09-26T15:51:44.873,48,1,0
88,93,768.907,2026-09-26T16:04:33.78,48,0,1
88,94,234.077,2026-09-26T16:08:27.857,48,0,1
88,95,241.002,2026-09-26T16:12:28.859,48,0,1
88,96,274.218,2026-09-26T16:17:03.077,48,0,0
88,97,202.993,2026-09-26T16:20:26.07,48,0,0
88,98,189.356,2026-09-26T16:23:35.426,48,0,0
88,99,188.662,2026-09-26T16:26:44.088,48,0,0
88,100,183.089,2026-09-26T16:29:47.177,48,0,0
88,101,185.526,2026-09-26T16:32:52.703,48,0,0
88,102,175.846,2026-09-26T16:35:48.549,48,0,0
88,103,179.823,2026-09-26T16:38:48.372,48,0,0
88,104,176.728,2026-09-26T16:41:45.1,48,0,0
88,105,176.888,2026-09-26T16:44:41.988,48,0,0
88,106,184.389,2026-09-26T16:47:46.377,48,0,0
88,107,179.911,2026-09-26T16:50:46.288,47,0,0
88,108,187.969,2026-09-26T16:53:54.257,47,1,0
88,109,861.763,2026-09-26T17:08:16.02,50,0,0
88,110,200.937,2026-09-26T17:11:36.957,49,0,0
88,111,182.873,2026-09-26T17:14:39.83,49,0,0
88,112,170.331,2026-09-26T17:17:30.161,49,0,0
88,113,175.32,2026-09-26T17:20:25.481,48,0,0
88,114,162.159,2026-09-26T17:23:07.64,48,0,0
88,115,172.654,2026-09-26T17:26:00.294,48,0,0
88,116,163.74,2026-09-26T17:28:44.034,48,0,0
88,117,158.957,2026-09-26T17:31:22.991,48,0,0
88,118,160.126,2026-09-26T17:34:03.117,47,0,0
88,119,160.115,2026-09-26T17:36:43.232,47,0,0
88,120,165.699,2026-09-26T17:39:28.931,46,0,0
88,121,162.59,2026-09-26T17:42:11.521,46,0,0
88,122,165.479,2026-09-26T17:44:57,46,0,0
88,123,162.508,2026-09-26T17:47:39.508,46,0,0
88,124,166.334,2026-09-26T17:50:25.842,45,0,1
88,125,199.065,2026-09-26T17:53:44.907,45,0,1
88,126,221.553,2026-09-26T17:57:26.46,45,0,1
88,127,301.534,2026-09-26T18:02:27.994,45,0,1
88,128,53732.949,2026-09-27T08:58:00.943,44,0,0
88,129,184.846,2026-09-27T09:01:05.789,44,0,0
88,130,179.77,2026-09-27T09:04:05.559,43,0,0
88,131,163.155,2026-09-27T09:06:48.714,43,0,0
88,132,165.368,2026-09-27T09:09:34.082,43,0,0
88,133,168.742,2026-09-27T09:12:22.824,43,0,0
88,134,160.724,2026-09-27T09:15:03.548,43,0,0
88,135,161.097,2026-09-27T09:17:44.645,43,0,0
88,136,160.009,2026-09-27T09:20:24.654,43,0,0
88,137,178.942,2026-09-27T09:23:23.596,43,0,0
88,138,163.271,2026-09-27T09:26:06.867,43,0,0
88,139,167.793,2026-09-27T09:28:54.66,43,0,0
88,140,159.361,2026-09-27T09:31:34.021,42,0,0
88,141,156.076,2026-09-27T09:34:10.097,42,0,0
88,142,157.657,2026-09-27T09:36:47.754,42,0,0
88,143,159.746,2026-09-27T09:39:27.5,42,0,0
88,144,161.982,2026-09-27T09:42:09.482,42,0,0
88,145,169.279,2026-09-27T09:44:58.761,42,0,0
88,146,172.311,2026-09-27T09:47:51.072,43,0,0
88,147,180.602,2026-09-27T09:50:51.674,43,0,0
88,148,162.822,2026-09-27T09:53:34.496,43,0,0
88,149,159.848,2026-09-27T09:56:14.344,43,0,0
88,150,156.573,2026-09-27T09:58:50.917,43,0,0
88,151,161.009,2026-09-27T10:01:31.926,43,0,0
88,152,180.577,2026-09-27T10:04:32.503,44,1,0
88,153,905.784,2026-09-27T10:19:38.287,47,0,0
88,154,174.823,2026-09-27T10:22:33.11,47,0,0
88,155,1195.17,2026-09-27T10:42:28.28,46,0,1
88,156,196.755,2026-09-27T10:45:45.035,46,0,0
88,157,182.599,2026-09-27T10:48:47.634,46,0,0
88,158,187.063,2026-09-27T10:51:54.697,46,0,0
88,159,178.585,2026-09-27T10:54:53.282,46,0,0
88,160,184.014,2026-09-27T10:57:57.296,46,0,0
88,161,188.63,2026-09-27T11:01:05.926,46,0,0
88,162,179.912,2026-09-27T11:04:05.838,46,0,0
88,163,186.045,2026-09-27T11:07:11.883,45,0,0
88,164,177.926,2026-09-27T11:10:09.809,45,0,0
88,165,205.73,2026-09-27T11:13:35.539,44,1,0
88,166,1463.654,2026-09-27T11:37:59.193,51,0,0
88,167,178.728,2026-09-27T11:40:57.921,51,0,0
88,168,173.836,2026-09-27T11:43:51.757,51,0,0
88,169,353.951,2026-09-27T11:49:45.708,50,1,0
88,170,322.992,2026-09-27T11:55:08.7,51,0,0
88,171,180.154,2026-09-27T11:58:08.854,50,0,0
88,172,178.158,2026-09-27T12:01:07.012,50,0,0
88,173,188.203,2026-09-27T12:04:15.215,50,0,0
88,174,195.754,2026-09-27T12:07:30.969,50,0,0
88,175,181.956,2026-09-27T12:10:32.925,50,0,0
88,176,175.986,2026-09-27T12:13:28.911,50,0,0
88,177,180.458,2026-09-27T12:16:29.369,50,0,0
88,178,171.631,2026-09-27T12:19:21,49,0,0
88,179,218.968,2026-09-27T12:22:59.968,48,1,0
88,180,1940.093,2026-09-27T12:55:20.061,53,1,0
88,181,205.863,2026-09-27T12:58:45.924,53,0,0
88,182,163.127,2026-09-27T13:01:29.051,53,0,0
88,183,225.333,2026-09-27T13:05:14.384,53,1,0
88,184,372.023,2026-09-27T13:11:26.407,53,0,0
88,185,176.041,2026-09-27T13:14:22.448,52,0,0
88,186,178.711,2026-09-27T13:17:21.159,51,0,0
88,187,182.794,2026-09-27T13:20:23.953,51,0,0
88,188,181.931,2026-09-27T13:23:25.884,51,0,0
88,189,185.031,2026-09-27T13:26:30.915,51,0,0
88,190,190.337,2026-09-27T13:29:41.252,51,0,0
88,191,192.685,2026-09-27T13:32:53.937,51,0,0
88,192,184.223,2026-09-27T13:35:58.16,51,0,0
88,193,185.876,2026-09-27T13:39:04.036,51,0,0
88,194,179.299,2026-09-27T13:42:03.335,51,0,0
88,195,187.047,2026-09-27T13:45:10.382,51,0,0
88,196,192.273,2026-09-27T13:48:22.655,51,0,0
88,197,179.894,2026-09-27T13:51:22.549,51,0,0
88,198,181.178,2026-09-27T13:54:23.727,51,0,0
88,199,178.844,2026-09-27T13:57:22.571,51,0,0
88,200,174.021,2026-09-27T14:00:16.592,51,0,0
88,201,873.996,2026-09-27T14:14:50.588,51,1,0
88,202,209.552,2026-09-27T14:18:20.14,51,0,0
88,203,176.374,2026-09-27T14:21:16.514,51,0,0
88,204,167.739,2026-09-27T14:24:04.253,51,0,0
88,205,166.442,2026-09-27T14:26:50.695,51,0,0
88,206,168.26,2026-09-27T14:29:38.955,51,0,0
88,207,175.842,2026-09-27T14:32:34.797,50,0,0
88,208,167.518,2026-09-27T14:35:22.315,50,0,0
88,209,172.982,2026-09-27T14:38:15.297,50,0,0
88,210,167.362,2026-09-27T14:41:02.659,50,0,0
88,211,173.257,2026-09-27T14:43:55.916,50,0,0
88,212,166.671,2026-09-27T14:46:42.587,50,0,0
88,213,168.96,2026-09-27T14:49:31.547,50,0,0
88,214,167.915,2026-09-27T14:52:19.462,50,0,0
88,215,174.169,2026-09-27T14:55:13.631,51,0,0
88,216,165.382,2026-09-27T14:57:59.013,50,0,0
88,217,170.516,2026-09-27T15:00:49.529,50,0,0
88,218,166.776,2026-09-27T15:03:36.305,50,0,0
88,219,170.925,2026-09-27T15:06:27.23,50,0,0
88,220,166.059,2026-09-27T15:09:13.289,50,0,0
88,221,168.4,2026-09-27T15:12:01.689,50,0,0
88,222,171.146,2026-09-27T15:14:52.835,50,0,0
88,223,166.449,2026-09-27T15:17:39.284,50,0,0
88,224,164.805,2026-09-27T15:20:24.089,50,0,0
88,225,164.634,2026-09-27T15:23:08.723,50,0,0
88,226,167.642,2026-09-27T15:25:56.365,50,0,0
88,227,164.621,2026-09-27T15:28:40.986,50,0,0
88,228,169.817,2026-09-27T15:31:30.803,50,0,0
745,1,174.863,2026-09-26T10:22:20.282,96,0,0
745,2,157.274,2026-09-26T10:24:57.556,95,0,0
745,3,155.732,2026-09-26T10:27:33.288,94,0,0
745,4,163.118,2026-09-26T10:30:16.406,94,0,0
745,5,152.369,2026-09-26T10:32:48.775,94,0,0
745,6,182.042,2026-09-26T10:35:50.817,93,1,0
745,7,859.173,2026-09-26T10:50:09.99,96,0,0
745,8,152.499,2026-09-26T10:52:42.489,94,0,0
745,9,153.005,2026-09-26T10:55:15.494,92,0,0
745,10,153.574,2026-09-26T10:57:49.068,88,0,0
745,11,182.358,2026-09-26T11:00:51.426,84,0,0
745,12,250.02,2026-09-26T11:05:01.446,84,1,0
745,13,5270.586,2026-09-26T12:32:52.032,94,0,0
745,14,167.416,2026-09-26T12:35:39.448,94,0,0
745,15,180.086,2026-09-26T12:38:39.534,94,0,0
745,16,172.105,2026-09-26T12:41:31.639,93,0,0
745,17,162.89,2026-09-26T12:44:14.529,92,0,0
745,18,162.46,2026-09-26T12:46:56.989,92,0,0
745,19,159.879,2026-09-26T12:49:36.868,92,0,0
745,20,184.844,2026-09-26T12:52:41.712,92,1,0
745,21,472.763,2026-09-26T13:00:34.475,91,0,0
745,22,158.78,2026-09-26T13:03:13.255,91,0,0
745,23,165.171,2026-09-26T13:05:58.426,91,0,0
745,24,170.535,2026-09-26T13:08:48.961,91,0,0
745,25,160.384,2026-09-26T13:11:29.345,91,0,0
745,26,160.776,2026-09-26T13:14:10.121,90,0,0
745,27,161.425,2026-09-26T13:16:51.546,90,0,0
745,28,166.584,2026-09-26T13:19:38.13,90,0,0
745,29,163.472,2026-09-26T13:22:21.602,90,0,0
745,30,161.361,2026-09-26T13:25:02.963,90,0,0
745,31,2270.36,2026-09-26T14:02:53.323,90,0,0
745,32,166.107,2026-09-26T14:05:39.43,90,0,0
745,33,163.474,2026-09-26T14:08:22.904,90,0,0
745,34,159.719,2026-09-26T14:11:02.623,90,0,0
745,35,932.186,2026-09-26T14:26:34.809,91,0,0
745,36,176.353,2026-09-26T14:29:31.162,91,0,0
745,37,159.111,2026-09-26T14:32:10.273,90,0,0
745,38,183.31,2026-09-26T14:35:13.583,89,0,0
745,39,210.861,2026-09-26T14:38:44.444,89,1,0
745,40,572.044,2026-09-26T14:48:16.488,86,0,0
745,41,183.233,2026-09-26T14:51:19.721,86,0,0
745,42,166.759,2026-09-26T14:54:06.48,86,0,0
745,43,198.607,2026-09-26T14:57:25.087,85,0,0
745,44,173.28,2026-09-26T15:00:18.367,85,0,0
745,45,163.922,2026-09-26T15:03:02.289,84,0,0
745,46,165.714,2026-09-26T15:05:48.003,84,0,0
745,47,158.852,2026-09-26T15:08:26.855,84,0,0
745,48,154.868,2026-09-26T15:11:01.723,84,0,0
745,49,262.523,2026-09-26T15:15:24.246,84,1,0
745,50,1262.734,2026-09-26T15:36:26.98,85,0,0
745,51,153.846,2026-09-26T15:39:00.826,85,0,0
745,52,151.825,2026-09-26T15:41:32.651,85,0,0
745,53,149.113,2026-09-26T15:44:01.764,85,0,0
745,54,159.662,2026-09-26T15:46:41.426,85,0,0
745,55,162.344,2026-09-26T15:49:23.77,85,0,0
745,56,171.874,2026-09-26T15:52:15.644,85,0,0
745,57,171.385,2026-09-26T15:55:07.029,84,0,0
745,58,173.543,2026-09-26T15:58:00.572,83,0,1
745,59,255.63,2026-09-26T16:02:16.202,82,0,1
745,60,230.637,2026-09-26T16:06:06.839,82,0,1
745,61,239.323,2026-09-26T16:10:06.162,82,0,1
745,62,243.445,2026-09-26T16:14:09.607,82,0,1
745,63,229.944,2026-09-26T16:17:59.551,82,0,0
745,64,166.349,2026-09-26T16:20:45.9,82,0,0
745,65,157.201,2026-09-26T16:23:23.101,82,0,0
745,66,152.756,2026-09-26T16:25:55.857,82,0,0
745,67,154.69,2026-09-26T16:28:30.547,82,0,0
745,68,152.27,2026-09-26T16:31:02.817,82,0,0
745,69,153.004,2026-09-26T16:33:35.821,81,0,0
745,70,151.617,2026-09-26T16:36:07.438,80,0,0
745,71,148.095,2026-09-26T16:38:35.533,79,0,0
745,72,152.796,2026-09-26T16:41:08.329,78,0,0
745,73,150.788,2026-09-26T16:43:39.117,77,0,0
745,74,155.392,2026-09-26T16:46:14.509,77,0,0
745,75,171.557,2026-09-26T16:49:06.066,76,1,0
745,76,401.561,2026-09-26T16:55:47.627,77,0,0
745,77,168.801,2026-09-26T16:58:36.428,77,0,0
745,78,159.744,2026-09-26T17:01:16.172,77,0,0
745,79,157.442,2026-09-26T17:03:53.614,75,0,0
745,80,159.401,2026-09-26T17:06:33.015,74,0,0
745,81,170.954,2026-09-26T17:09:23.969,74,0,0
745,82,177.246,2026-09-26T17:12:21.215,74,0,0
745,83,170.639,2026-09-26T17:15:11.854,74,0,0
745,84,174.253,2026-09-26T17:18:06.107,74,0,0
745,85,179.263,2026-09-26T17:21:05.37,74,0,0
745,86,176.59,2026-09-26T17:24:01.96,74,0,0
745,87,158.115,2026-09-26T17:26:40.075,74,0,0
745,88,157.607,2026-09-26T17:29:17.682,73,0,0
745,89,169.87,2026-09-26T17:32:07.552,73,0,0
745,90,154.334,2026-09-26T17:34:41.886,73,0,0
745,91,164.453,2026-09-26T17:37:26.339,73,0,0
745,92,165.245,2026-09-26T17:40:11.584,73,0,0
745,93,174.375,2026-09-26T17:43:05.959,73,0,0
745,94,169.789,2026-09-26T17:45:55.748,73,0,0
745,95,170.026,2026-09-26T17:48:45.774,72,0,0
745,96,209.675,2026-09-26T17:52:15.449,72,0,1
745,97,262.217,2026-09-26T17:56:37.666,72,0,1
745,98,284.6,2026-09-26T18:01:22.266,72,0,1
745,99,278.543,2026-09-26T18:06:00.809,72,0,1
745,100,53534.138,2026-09-27T08:58:14.947,73,0,0
745,101,195.023,2026-09-27T09:01:29.97,73,0,0
745,102,170.586,2026-09-27T09:04:20.556,73,0,0
745,103,161.425,2026-09-27T09:07:01.981,73,0,0
745,104,148.635,2026-09-27T09:09:30.616,72,0,0
745,105,161.039,2026-09-27T09:12:11.655,72,0,0
745,106,148.67,2026-09-27T09:14:40.325,72,0,0
745,107,146.939,2026-09-27T09:17:07.264,72,0,0
745,108,153.696,2026-09-27T09:19:40.96,71,0,0
745,109,164.577,2026-09-27T09:22:25.537,71,0,0
745,110,148.991,2026-09-27T09:24:54.528,71,0,0
745,111,154.997,2026-09-27T09:27:29.525,71,0,0
745,112,158.42,2026-09-27T09:30:07.945,71,0,0
745,113,152.553,2026-09-27T09:32:40.498,70,0,0
745,114,144.569,2026-09-27T09:35:05.067,70,0,0
745,115,157.733,2026-09-27T09:37:42.8,69,0,0
745,116,146.256,2026-09-27T09:40:09.056,69,0,0
745,117,141.414,2026-09-27T09:42:30.47,68,0,0
745,118,148.979,2026-09-27T09:44:59.449,68,0,0
745,119,149.307,2026-09-27T09:47:28.756,67,0,0
745,120,164.188,2026-09-27T09:50:12.944,67,0,0
745,121,147.957,2026-09-27T09:52:40.901,67,0,0
745,122,152.153,2026-09-27T09:55:13.054,67,0,0
745,123,144.873,2026-09-27T09:57:37.927,66,0,0
745,124,142.595,2026-09-27T10:00:00.522,65,0,0
745,125,143.661,2026-09-27T10:02:24.183,64,0,0
745,126,148.339,2026-09-27T10:04:52.522,64,0,0
745,127,142.663,2026-09-27T10:07:15.185,64,0,0
745,128,141.657,2026-09-27T10:09:36.842,63,0,0
745,129,144.636,2026-09-27T10:12:01.478,63,0,0
745,130,147.212,2026-09-27T10:14:28.69,62,0,0
745,131,143.968,2026-09-27T10:16:52.658,62,0,0
745,132,148.523,2026-09-27T10:19:21.181,62,0,0
745,133,149.254,2026-09-27T10:21:50.435,62,0,0
745,134,175.444,2026-09-27T10:24:45.879,62,1,0
745,135,1719.2,2026-09-27T10:53:25.079,62,0,0
745,136,150.731,2026-09-27T10:55:55.81,62,0,0
745,137,395.369,2026-09-27T11:02:31.179,62,1,0
745,138,195.432,2026-09-27T11:05:46.611,62,0,0
745,139,177.945,2026-09-27T11:08:44.556,62,0,0
745,140,157.669,2026-09-27T11:11:22.225,61,0,0
745,141,148.693,2026-09-27T11:13:50.918,61,0,0
745,142,158.762,2026-09-27T11:16:29.68,61,0,0
745,143,150.969,2026-09-27T11:19:00.649,60,0,0
745,144,158.46,2026-09-27T11:21:39.109,60,0,0
745,145,154.986,2026-09-27T11:24:14.095,60,0,0
745,146,148.466,2026-09-27T11:26:42.561,59,0,0
745,147,153.93,2026-09-27T11:29:16.491,59,0,0
745,148,156.145,2026-09-27T11:31:52.636,59,0,0
745,149,171.751,2026-09-27T11:34:44.387,59,0,0
745,150,160.981,2026-09-27T11:37:25.368,59,0,0
745,151,155.928,2026-09-27T11:40:01.296,59,0,0
745,152,156.457,2026-09-27T11:42:37.753,59,0,0
745,153,157.343,2026-09-27T11:45:15.096,59,0,0
745,154,156.032,2026-09-27T11:47:51.128,59,0,0
745,155,156.089,2026-09-27T11:50:27.217,59,0,0
745,156,178.255,2026-09-27T11:53:25.472,59,1,0
745,157,305.508,2026-09-27T11:58:30.98,59,0,0
745,158,153.681,2026-09-27T12:01:04.661,59,0,0
745,159,156.536,2026-09-27T12:03:41.197,59,0,0
745,160,154.107,2026-09-27T12:06:15.304,59,0,0
745,161,163.804,2026-09-27T12:08:59.108,59,0,0
745,162,153.018,2026-09-27T12:11:32.126,59,0,0
745,163,153.345,2026-09-27T12:14:05.471,59,0,0
745,164,147.262,2026-09-27T12:16:32.733,59,0,0
745,165,152.097,2026-09-27T12:19:04.83,59,0,0
745,166,154.787,2026-09-27T12:21:39.617,59,0,0
745,167,398.224,2026-09-27T12:28:17.841,59,1,0
745,168,650.162,2026-09-27T12:39:08.003,59,0,0
745,169,201.033,2026-09-27T12:42:29.036,58,1,0
745,170,415.282,2026-09-27T12:49:24.318,59,0,0
745,171,171.059,2026-09-27T12:52:15.377,58,0,0
745,172,163.601,2026-09-27T12:54:58.978,58,0,0
745,173,170.217,2026-09-27T12:57:49.195,58,0,0
745,174,158.334,2026-09-27T13:00:27.529,58,0,0
745,175,159.903,2026-09-27T13:03:07.432,58,0,0
745,176,161.517,2026-09-27T13:05:48.949,58,0,0
745,177,165.495,2026-09-27T13:08:34.444,58,0,0
745,178,167.307,2026-09-27T13:11:21.751,57,0,0
745,179,161.502,2026-09-27T13:14:03.253,56,0,0
745,180,161.384,2026-09-27T13:16:44.637,56,0,0
745,181,159.698,2026-09-27T13:19:24.335,56,0,0
745,182,163.137,2026-09-27T13:22:07.472,56,0,0
745,183,159.633,2026-09-27T13:24:47.105,56,0,0
745,184,155.478,2026-09-27T13:27:22.583,56,0,0
745,185,159.54,2026-09-27T13:30:02.123,54,0,0
745,186,157.182,2026-09-27T13:32:39.305,52,0,0
745,187,153.3,2026-09-27T13:35:12.605,52,0,0
745,188,164.465,2026-09-27T13:37:57.07,52,0,0
745,189,154.339,2026-09-27T13:40:31.409,52,0,0
745,190,149.035,2026-09-27T13:43:00.444,52,0,0
745,191,154.19,2026-09-27T13:45:34.634,52,0,0
745,192,150.627,2026-09-27T13:48:05.261,52,0,0
745,193,155.497,2026-09-27T13:50:40.758,52,0,0
745,194,223.838,2026-09-27T13:54:24.596,52,1,0
745,195,864.394,2026-09-27T14:08:48.99,53,1,0
745,196,205.442,2026-09-27T14:12:14.432,53,0,0
745,197,151.709,2026-09-27T14:14:46.141,53,0,0
745,198,155.263,2026-09-27T14:17:21.404,53,0,0
745,199,147.909,2026-09-27T14:19:49.313,53,0,0
745,200,159.773,2026-09-27T14:22:29.086,53,0,0
745,201,154.279,2026-09-27T14:25:03.365,53,0,0
745,202,157.01,2026-09-27T14:27:40.375,53,0,0
745,203,160.639,2026-09-27T14:30:21.014,53,0,0
745,204,154.975,2026-09-27T14:32:55.989,53,0,0
745,205,154.102,2026-09-27T14:35:30.091,53,0,0
745,206,153.609,2026-09-27T14:38:03.7,53,0,0
745,207,154.538,2026-09-27T14:40:38.238,53,0,0
745,208,153.522,2026-09-27T14:43:11.76,53,0,0
745,209,147.661,2026-09-27T14:45:39.421,53,0,0
745,210,146.619,2026-09-27T14:48:06.04,53,0,0
745,211,151.956,2026-09-27T14:50:37.996,53,0,0
745,212,148.861,2026-09-27T14:53:06.857,53,0,0
745,213,143.606,2026-09-27T14:55:30.463,53,0,0
745,214,153.002,2026-09-27T14:58:03.465,53,0,0
745,215,165.547,2026-09-27T15:00:49.012,53,0,0
745,216,147.75,2026-09-27T15:03:16.762,52,0,0
745,217,155.777,2026-09-27T15:05:52.539,52,0,0
745,218,158.911,2026-09-27T15:08:31.45,52,0,0
745,219,155.446,2026-09-27T15:11:06.896,52,0,0
745,220,149.567,2026-09-27T15:13:36.463,52,0,0
745,221,148.652,2026-09-27T15:16:05.115,52,0,0
745,222,153.084,2026-09-27T15:18:38.199,52,0,0
745,223,145.199,2026-09-27T15:21:03.398,52,0,0
745,224,142.561,2026-09-27T15:23:25.959,52,0,0
745,225,152.778,2026-09-27T15:25:58.737,52,0,0
745,226,149.993,2026-09-27T15:28:28.73,51,0,0
745,227,149.722,2026-09-27T15:30:58.452,51,0,0
47,1,185.948,2026-09-26T10:04:53.073,8,0,0
47,2,183.721,2026-09-26T10:07:56.794,8,0,0
47,3,171.356,2026-09-26T10:10:48.15,9,0,0
47,4,195.662,2026-09-26T10:14:03.812,10,0,0
47,5,164.424,2026-09-26T10:16:48.236,12,0,0
47,6,171.601,2026-09-26T10:19:39.837,13,0,0
47,7,162.749,2026-09-26T10:22:22.586,13,0,0
47,8,158.842,2026-09-26T10:25:01.428,14,0,0
47,9,156.999,2026-09-26T10:27:38.427,13,0,0
47,10,165.547,2026-09-26T10:30:23.974,12,0,0
47,11,159.468,2026-09-26T10:33:03.442,13,0,0
47,12,158.623,2026-09-26T10:35:42.065,15,0,0
47,13,163.179,2026-09-26T10:38:25.244,15,0,0
47,14,163.326,2026-09-26T10:41:08.57,15,0,0
47,15,163.314,2026-09-26T10:43:51.884,15,0,0
47,16,158.942,2026-09-26T10:46:30.826,15,0,0
47,17,154.823,2026-09-26T10:49:05.649,15,0,0
47,18,153.287,2026-09-26T10:51:38.936,15,0,0
47,19,162.884,2026-09-26T10:54:21.82,15,0,0
47,20,152.768,2026-09-26T10:56:54.588,15,0,0
47,21,154.352,2026-09-26T10:59:28.94,15,0,0
47,22,161.754,2026-09-26T11:02:10.694,15,0,0
47,23,156.166,2026-09-26T11:04:46.86,16,0,0
47,24,163.011,2026-09-26T11:07:29.871,16,0,0
47,25,436.574,2026-09-26T11:14:46.445,33,0,0
47,26,180.034,2026-09-26T11:17:46.479,33,0,0
47,27,163.32,2026-09-26T11:20:29.799,31,0,0
47,28,595.289,2026-09-26T11:30:25.088,43,1,0
47,29,468.217,2026-09-26T11:38:13.305,56,0,0
47,30,182.124,2026-09-26T11:41:15.429,56,0,0
47,31,172.097,2026-09-26T11:44:07.526,56,0,0
47,32,169.355,2026-09-26T11:46:56.881,54,0,0
47,33,156.722,2026-09-26T11:49:33.603,53,0,0
47,34,182.75,2026-09-26T11:52:36.353,50,1,0
47,35,459.173,2026-09-26T12:00:15.526,54,0,0
47,36,160.65,2026-09-26T12:02:56.176,52,0,0
47,37,155.378,2026-09-26T12:05:31.554,51,0,0
47,38,156.372,2026-09-26T12:08:07.926,49,0,0
47,39,163.372,2026-09-26T12:10:51.298,49,0,0
47,40,159.391,2026-09-26T12:13:30.689,48,0,0
47,41,163.277,2026-09-26T12:16:13.966,46,0,0
47,42,206.848,2026-09-26T12:19:40.814,47,1,0
47,43,1141.601,2026-09-26T12:38:42.415,57,0,0
47,44,167.468,2026-09-26T12:41:29.883,57,0,0
47,45,159.788,2026-09-26T12:44:09.671,56,0,0
47,46,158.34,2026-09-26T12:46:48.011,55,0,0
47,47,163.844,2026-09-26T12:49:31.855,55,0,0
47,48,169.857,2026-09-26T12:52:21.712,55,0,0
47,49,179.514,2026-09-26T12:55:21.226,54,1,0
47,50,2604.72,2026-09-26T13:38:45.946,70,0,0
47,51,154.438,2026-09-26T13:41:20.384,70,0,0
47,52,158.784,2026-09-26T13:43:59.168,69,0,0
47,53,158.427,2026-09-26T13:46:37.595,69,0,0
47,54,169.624,2026-09-26T13:49:27.219,68,0,0
47,55,160.464,2026-09-26T13:52:07.683,67,0,0
47,56,160.599,2026-09-26T13:54:48.282,67,0,0
47,57,159.424,2026-09-26T13:57:27.706,66,0,0
47,58,158.107,2026-09-26T14:00:05.813,66,0,0
47,59,166.694,2026-09-26T14:02:52.507,64,0,0
47,60,155.869,2026-09-26T14:05:28.376,63,0,0
47,61,155.329,2026-09-26T14:08:03.705,62,0,0
47,62,172.776,2026-09-26T14:10:56.481,61,1,0
47,63,625.795,2026-09-26T14:21:22.276,63,0,0
47,64,180.153,2026-09-26T14:24:22.429,63,0,0
47,65,174.338,2026-09-26T14:27:16.767,62,0,0
47,66,185.437,2026-09-26T14:30:22.204,62,0,0
47,67,171.241,2026-09-26T14:33:13.445,62,0,0
47,68,164.058,2026-09-26T14:35:57.503,62,0,0
47,69,174.242,2026-09-26T14:38:51.745,62,0,0
47,70,174.448,2026-09-26T14:41:46.193,61,0,0
47,71,179.674,2026-09-26T14:44:45.867,59,0,0
47,72,166.245,2026-09-26T14:47:32.112,58,0,0
47,73,173.687,2026-09-26T14:50:25.799,58,0,0
47,74,166.089,2026-09-26T14:53:11.888,57,0,0
47,75,183.936,2026-09-26T14:56:15.824,56,0,0
47,76,175.831,2026-09-26T14:59:11.655,56,0,0
47,77,164.73,2026-09-26T15:01:56.385,55,0,0
47,78,159.813,2026-09-26T15:04:36.198,53,0,0
47,79,165.004,2026-09-26T15:07:21.202,52,0,0
47,80,159.656,2026-09-26T15:10:00.858,52,0,0
47,81,172.72,2026-09-26T15:12:53.578,52,0,0
47,82,188.165,2026-09-26T15:16:01.743,51,0,0
47,83,1126.419,2026-09-26T15:34:48.162,56,0,0
47,84,171.321,2026-09-26T15:37:39.483,54,0,0
47,85,168.071,2026-09-26T15:40:27.554,53,0,0
47,86,158.889,2026-09-26T15:43:06.443,53,0,0
47,87,163.326,2026-09-26T15:45:49.769,52,0,0
47,88,159.029,2026-09-26T15:48:28.798,52,0,0
47,89,175.415,2026-09-26T15:51:24.213,51,0,0
47,90,173.196,2026-09-26T15:54:17.409,51,0,0
47,91,181.944,2026-09-26T15:57:19.353,51,0,1
47,92,274.877,2026-09-26T16:01:54.23,51,0,1
47,93,223.831,2026-09-26T16:05:38.061,49,0,1
47,94,242.873,2026-09-26T16:09:40.934,49,0,1
47,95,235.448,2026-09-26T16:13:36.382,49,0,1
47,96,276.596,2026-09-26T16:18:12.978,49,1,0
47,97,1818.034,2026-09-26T16:48:31.012,58,0,0
47,98,162.358,2026-09-26T16:51:13.37,58,0,0
47,99,169.711,2026-09-26T16:54:03.081,58,0,0
47,100,160.904,2026-09-26T16:56:43.985,58,0,0
47,101,157.654,2026-09-26T16:59:21.639,58,0,0
47,102,159.715,2026-09-26T17:02:01.354,58,0,0
47,103,164.333,2026-09-26T17:04:45.687,58,0,0
47,104,162.29,2026-09-26T17:07:27.977,58,0,0
47,105,191.91,2026-09-26T17:10:39.887,58,1,0
47,106,487.415,2026-09-26T17:18:47.302,58,0,0
47,107,180.53,2026-09-26T17:21:47.832,57,1,0
47,108,373.024,2026-09-26T17:28:00.856,58,0,0
47,109,155.482,2026-09-26T17:30:36.338,58,0,0
47,110,155.916,2026-09-26T17:33:12.254,58,0,0
47,111,158.895,2026-09-26T17:35:51.149,58,0,0
47,112,176.68,2026-09-26T17:38:47.829,58,0,0
47,113,163.87,2026-09-26T17:41:31.699,57,0,0
47,114,161.255,2026-09-26T17:44:12.954,57,0,0
47,115,184.94,2026-09-26T17:47:17.894,57,1,0
47,116,54628.244,2026-09-27T08:57:46.138,61,0,0
47,117,172.332,2026-09-27T09:00:38.47,60,0,0
47,118,182.081,2026-09-27T09:03:40.551,59,0,0
47,119,166.036,2026-09-27T09:06:26.587,58,0,0
47,120,166.618,2026-09-27T09:09:13.205,58,0,0
47,121,165.538,2026-09-27T09:11:58.743,58,0,0
47,122,155.423,2026-09-27T09:14:34.166,58,0,0
47,123,154.944,2026-09-27T09:17:09.11,57,0,0
47,124,158.652,2026-09-27T09:19:47.762,57,0,0
47,125,179.783,2026-09-27T09:22:47.545,57,0,0
47,126,158.112,2026-09-27T09:25:25.657,56,0,0
47,127,175.769,2026-09-27T09:28:21.426,56,0,0
47,128,159.808,2026-09-27T09:31:01.234,55,0,0
47,129,164.36,2026-09-27T09:33:45.594,55,0,0
47,130,157.908,2026-09-27T09:36:23.502,55,0,0
47,131,153.593,2026-09-27T09:38:57.095,55,0,0
47,132,171.827,2026-09-27T09:41:48.922,55,1,0
47,133,1863.917,2026-09-27T10:12:52.839,61,0,0
47,134,153.831,2026-09-27T10:15:26.67,61,0,0
47,135,157.175,2026-09-27T10:18:03.845,61,0,0
47,136,155.269,2026-09-27T10:20:39.114,61,0,0
47,137,153.972,2026-09-27T10:23:13.086,61,0,0
47,138,1199.587,2026-09-27T10:43:12.673,61,0,0
47,139,171.071,2026-09-27T10:46:03.744,61,0,0
47,140,158.15,2026-09-27T10:48:41.894,60,0,0
47,141,169.284,2026-09-27T10:51:31.178,59,0,0
47,142,166.596,2026-09-27T10:54:17.774,59,0,0
47,143,167.674,2026-09-27T10:57:05.448,58,0,0
47,144,157.209,2026-09-27T10:59:42.657,57,0,0
47,145,164.832,2026-09-27T11:02:27.489,57,0,0
47,146,158.222,2026-09-27T11:05:05.711,57,0,0
47,147,164.712,2026-09-27T11:07:50.423,57,0,0
47,148,551.877,2026-09-27T11:17:02.3,58,1,0
47,149,180.958,2026-09-27T11:20:03.258,58,0,0
47,150,154.519,2026-09-27T11:22:37.777,58,0,0
47,151,153.206,2026-09-27T11:25:10.983,58,0,0
47,152,162.572,2026-09-27T11:27:53.555,58,0,0
47,153,166.988,2026-09-27T11:30:40.543,58,0,0
47,154,165.966,2026-09-27T11:33:26.509,58,0,0
47,155,160.076,2026-09-27T11:36:06.585,58,0,0
47,156,152.494,2026-09-27T11:38:39.079,58,0,0
47,157,151.354,2026-09-27T11:41:10.433,58,0,0
47,158,155.548,2026-09-27T11:43:45.981,58,0,0
47,159,162.307,2026-09-27T11:46:28.288,58,0,0
47,160,159.51,2026-09-27T11:49:07.798,58,0,0
47,161,152.402,2026-09-27T11:51:40.2,58,0,0
47,162,153.613,2026-09-27T11:54:13.813,58,0,0
47,163,158.179,2026-09-27T11:56:51.992,58,0,0
47,164,163.402,2026-09-27T11:59:35.394,58,0,0
47,165,166.857,2026-09-27T12:02:22.251,57,0,0
47,166,157.831,2026-09-27T12:05:00.082,56,0,0
47,167,168.636,2026-09-27T12:07:48.718,56,0,0
47,168,158.773,2026-09-27T12:10:27.491,56,0,0
47,169,155.573,2026-09-27T12:13:03.064,56,0,0
47,170,153.423,2026-09-27T12:15:36.487,56,0,0
47,171,472.963,2026-09-27T12:23:29.45,56,1,0
47,172,216.993,2026-09-27T12:27:06.443,56,0,0
47,173,164.048,2026-09-27T12:29:50.491,56,0,0
47,174,156.547,2026-09-27T12:32:27.038,56,0,0
47,175,160.045,2026-09-27T12:35:07.083,56,0,0
47,176,1703.54,2026-09-27T13:03:30.623,56,0,0
47,177,158.782,2026-09-27T13:06:09.405,56,0,0
47,178,157.459,2026-09-27T13:08:46.864,55,0,0
47,179,160.416,2026-09-27T13:11:27.28,54,0,0
47,180,168.159,2026-09-27T13:14:15.439,55,0,0
47,181,155.166,2026-09-27T13:16:50.605,55,0,0
47,182,154.765,2026-09-27T13:19:25.37,55,0,0
47,183,163.032,2026-09-27T13:22:08.402,55,0,0
47,184,160.077,2026-09-27T13:24:48.479,54,0,0
47,185,155.021,2026-09-27T13:27:23.5,53,0,0
47,186,490.024,2026-09-27T13:35:33.524,53,1,0
47,187,190.683,2026-09-27T13:38:44.207,53,0,0
47,188,178.778,2026-09-27T13:41:42.985,53,0,0
47,189,163.433,2026-09-27T13:44:26.418,53,0,0
47,190,166.142,2026-09-27T13:47:12.56,53,0,0
47,191,152.591,2026-09-27T13:49:45.151,53,0,0
47,192,179.961,2026-09-27T13:52:45.112,53,0,0
47,193,151.56,2026-09-27T13:55:16.672,53,0,0
47,194,163.439,2026-09-27T13:58:00.111,53,0,0
47,195,156.065,2026-09-27T14:00:36.176,52,0,0
47,196,155.079,2026-09-27T14:03:11.255,52,0,0
47,197,160.396,2026-09-27T14:05:51.651,52,0,0
47,198,157.054,2026-09-27T14:08:28.705,52,0,0
47,199,163.673,2026-09-27T14:11:12.378,52,0,0
47,200,159.926,2026-09-27T14:13:52.304,52,0,0
47,201,161.493,2026-09-27T14:16:33.797,52,0,0
47,202,158.09,2026-09-27T14:19:11.887,52,0,0
47,203,161.949,2026-09-27T14:21:53.836,52,0,0
47,204,155.888,2026-09-27T14:24:29.724,52,0,0
47,205,162.354,2026-09-27T14:27:12.078,52,0,0
47,206,158.728,2026-09-27T14:29:50.806,52,0,0
47,207,166.463,2026-09-27T14:32:37.269,51,0,0
47,208,168.431,2026-09-27T14:35:25.7,51,0,0
47,209,413.085,2026-09-27T14:42:18.785,52,1,0
47,210,195.893,2026-09-27T14:45:34.678,52,0,0
47,211,162.097,2026-09-27T14:48:16.775,52,0,0
47,212,156.467,2026-09-27T14:50:53.242,52,0,0
47,213,163.569,2026-09-27T14:53:36.811,52,0,0
47,214,173.232,2026-09-27T14:56:30.043,52,0,0
47,215,168.362,2026-09-27T14:59:18.405,52,0,0
47,216,152.195,2026-09-27T15:01:50.6,51,0,0
47,217,153.455,2026-09-27T15:04:24.055,51,0,0
47,218,159.014,2026-09-27T15:07:03.069,51,0,0
47,219,155.805,2026-09-27T15:09:38.874,51,0,0
47,220,165.65,2026-09-27T15:12:24.524,51,0,0
47,221,171.679,2026-09-27T15:15:16.203,51,0,0
47,222,161.294,2026-09-27T15:17:57.497,51,0,0
47,223,155.052,2026-09-27T15:20:32.549,51,0,0
47,224,159.289,2026-09-27T15:23:11.838,51,0,0
47,225,166.248,2026-09-27T15:25:58.086,51,0,0
47,226,166.04,2026-09-27T15:28:44.126,52,0,0
47,227,168.849,2026-09-27T15:31:32.975,52,0,0
702,1,168.233,2026-09-26T10:06:48.074,52,0,0
702,2,167.617,2026-09-26T10:09:35.691,52,0,0
702,3,194.114,2026-09-26T10:12:49.805,51,0,0
702,4,172.444,2026-09-26T10:15:42.249,51,0,0
702,5,200.651,2026-09-26T10:19:02.9,50,0,0
702,6,182.862,2026-09-26T10:22:05.762,52,0,0
702,7,172.409,2026-09-26T10:24:58.171,53,0,0
702,8,165.531,2026-09-26T10:27:43.702,51,0,0
702,9,176.134,2026-09-26T10:30:39.836,52,0,0
702,10,168.074,2026-09-26T10:33:27.91,53,0,0
702,11,166.62,2026-09-26T10:36:14.53,49,0,0
702,12,163.357,2026-09-26T10:38:57.887,46,0,0
702,13,163.694,2026-09-26T10:41:41.581,46,0,0
702,14,164.608,2026-09-26T10:44:26.189,43,0,0
702,15,414.896,2026-09-26T10:51:21.085,58,1,0
702,16,210.837,2026-09-26T10:54:51.922,56,0,0
702,17,168.636,2026-09-26T10:57:40.558,55,0,0
702,18,185.579,2026-09-26T11:00:46.137,54,0,0
702,19,157.097,2026-09-26T11:03:23.234,51,0,0
702,20,156.282,2026-09-26T11:05:59.516,51,0,0
702,21,163.034,2026-09-26T11:08:42.55,49,0,0
702,22,169.326,2026-09-26T11:11:31.876,47,0,0
702,23,159.73,2026-09-26T11:14:11.606,44,0,0
702,24,164.471,2026-09-26T11:16:56.077,44,0,0
702,25,161.8,2026-09-26T11:19:37.877,43,0,0
702,26,163.372,2026-09-26T11:22:21.249,42,0,0
702,27,161.638,2026-09-26T11:25:02.887,41,0,0
702,28,158.143,2026-09-26T11:27:41.03,40,0,0
702,29,156.877,2026-09-26T11:30:17.907,40,0,0
702,30,161.765,2026-09-26T11:32:59.672,40,0,0
702,31,163.928,2026-09-26T11:35:43.6,39,0,0
702,32,169.419,2026-09-26T11:38:33.019,39,0,0
702,33,175.297,2026-09-26T11:41:28.316,38,0,0
702,34,186.529,2026-09-26T11:44:34.845,37,0,0
702,35,177.977,2026-09-26T11:47:32.822,35,0,0
702,36,163.233,2026-09-26T11:50:16.055,34,0,0
702,37,208.568,2026-09-26T11:53:44.623,33,1,0
702,38,1605.698,2026-09-26T12:20:30.321,63,0,0
702,39,186.945,2026-09-26T12:23:37.266,62,0,0
702,40,173.473,2026-09-26T12:26:30.739,60,0,0
702,41,174.838,2026-09-26T12:29:25.577,58,0,0
702,42,181.665,2026-09-26T12:32:27.242,57,0,0
702,43,172.581,2026-09-26T12:35:19.823,55,0,0
702,44,176.378,2026-09-26T12:38:16.201,55,0,0
702,45,176.756,2026-09-26T12:41:12.957,54,0,0
702,46,170.978,2026-09-26T12:44:03.935,53,0,0
702,47,172.016,2026-09-26T12:46:55.951,53,0,0
702,48,167.58,2026-09-26T12:49:43.531,53,0,0
702,49,170.364,2026-09-26T12:52:33.895,52,0,0
702,50,176.114,2026-09-26T12:55:30.009,52,0,0
702,51,170.796,2026-09-26T12:58:20.805,52,0,0
702,52,191.542,2026-09-26T13:01:32.347,52,1,0
702,53,229.348,2026-09-26T13:05:21.695,53,0,0
702,54,194.556,2026-09-26T13:08:36.251,52,1,0
702,55,391.709,2026-09-26T13:15:07.96,52,0,0
702,56,177.721,2026-09-26T13:18:05.681,51,0,0
702,57,168.824,2026-09-26T13:20:54.505,51,0,0
702,58,170.112,2026-09-26T13:23:44.617,51,0,0
702,59,187.916,2026-09-26T13:26:52.533,50,0,0
702,60,3147.615,2026-09-26T14:19:20.148,67,0,0
702,61,172.905,2026-09-26T14:22:13.053,67,0,0
702,62,169.65,2026-09-26T14:25:02.703,66,0,0
702,63,173.738,2026-09-26T14:27:56.441,66,0,0
702,64,172.732,2026-09-26T14:30:49.173,66,0,0
702,65,179.45,2026-09-26T14:33:48.623,66,0,0
702,66,173.453,2026-09-26T14:36:42.076,66,0,0
702,67,176.218,2026-09-26T14:39:38.294,66,0,0
702,68,192.337,2026-09-26T14:42:50.631,66,1,0
702,69,458.632,2026-09-26T14:50:29.263,67,0,0
702,70,183.546,2026-09-26T14:53:32.809,65,0,0
702,71,164.471,2026-09-26T14:56:17.28,63,0,0
702,72,172.687,2026-09-26T14:59:09.967,63,0,0
702,73,161.684,2026-09-26T15:01:51.651,62,0,0
702,74,162.91,2026-09-26T15:04:34.561,61,0,0
702,75,160.622,2026-09-26T15:07:15.183,60,0,0
702,76,164.62,2026-09-26T15:09:59.803,60,0,0
702,77,169.208,2026-09-26T15:12:49.011,59,0,0
702,78,184.844,2026-09-26T15:15:53.855,58,0,0
702,79,189.092,2026-09-26T15:19:02.947,58,0,0
702,80,165.165,2026-09-26T15:21:48.112,58,0,0
702,81,162.351,2026-09-26T15:24:30.463,57,0,0
702,82,157.938,2026-09-26T15:27:08.401,57,0,0
702,83,211.249,2026-09-26T15:30:39.65,54,0,0
702,84,208.967,2026-09-26T15:34:08.617,52,0,0
702,85,162.851,2026-09-26T15:36:51.468,50,0,0
702,86,180.911,2026-09-26T15:39:52.379,52,1,0
702,87,405.409,2026-09-26T15:46:37.788,54,1,0
702,88,7394.25,2026-09-26T17:49:52.038,75,0,0
702,89,204.076,2026-09-26T17:53:16.114,75,0,1
702,90,233.352,2026-09-26T17:57:09.466,75,0,1
702,91,299.542,2026-09-26T18:02:09.008,75,0,1
702,92,53709.044,2026-09-27T08:57:18.052,75,0,0
702,93,179.074,2026-09-27T09:00:17.126,75,0,0
702,94,172.443,2026-09-27T09:03:09.569,75,0,0
702,95,164.865,2026-09-27T09:05:54.434,75,0,0
702,96,177.564,2026-09-27T09:08:51.998,75,0,0
702,97,169.705,2026-09-27T09:11:41.703,75,0,0
702,98,172.982,2026-09-27T09:14:34.685,75,0,0
702,99,165.474,2026-09-27T09:17:20.159,75,0,0
702,100,175.39,2026-09-27T09:20:15.549,75,0,0
702,101,171.893,2026-09-27T09:23:07.442,75,0,0
702,102,169.297,2026-09-27T09:25:56.739,75,0,0
702,103,211.315,2026-09-27T09:29:28.054,75,1,0
702,104,331.799,2026-09-27T09:34:59.853,75,0,0
702,105,175.647,2026-09-27T09:37:55.5,75,0,0
702,106,170.297,2026-09-27T09:40:45.797,75,0,0
702,107,185.081,2026-09-27T09:43:50.878,75,0,0
702,108,177.822,2026-09-27T09:46:48.7,74,0,0
702,109,170.796,2026-09-27T09:49:39.496,74,0,0
702,110,172.384,2026-09-27T09:52:31.88,74,0,0
702,111,177.698,2026-09-27T09:55:29.578,74,0,0
702,112,160.675,2026-09-27T09:58:10.253,74,0,0
702,113,158.304,2026-09-27T10:00:48.557,73,0,0
702,114,163.367,2026-09-27T10:03:31.924,73,0,0
702,115,169.787,2026-09-27T10:06:21.711,73,0,0
702,116,163.91,2026-09-27T10:09:05.621,73,0,0
702,117,165.171,2026-09-27T10:11:50.792,72,0,0
702,118,164.235,2026-09-27T10:14:35.027,72,0,0
702,119,162.368,2026-09-27T10:17:17.395,71,0,0
702,120,169.899,2026-09-27T10:20:07.294,71,0,0
702,121,160.173,2026-09-27T10:22:47.467,71,0,0
702,122,1190.716,2026-09-27T10:42:38.183,71,0,1
702,123,181.15,2026-09-27T10:45:39.333,70,0,0
702,124,168.746,2026-09-27T10:48:28.079,70,0,0
702,125,166.324,2026-09-27T10:51:14.403,69,0,0
702,126,164.247,2026-09-27T10:53:58.65,69,0,0
702,127,159.949,2026-09-27T10:56:38.599,68,0,0
702,128,168.741,2026-09-27T10:59:27.34,67,0,0
702,129,162.732,2026-09-27T11:02:10.072,67,0,0
702,130,162.224,2026-09-27T11:04:52.296,66,0,0
702,131,162.331,2026-09-27T11:07:34.627,65,0,0
702,132,160.197,2026-09-27T11:10:14.824,65,0,0
702,133,166.159,2026-09-27T11:13:00.983,65,0,0
702,134,169.836,2026-09-27T11:15:50.819,65,0,0
702,135,190.524,2026-09-27T11:19:01.343,65,1,0
702,136,614.513,2026-09-27T11:29:15.856,65,1,0
702,137,206.21,2026-09-27T11:32:42.066,65,0,0
702,138,166.503,2026-09-27T11:35:28.569,65,0,0
702,139,161.212,2026-09-27T11:38:09.781,65,0,0
702,140,163.258,2026-09-27T11:40:53.039,64,0,0
702,141,161.435,2026-09-27T11:43:34.474,64,0,0
702,142,174.655,2026-09-27T11:46:29.129,64,0,0
702,143,164.677,2026-09-27T11:49:13.806,64,0,0
702,144,172.512,2026-09-27T11:52:06.318,64,0,0
702,145,169.048,2026-09-27T11:54:55.366,64,0,0
702,146,160.963,2026-09-27T11:57:36.329,64,0,0
702,147,159.515,2026-09-27T12:00:15.844,63,0,0
702,148,163.272,2026-09-27T12:02:59.116,63,0,0
702,149,166.98,2026-09-27T12:05:46.096,63,0,0
702,150,163.641,2026-09-27T12:08:29.737,63,0,0
702,151,160.187,2026-09-27T12:11:09.924,63,0,0
702,152,158.902,2026-09-27T12:13:48.826,63,0,0
702,153,161.759,2026-09-27T12:16:30.585,63,0,0
702,154,162.361,2026-09-27T12:19:12.946,63,0,0
702,155,161.618,2026-09-27T12:21:54.564,63,0,0
702,156,160.552,2026-09-27T12:24:35.116,62,0,0
702,157,165.225,2026-09-27T12:27:20.341,62,0,0
702,158,161.739,2026-09-27T12:30:02.08,62,0,0
702,159,165.348,2026-09-27T12:32:47.428,62,0,0
702,160,157.573,2026-09-27T12:35:25.001,62,0,0
702,161,170.586,2026-09-27T12:38:15.587,62,0,0
702,162,164.205,2026-09-27T12:40:59.792,62,0,0
702,163,175.999,2026-09-27T12:43:55.791,62,0,0
702,164,159.621,2026-09-27T12:46:35.412,62,0,0
702,165,158.865,2026-09-27T12:49:14.277,62,0,0
702,166,159.414,2026-09-27T12:51:53.691,62,0,0
702,167,157.21,2026-09-27T12:54:30.901,62,0,0
702,168,175.409,2026-09-27T12:57:26.31,62,0,0
702,169,157.784,2026-09-27T13:00:04.094,61,0,0
702,170,161.548,2026-09-27T13:02:45.642,60,0,0
702,171,156.515,2026-09-27T13:05:22.157,59,0,0
702,172,160.094,2026-09-27T13:08:02.251,59,0,0
702,173,163.269,2026-09-27T13:10:45.52,59,0,0
702,174,422.419,2026-09-27T13:17:47.939,60,1,0
702,175,215.172,2026-09-27T13:21:23.111,60,0,0
702,176,170.491,2026-09-27T13:24:13.602,60,0,0
702,177,165.168,2026-09-27T13:26:58.77,60,0,0
702,178,164.323,2026-09-27T13:29:43.093,59,0,0
702,179,161.244,2026-09-27T13:32:24.337,58,0,0
702,180,165.046,2026-09-27T13:35:09.383,57,0,0
702,181,166.558,2026-09-27T13:37:55.941,57,0,0
702,182,169.174,2026-09-27T13:40:45.115,57,0,0
702,183,160.882,2026-09-27T13:43:25.997,57,0,0
702,184,158.05,2026-09-27T13:46:04.047,57,0,0
702,185,160.097,2026-09-27T13:48:44.144,55,0,0
702,186,161.24,2026-09-27T13:51:25.384,54,0,0
702,187,177.426,2026-09-27T13:54:22.81,54,0,0
702,188,164.658,2026-09-27T13:57:07.468,55,0,0
702,189,167.691,2026-09-27T13:59:55.159,55,0,0
702,190,160.851,2026-09-27T14:02:36.01,54,0,0
702,191,160.326,2026-09-27T14:05:16.336,54,0,0
702,192,159.733,2026-09-27T14:07:56.069,54,0,0
702,193,163.83,2026-09-27T14:10:39.899,54,0,0
702,194,164.565,2026-09-27T14:13:24.464,54,0,0
702,195,164.793,2026-09-27T14:16:09.257,54,0,0
702,196,163.737,2026-09-27T14:18:52.994,54,0,0
702,197,160.33,2026-09-27T14:21:33.324,54,0,0
702,198,167.895,2026-09-27T14:24:21.219,54,0,0
702,199,168.696,2026-09-27T14:27:09.915,54,0,0
702,200,167.717,2026-09-27T14:29:57.632,54,0,0
702,201,167.578,2026-09-27T14:32:45.21,54,0,0
702,202,165.192,2026-09-27T14:35:30.402,54,0,0
702,203,165.959,2026-09-27T14:38:16.361,54,0,0
702,204,165.379,2026-09-27T14:41:01.74,54,0,0
702,205,168.05,2026-09-27T14:43:49.79,54,0,0
702,206,167.633,2026-09-27T14:46:37.423,54,0,0
702,207,163.816,2026-09-27T14:49:21.239,54,0,0
702,208,164.977,2026-09-27T14:52:06.216,54,0,0
702,209,347.342,2026-09-27T14:57:53.558,54,1,0
702,210,193.904,2026-09-27T15:01:07.462,54,0,0
702,211,205.11,2026-09-27T15:04:32.572,54,1,0
702,212,466.145,2026-09-27T15:12:18.717,54,0,0
702,213,165.353,2026-09-27T15:15:04.07,54,0,0
702,214,165.57,2026-09-27T15:17:49.64,54,0,0
702,215,165.291,2026-09-27T15:20:34.931,54,0,0
702,216,161.717,2026-09-27T15:23:16.648,53,0,0
702,217,163.936,2026-09-27T15:26:00.584,53,0,0
702,218,162.801,2026-09-27T15:28:43.385,53,0,0
702,219,168.388,2026-09-27T15:31:31.773,53,0,0
404,1,214.49,2026-09-26T10:05:25.516,21,0,0
404,2,199.156,2026-09-26T10:08:44.672,28,0,0
404,3,202.047,2026-09-26T10:12:06.719,34,0,0
404,4,192.623,2026-09-26T10:15:19.342,36,0,0
404,5,202.191,2026-09-26T10:18:41.533,35,0,0
404,6,187.751,2026-09-26T10:21:49.284,40,0,0
404,7,181.808,2026-09-26T10:24:51.092,50,0,0
404,8,168.626,2026-09-26T10:27:39.718,48,0,0
404,9,177.944,2026-09-26T10:30:37.662,48,0,0
404,10,166.436,2026-09-26T10:33:24.098,48,0,0
404,11,169.151,2026-09-26T10:36:13.249,48,0,0
404,12,202.158,2026-09-26T10:39:35.407,53,1,0
404,13,1307.497,2026-09-26T11:01:22.904,79,0,0
404,14,196.886,2026-09-26T11:04:39.79,79,0,0
404,15,180.758,2026-09-26T11:07:40.548,79,0,0
404,16,183.259,2026-09-26T11:10:43.807,80,0,0
404,17,195.655,2026-09-26T11:13:59.462,78,0,0
404,18,177.415,2026-09-26T11:16:56.877,78,0,0
404,19,171.62,2026-09-26T11:19:48.497,78,0,0
404,20,170.547,2026-09-26T11:22:39.044,77,0,0
404,21,171.828,2026-09-26T11:25:30.872,76,0,0
404,22,177.045,2026-09-26T11:28:27.917,76,0,0
404,23,181.398,2026-09-26T11:31:29.315,76,1,0
404,24,593.968,2026-09-26T11:41:23.283,77,0,0
404,25,190.541,2026-09-26T11:44:33.824,77,0,0
404,26,206.826,2026-09-26T11:48:00.65,77,0,0
404,27,218.944,2026-09-26T11:51:39.594,76,1,0
404,28,573.987,2026-09-26T12:01:13.581,78,1,0
404,29,669.707,2026-09-26T12:12:23.288,80,0,0
404,30,178.295,2026-09-26T12:15:21.583,79,0,0
404,31,173.592,2026-09-26T12:18:15.175,79,0,0
404,32,185.741,2026-09-26T12:21:20.916,78,0,0
404,33,177.623,2026-09-26T12:24:18.539,77,0,0
404,34,175.034,2026-09-26T12:27:13.573,76,0,0
404,35,164.022,2026-09-26T12:29:57.595,76,0,0
404,36,161.693,2026-09-26T12:32:39.288,75,0,0
404,37,176.049,2026-09-26T12:35:35.337,74,0,0
404,38,201.483,2026-09-26T12:38:56.82,73,1,0
404,39,841.918,2026-09-26T12:52:58.738,76,0,0
404,40,182.768,2026-09-26T12:56:01.506,74,0,0
404,41,183.86,2026-09-26T12:59:05.366,72,0,0
404,42,164.952,2026-09-26T13:01:50.318,72,0,0
404,43,169.75,2026-09-26T13:04:40.068,69,0,0
404,44,168.169,2026-09-26T13:07:28.237,69,0,0
404,45,172.045,2026-09-26T13:10:20.282,68,0,0
404,46,167.584,2026-09-26T13:13:07.866,68,0,0
404,47,168.714,2026-09-26T13:15:56.58,67,0,0
404,48,159.419,2026-09-26T13:18:35.999,66,0,0
404,49,161.902,2026-09-26T13:21:17.901,66,0,0
404,50,161.871,2026-09-26T13:23:59.772,64,0,0
404,51,159.387,2026-09-26T13:26:39.159,64,0,0
404,52,175.731,2026-09-26T13:29:34.89,64,0,0
404,53,188.002,2026-09-26T13:32:42.892,64,1,0
404,54,1314.685,2026-09-26T13:54:37.577,71,0,0
404,55,169.826,2026-09-26T13:57:27.403,70,0,0
404,56,165.098,2026-09-26T14:00:12.501,70,0,0
404,57,169.471,2026-09-26T14:03:01.972,69,0,0
404,58,166.551,2026-09-26T14:05:48.523,69,0,0
404,59,199.907,2026-09-26T14:09:08.43,66,1,0
404,60,879.128,2026-09-26T14:23:47.558,69,0,0
404,61,166.092,2026-09-26T14:26:33.65,69,0,0
404,62,166.643,2026-09-26T14:29:20.293,68,0,0
404,63,162.871,2026-09-26T14:32:03.164,68,0,0
404,64,164.688,2026-09-26T14:34:47.852,68,0,0
404,65,195.225,2026-09-26T14:38:03.077,68,1,0
404,66,998.74,2026-09-26T14:54:41.817,72,0,0
404,67,174.778,2026-09-26T14:57:36.595,72,0,0
404,68,173.288,2026-09-26T15:00:29.883,72,0,0
404,69,166.1,2026-09-26T15:03:15.983,72,0,0
404,70,162.777,2026-09-26T15:05:58.76,70,0,0
404,71,212.799,2026-09-26T15:09:31.559,68,1,0
404,72,420.569,2026-09-26T15:16:32.128,68,0,0
404,73,188.265,2026-09-26T15:19:40.393,67,0,0
404,74,157.586,2026-09-26T15:22:17.979,66,0,0
404,75,171.066,2026-09-26T15:25:09.045,65,0,0
404,76,162.254,2026-09-26T15:27:51.299,65,0,0
404,77,198.786,2026-09-26T15:31:10.085,65,0,0
404,78,236.527,2026-09-26T15:35:06.612,64,1,0
404,79,683.693,2026-09-26T15:46:30.305,65,0,0
404,80,174.218,2026-09-26T15:49:24.523,65,0,0
404,81,175.741,2026-09-26T15:52:20.264,64,0,0
404,82,176.815,2026-09-26T15:55:17.079,64,0,0
404,83,296.836,2026-09-26T16:00:13.915,63,0,1
404,84,242.924,2026-09-26T16:04:16.839,63,0,1
404,85,215.734,2026-09-26T16:07:52.573,63,0,1
404,86,234.421,2026-09-26T16:11:46.994,63,0,1
404,87,247.848,2026-09-26T16:15:54.842,63,0,1
404,88,191.301,2026-09-26T16:19:06.143,62,0,0
404,89,160.589,2026-09-26T16:21:46.732,62,0,0
404,90,159.782,2026-09-26T16:24:26.514,62,0,0
404,91,184.694,2026-09-26T16:27:31.208,62,1,0
404,92,602.228,2026-09-26T16:37:33.436,62,0,0
404,93,177.672,2026-09-26T16:40:31.108,62,0,0
404,94,167.292,2026-09-26T16:43:18.4,61,0,0
404,95,169.082,2026-09-26T16:46:07.482,59,0,0
404,96,169.916,2026-09-26T16:48:57.398,59,0,0
404,97,162.799,2026-09-26T16:51:40.197,59,0,0
404,98,169.888,2026-09-26T16:54:30.085,59,0,0
404,99,168.83,2026-09-26T16:57:18.915,59,0,0
404,100,159.793,2026-09-26T16:59:58.708,59,0,0
404,101,162.854,2026-09-26T17:02:41.562,59,0,0
404,102,164.907,2026-09-26T17:05:26.469,59,0,0
404,103,169.261,2026-09-26T17:08:15.73,59,0,0
404,104,215.984,2026-09-26T17:11:51.714,59,1,0
404,105,1241.94,2026-09-26T17:32:33.654,64,0,0
404,106,161.25,2026-09-26T17:35:14.904,64,0,0
404,107,153.291,2026-09-26T17:37:48.195,63,0,0
404,108,159.35,2026-09-26T17:40:27.545,62,0,0
404,109,165.215,2026-09-26T17:43:12.76,62,0,0
404,110,168.671,2026-09-26T17:46:01.431,62,0,0
404,111,166.114,2026-09-26T17:48:47.545,62,0,0
404,112,206.297,2026-09-26T17:52:13.842,62,0,1
404,113,262.373,2026-09-26T17:56:36.215,61,0,1
404,114,284.221,2026-09-26T18:01:20.436,61,0,1
404,115,278.988,2026-09-26T18:05:59.424,61,0,1
404,116,53503.048,2026-09-27T08:57:42.472,60,0,0
404,117,172.992,2026-09-27T09:00:35.464,59,0,0
404,118,186.624,2026-09-27T09:03:42.088,60,0,0
404,119,169.969,2026-09-27T09:06:32.057,59,0,0
404,120,163.152,2026-09-27T09:09:15.209,59,0,0
404,121,176.436,2026-09-27T09:12:11.645,59,0,0
404,122,177.538,2026-09-27T09:15:09.183,59,0,0
404,123,200.632,2026-09-27T09:18:29.815,58,1,0
404,124,360.302,2026-09-27T09:24:30.117,59,0,0
404,125,165.342,2026-09-27T09:27:15.459,59,0,0
404,126,169.34,2026-09-27T09:30:04.799,59,0,0
404,127,171.964,2026-09-27T09:32:56.763,59,0,0
404,128,167.148,2026-09-27T09:35:43.911,58,0,0
404,129,164.24,2026-09-27T09:38:28.151,58,0,0
404,130,162.873,2026-09-27T09:41:11.024,57,0,0
404,131,199.115,2026-09-27T09:44:30.139,57,1,0
404,132,685.003,2026-09-27T09:55:55.142,58,0,0
404,133,165.245,2026-09-27T09:58:40.387,57,0,0
404,134,166.238,2026-09-27T10:01:26.625,56,0,0
404,135,161.772,2026-09-27T10:04:08.397,56,0,0
404,136,167.57,2026-09-27T10:06:55.967,56,0,0
404,137,160.616,2026-09-27T10:09:36.583,56,0,0
404,138,158.349,2026-09-27T10:12:14.932,56,0,0
404,139,163.131,2026-09-27T10:14:58.063,56,0,0
404,140,155.544,2026-09-27T10:17:33.607,54,0,0
404,141,155.734,2026-09-27T10:20:09.341,54,0,0
404,142,158.496,2026-09-27T10:22:47.837,54,0,0
404,143,1185.511,2026-09-27T10:42:33.348,54,0,1
404,144,185.491,2026-09-27T10:45:38.839,55,0,0
404,145,163.526,2026-09-27T10:48:22.365,55,0,0
404,146,159.898,2026-09-27T10:51:02.263,55,0,0
404,147,153.588,2026-09-27T10:53:35.851,55,0,0
404,148,155.833,2026-09-27T10:56:11.684,55,0,0
404,149,154.09,2026-09-27T10:58:45.774,55,0,0
404,150,163.382,2026-09-27T11:01:29.156,55,0,0
404,151,172.626,2026-09-27T11:04:21.782,54,1,0
404,152,1059.953,2026-09-27T11:22:01.735,56,0,0
404,153,175.571,2026-09-27T11:24:57.306,56,0,0
404,154,178.613,2026-09-27T11:27:55.919,56,0,0
404,155,180.134,2026-09-27T11:30:56.053,57,0,0
404,156,173.498,2026-09-27T11:33:49.551,57,0,0
404,157,177.494,2026-09-27T11:36:47.045,57,0,0
404,158,172.793,2026-09-27T11:39:39.838,57,0,0
404,159,167.951,2026-09-27T11:42:27.789,57,0,0
404,160,163.945,2026-09-27T11:45:11.734,57,0,0
404,161,167.767,2026-09-27T11:47:59.501,57,0,0
404,162,163.996,2026-09-27T11:50:43.497,57,0,0
404,163,169.846,2026-09-27T11:53:33.343,57,0,0
404,164,162.77,2026-09-27T11:56:16.113,57,0,0
404,165,192.393,2026-09-27T11:59:28.506,56,1,0
404,166,566.449,2026-09-27T12:08:54.955,57,0,0
404,167,155.216,2026-09-27T12:11:30.171,57,0,0
404,168,159.421,2026-09-27T12:14:09.592,57,0,0
404,169,157.981,2026-09-27T12:16:47.573,57,0,0
404,170,156.712,2026-09-27T12:19:24.285,57,0,0
404,171,167.669,2026-09-27T12:22:11.954,55,0,0
404,172,172.659,2026-09-27T12:25:04.613,55,0,0
404,173,175.747,2026-09-27T12:28:00.36,55,0,0
404,174,157.973,2026-09-27T12:30:38.333,55,0,0
404,175,154.407,2026-09-27T12:33:12.74,55,0,0
404,176,158.643,2026-09-27T12:35:51.383,55,0,0
404,177,156.145,2026-09-27T12:38:27.528,55,0,0
404,178,165.813,2026-09-27T12:41:13.341,54,0,0
404,179,211.986,2026-09-27T12:44:45.327,53,0,0
404,180,159.991,2026-09-27T12:47:25.318,52,0,0
404,181,154.859,2026-09-27T12:50:00.177,52,0,0
404,182,158.434,2026-09-27T12:52:38.611,52,0,0
404,183,152.62,2026-09-27T12:55:11.231,52,0,0
404,184,163.695,2026-09-27T12:57:54.926,52,0,0
404,185,158.493,2026-09-27T13:00:33.419,51,0,0
404,186,157.275,2026-09-27T13:03:10.694,50,0,0
404,187,163.968,2026-09-27T13:05:54.662,50,0,0
404,188,160.787,2026-09-27T13:08:35.449,50,0,0
404,189,171.726,2026-09-27T13:11:27.175,50,0,0
404,190,167.582,2026-09-27T13:14:14.757,50,0,0
404,191,159.717,2026-09-27T13:16:54.474,50,0,0
404,192,171.304,2026-09-27T13:19:45.778,50,0,0
404,193,194.104,2026-09-27T13:22:59.882,50,1,0
404,194,611.388,2026-09-27T13:33:11.27,50,0,0
404,195,155.927,2026-09-27T13:35:47.197,50,0,0
404,196,162.022,2026-09-27T13:38:29.219,50,0,0
404,197,157.649,2026-09-27T13:41:06.868,50,0,0
404,198,154.141,2026-09-27T13:43:41.009,50,0,0
404,199,156.321,2026-09-27T13:46:17.33,50,0,0
404,200,158.435,2026-09-27T13:48:55.765,50,0,0
404,201,155.539,2026-09-27T13:51:31.304,50,0,0
404,202,167.502,2026-09-27T13:54:18.806,50,0,0
404,203,158.509,2026-09-27T13:56:57.315,50,0,0
404,204,164.266,2026-09-27T13:59:41.581,50,0,0
404,205,160.937,2026-09-27T14:02:22.518,50,0,0
404,206,155.232,2026-09-27T14:04:57.75,50,0,0
404,207,159.796,2026-09-27T14:07:37.546,49,0,0
404,208,156.097,2026-09-27T14:10:13.643,48,0,0
404,209,162.537,2026-09-27T14:12:56.18,48,0,0
404,210,171.913,2026-09-27T14:15:48.093,48,0,0
404,211,162.419,2026-09-27T14:18:30.512,48,0,0
404,212,166.768,2026-09-27T14:21:17.28,48,0,0
404,213,157.237,2026-09-27T14:23:54.517,48,0,0
404,214,153.858,2026-09-27T14:26:28.375,48,0,0
404,215,169.82,2026-09-27T14:29:18.195,48,1,0
404,216,3704.956,2026-09-27T15:31:03.151,55,0,0
80,1,198.91,2026-09-26T10:10:18.574,87,0,0
80,2,222.642,2026-09-26T10:14:01.216,87,0,0
80,3,183.855,2026-09-26T10:17:05.071,83,0,0
80,4,189.696,2026-09-26T10:20:14.767,84,0,0
80,5,201.537,2026-09-26T10:23:36.304,84,0,0
80,6,169.131,2026-09-26T10:26:25.435,83,0,0
80,7,169.724,2026-09-26T10:29:15.159,82,0,0
80,8,767.94,2026-09-26T10:42:03.099,90,0,0
80,9,186.095,2026-09-26T10:45:09.194,88,0,0
80,10,179.094,2026-09-26T10:48:08.288,83,0,0
80,11,186.888,2026-09-26T10:51:15.176,77,0,0
80,12,184.606,2026-09-26T10:54:19.782,77,0,0
80,13,172.975,2026-09-26T10:57:12.757,76,0,0
80,14,182.514,2026-09-26T11:00:15.271,75,0,0
80,15,171.597,2026-09-26T11:03:06.868,74,0,0
80,16,167.053,2026-09-26T11:05:53.921,74,0,0
80,17,165.393,2026-09-26T11:08:39.314,73,0,0
80,18,178.258,2026-09-26T11:11:37.572,73,0,0
80,19,186.544,2026-09-26T11:14:44.116,74,0,0
80,20,774.18,2026-09-26T11:27:38.296,82,1,0
80,21,198.468,2026-09-26T11:30:56.764,81,0,0
80,22,1110.343,2026-09-26T11:49:27.107,81,0,0
80,23,174.386,2026-09-26T11:52:21.493,81,0,0
80,24,169.965,2026-09-26T11:55:11.458,81,0,0
80,25,166.335,2026-09-26T11:57:57.793,81,0,0
80,26,164.495,2026-09-26T12:00:42.288,81,0,0
80,27,164.534,2026-09-26T12:03:26.822,80,0,0
80,28,165.278,2026-09-26T12:06:12.1,79,0,0
80,29,169.628,2026-09-26T12:09:01.728,78,0,0
80,30,165.595,2026-09-26T12:11:47.323,77,0,0
80,31,170.433,2026-09-26T12:14:37.756,77,0,0
80,32,166.204,2026-09-26T12:17:23.96,76,0,0
80,33,188.243,2026-09-26T12:20:32.203,74,0,0
80,34,163.825,2026-09-26T12:23:16.028,73,0,0
80,35,170.297,2026-09-26T12:26:06.325,73,0,0
80,36,167.701,2026-09-26T12:28:54.026,72,0,0
80,37,164.099,2026-09-26T12:31:38.125,71,0,0
80,38,162.39,2026-09-26T12:34:20.515,70,0,0
80,39,162.215,2026-09-26T12:37:02.73,69,0,0
80,40,159.165,2026-09-26T12:39:41.895,68,0,0
80,41,179.555,2026-09-26T12:42:41.45,66,0,0
80,42,176.496,2026-09-26T12:45:37.946,66,0,0
80,43,872.174,2026-09-26T13:00:10.12,68,1,0
80,44,235.801,2026-09-26T13:04:05.921,66,0,0
80,45,176.631,2026-09-26T13:07:02.552,65,0,0
80,46,176.585,2026-09-26T13:09:59.137,65,0,0
80,47,176.212,2026-09-26T13:12:55.349,64,0,0
80,48,168.0,2026-09-26T13:15:43.349,63,0,0
80,49,171.14,2026-09-26T13:18:34.489,64,0,0
80,50,177.363,2026-09-26T13:21:31.852,62,0,0
80,51,182.973,2026-09-26T13:24:34.825,62,0,0
80,52,173.255,2026-09-26T13:27:28.08,62,0,0
80,53,168.424,2026-09-26T13:30:16.504,63,0,0
80,54,186.634,2026-09-26T13:33:23.138,62,0,0
80,55,175.095,2026-09-26T13:36:18.233,61,0,0
80,56,169.71,2026-09-26T13:39:07.943,61,0,0
80,57,166.537,2026-09-26T13:41:54.48,60,0,0
80,58,184.028,2026-09-26T13:44:58.508,60,0,0
80,59,180.648,2026-09-26T13:47:59.156,59,0,0
80,60,173.714,2026-09-26T13:50:52.87,58,0,0
80,61,169.487,2026-09-26T13:53:42.357,58,0,0
80,62,197.372,2026-09-26T13:56:59.729,57,1,0
80,63,605.162,2026-09-26T14:07:04.891,57,0,0
80,64,191.715,2026-09-26T14:10:16.606,57,0,0
80,65,171.86,2026-09-26T14:13:08.466,57,0,0
80,66,178.992,2026-09-26T14:16:07.458,57,0,0
80,67,176.498,2026-09-26T14:19:03.956,57,0,0
80,68,168.147,2026-09-26T14:21:52.103,57,0,0
80,69,175.17,2026-09-26T14:24:47.273,56,0,0
80,70,171.273,2026-09-26T14:27:38.546,55,0,0
80,71,892.769,2026-09-26T14:42:31.315,58,1,0
80,72,804.115,2026-09-26T14:55:55.43,61,0,0
80,73,184.203,2026-09-26T14:58:59.633,60,0,0
80,74,176.327,2026-09-26T15:01:55.96,59,0,0
80,75,191.674,2026-09-26T15:05:07.634,58,0,0
80,76,170.783,2026-09-26T15:07:58.417,58,0,0
80,77,177.134,2026-09-26T15:10:55.551,57,0,0
80,78,198.371,2026-09-26T15:14:13.922,56,0,0
80,79,171.113,2026-09-26T15:17:05.035,56,0,0
80,80,174.385,2026-09-26T15:19:59.42,56,0,0
80,81,168.131,2026-09-26T15:22:47.551,55,0,0
80,82,222.302,2026-09-26T15:26:29.853,55,1,0
80,83,492.725,2026-09-26T15:34:42.578,55,0,0
80,84,180.786,2026-09-26T15:37:43.364,55,0,0
80,85,180.852,2026-09-26T15:40:44.216,54,0,0
80,86,170.9,2026-09-26T15:43:35.116,54,0,0
80,87,177.011,2026-09-26T15:46:32.127,53,0,0
80,88,186.297,2026-09-26T15:49:38.424,53,0,0
80,89,180.49,2026-09-26T15:52:38.914,52,0,0
80,90,194.948,2026-09-26T15:55:53.862,52,0,0
80,91,286.279,2026-09-26T16:00:40.141,52,0,1
80,92,245.154,2026-09-26T16:04:45.295,52,0,1
80,93,236.999,2026-09-26T16:08:42.294,50,0,1
80,94,240.052,2026-09-26T16:12:42.346,50,0,1
80,95,267.327,2026-09-26T16:17:09.673,50,0,0
80,96,186.601,2026-09-26T16:20:16.274,50,0,0
80,97,182.283,2026-09-26T16:23:18.557,49,0,0
80,98,171.934,2026-09-26T16:26:10.491,49,0,0
80,99,170.743,2026-09-26T16:29:01.234,49,0,0
80,100,173.686,2026-09-26T16:31:54.92,49,0,0
80,101,178.99,2026-09-26T16:34:53.91,49,0,0
80,102,174.74,2026-09-26T16:37:48.65,49,0,0
80,103,174.143,2026-09-26T16:40:42.793,49,0,0
80,104,174.816,2026-09-26T16:43:37.609,49,0,0
80,105,197.443,2026-09-26T16:46:55.052,49,1,0
80,106,1475.83,2026-09-26T17:11:30.882,56,0,0
80,107,188.276,2026-09-26T17:14:39.158,54,0,0
80,108,199.469,2026-09-26T17:17:58.627,54,0,0
80,109,183.905,2026-09-26T17:21:02.532,54,0,0
80,110,180.466,2026-09-26T17:24:02.998,54,0,0
80,111,179.902,2026-09-26T17:27:02.9,54,0,0
80,112,180.627,2026-09-26T17:30:03.527,54,0,0
80,113,181.637,2026-09-26T17:33:05.164,54,0,0
80,114,182.738,2026-09-26T17:36:07.902,54,0,0
80,115,188.443,2026-09-26T17:39:16.345,54,0,0
80,116,181.21,2026-09-26T17:42:17.555,54,0,0
80,117,190.5,2026-09-26T17:45:28.055,54,0,0
80,118,184.495,2026-09-26T17:48:32.55,53,0,0
80,119,200.866,2026-09-26T17:51:53.416,52,0,1
80,120,217.395,2026-09-26T17:55:30.811,51,0,1
80,121,217.869,2026-09-26T17:59:08.68,51,0,1
80,122,236.23,2026-09-26T18:03:04.91,51,0,1
80,123,53740.986,2026-09-27T08:58:45.896,52,0,0
80,124,176.285,2026-09-27T09:01:42.181,52,0,0
80,125,166.652,2026-09-27T09:04:28.833,52,0,0
80,126,174.54,2026-09-27T09:07:23.373,52,0,0
80,127,173.468,2026-09-27T09:10:16.841,52,0,0
80,128,165.894,2026-09-27T09:13:02.735,51,0,0
80,129,164.655,2026-09-27T09:15:47.39,51,0,0
80,130,170.513,2026-09-27T09:18:37.903,50,0,0
80,131,167.765,2026-09-27T09:21:25.668,50,0,0
80,132,185.355,2026-09-27T09:24:31.023,50,0,0
80,133,167.871,2026-09-27T09:27:18.894,50,0,0
80,134,174.798,2026-09-27T09:30:13.692,50,0,0
80,135,164.146,2026-09-27T09:32:57.838,50,0,0
80,136,179.175,2026-09-27T09:35:57.013,50,1,0
80,137,651.865,2026-09-27T09:46:48.878,50,0,0
80,138,194.596,2026-09-27T09:50:03.474,51,0,0
80,139,202.368,2026-09-27T09:53:25.842,51,1,0
80,140,3084.243,2026-09-27T10:44:50.085,58,0,0
80,141,158.51,2026-09-27T10:47:28.595,58,0,0
80,142,166.373,2026-09-27T10:50:14.968,58,0,0
80,143,193.332,2026-09-27T10:53:28.3,57,1,0
80,144,388.958,2026-09-27T10:59:57.258,58,0,0
80,145,686.941,2026-09-27T11:11:24.199,59,1,0
80,146,1125.94,2026-09-27T11:30:10.139,60,0,0
80,147,195.318,2026-09-27T11:33:25.457,60,0,0
80,148,188.33,2026-09-27T11:36:33.787,60,0,0
80,149,179.491,2026-09-27T11:39:33.278,60,0,0
80,150,179.941,2026-09-27T11:42:33.219,60,0,0
80,151,173.417,2026-09-27T11:45:26.636,60,0,0
80,152,178.052,2026-09-27T11:48:24.688,60,0,0
80,153,170.261,2026-09-27T11:51:14.949,60,0,0
80,154,165.013,2026-09-27T11:53:59.962,60,0,0
80,155,181.436,2026-09-27T11:57:01.398,60,0,0
80,156,167.17,2026-09-27T11:59:48.568,60,0,0
80,157,169.379,2026-09-27T12:02:37.947,60,0,0
80,158,160.634,2026-09-27T12:05:18.581,60,0,0
80,159,171.621,2026-09-27T12:08:10.202,60,0,0
80,160,157.962,2026-09-27T12:10:48.164,60,0,0
80,161,160.0,2026-09-27T12:13:28.164,60,0,0
80,162,158.11,2026-09-27T12:16:06.274,60,0,0
80,163,163.751,2026-09-27T12:18:50.025,60,0,0
80,164,162.58,2026-09-27T12:21:32.605,60,0,0
80,165,157.931,2026-09-27T12:24:10.536,60,0,0
80,166,174.927,2026-09-27T12:27:05.463,60,0,0
80,167,175.596,2026-09-27T12:30:01.059,60,0,0
80,168,636.865,2026-09-27T12:40:37.924,60,1,0
80,169,273.069,2026-09-27T12:45:10.993,59,0,0
80,170,171.511,2026-09-27T12:48:02.504,58,0,0
80,171,158.622,2026-09-27T12:50:41.126,57,0,0
80,172,159.923,2026-09-27T12:53:21.049,57,0,0
80,173,156.565,2026-09-27T12:55:57.614,57,0,0
80,174,160.511,2026-09-27T12:58:38.125,57,0,0
80,175,155.869,2026-09-27T13:01:13.994,57,0,0
80,176,155.401,2026-09-27T13:03:49.395,57,0,0
80,177,152.227,2026-09-27T13:06:21.622,57,0,0
80,178,155.701,2026-09-27T13:08:57.323,56,0,0
80,179,153.187,2026-09-27T13:11:30.51,55,0,0
80,180,156.49,2026-09-27T13:14:07,54,0,0
80,181,154.632,2026-09-27T13:16:41.632,54,0,0
80,182,155.037,2026-09-27T13:19:16.669,54,0,0
80,183,156.64,2026-09-27T13:21:53.309,54,0,0
80,184,177.687,2026-09-27T13:24:50.996,55,1,0
80,185,1460.064,2026-09-27T13:49:11.06,56,0,0
80,186,160.439,2026-09-27T13:51:51.499,55,0,0
80,187,152.723,2026-09-27T13:54:24.222,55,0,0
80,188,155.282,2026-09-27T13:56:59.504,54,0,0
80,189,160.789,2026-09-27T13:59:40.293,54,0,0
80,190,639.206,2026-09-27T14:10:19.499,55,1,0
80,191,210.747,2026-09-27T14:13:50.246,55,0,0
80,192,175.506,2026-09-27T14:16:45.752,55,0,0
80,193,170.324,2026-09-27T14:19:36.076,55,0,0
80,194,180.684,2026-09-27T14:22:36.76,55,0,0
80,195,169.173,2026-09-27T14:25:25.933,55,0,0
80,196,163.675,2026-09-27T14:28:09.608,55,0,0
80,197,165.121,2026-09-27T14:30:54.729,55,0,0
80,198,170.454,2026-09-27T14:33:45.183,55,0,0
80,199,172.601,2026-09-27T14:36:37.784,55,0,0
80,200,166.199,2026-09-27T14:39:23.983,55,0,0
80,201,165.967,2026-09-27T14:42:09.95,55,0,0
80,202,175.166,2026-09-27T14:45:05.116,55,0,0
80,203,167.137,2026-09-27T14:47:52.253,55,0,0
80,204,169.875,2026-09-27T14:50:42.128,55,0,0
80,205,169.991,2026-09-27T14:53:32.119,55,0,0
80,206,172.656,2026-09-27T14:56:24.775,55,0,0
80,207,169.068,2026-09-27T14:59:13.843,55,0,0
80,208,170.926,2026-09-27T15:02:04.769,55,0,0
80,209,164.972,2026-09-27T15:04:49.741,55,0,0
80,210,168.284,2026-09-27T15:07:38.025,55,0,0
80,211,172.728,2026-09-27T15:10:30.753,55,0,0
80,212,173.246,2026-09-27T15:13:23.999,55,0,0
80,213,170.822,2026-09-27T15:16:14.821,55,0,0
80,214,174.118,2026-09-27T15:19:08.939,55,0,0
80,215,162.103,2026-09-27T15:21:51.042,55,0,0
80,216,163.175,2026-09-27T15:24:34.217,54,0,0
80,217,164.346,2026-09-27T15:27:18.563,54,0,0
80,218,171.995,2026-09-27T15:30:10.558,54,0,0
48,1,218.278,2026-09-26T10:08:14.162,77,0,0
48,2,201.239,2026-09-26T10:11:35.401,79,0,0
48,3,196.223,2026-09-26T10:14:51.624,76,0,0
48,4,229.266,2026-09-26T10:18:40.89,77,0,0
48,5,211.825,2026-09-26T10:22:12.715,78,0,0
48,6,200.296,2026-09-26T10:25:33.011,81,0,0
48,7,193.003,2026-09-26T10:28:46.014,81,0,0
48,8,189.701,2026-09-26T10:31:55.715,79,0,0
48,9,199.946,2026-09-26T10:35:15.661,77,0,0
48,10,204.736,2026-09-26T10:38:40.397,77,0,0
48,11,196.995,2026-09-26T10:41:57.392,71,0,0
48,12,189.534,2026-09-26T10:45:06.926,70,0,0
48,13,178.222,2026-09-26T10:48:05.148,69,0,0
48,14,187.222,2026-09-26T10:51:12.37,67,0,0
48,15,193.29,2026-09-26T10:54:25.66,64,0,0
48,16,185.546,2026-09-26T10:57:31.206,62,0,0
48,17,195.468,2026-09-26T11:00:46.674,60,0,0
48,18,186.577,2026-09-26T11:03:53.251,60,0,0
48,19,180.1,2026-09-26T11:06:53.351,59,0,0
48,20,178.162,2026-09-26T11:09:51.513,60,0,0
48,21,171.382,2026-09-26T11:12:42.895,59,0,0
48,22,181.562,2026-09-26T11:15:44.457,58,0,0
48,23,216.135,2026-09-26T11:19:20.592,59,1,0
48,24,389.714,2026-09-26T11:25:50.306,66,0,0
48,25,192.179,2026-09-26T11:29:02.485,65,0,0
48,26,175.791,2026-09-26T11:31:58.276,64,0,0
48,27,191.27,2026-09-26T11:35:09.546,64,0,0
48,28,182.52,2026-09-26T11:38:12.066,62,0,0
48,29,187.426,2026-09-26T11:41:19.492,61,0,0
48,30,187.777,2026-09-26T11:44:27.269,60,0,0
48,31,188.493,2026-09-26T11:47:35.762,60,0,0
48,32,765.25,2026-09-26T12:00:21.012,70,1,0
48,33,367.158,2026-09-26T12:06:28.17,69,0,0
48,34,167.514,2026-09-26T12:09:15.684,67,0,0
48,35,161.182,2026-09-26T12:11:56.866,66,0,0
48,36,167.295,2026-09-26T12:14:44.161,66,0,0
48,37,155.595,2026-09-26T12:17:19.756,65,0,0
48,38,164.813,2026-09-26T12:20:04.569,62,0,0
48,39,165.792,2026-09-26T12:22:50.361,61,0,0
48,40,157.424,2026-09-26T12:25:27.785,59,0,0
48,41,155.248,2026-09-26T12:28:03.033,57,0,0
48,42,157.04,2026-09-26T12:30:40.073,56,0,0
48,43,154.701,2026-09-26T12:33:14.774,54,0,0
48,44,150.108,2026-09-26T12:35:44.882,54,0,0
48,45,167.872,2026-09-26T12:38:32.754,53,0,0
48,46,152.97,2026-09-26T12:41:05.724,52,0,0
48,47,165.446,2026-09-26T12:43:51.17,52,0,0
48,48,180.136,2026-09-26T12:46:51.306,52,1,0
48,49,862.791,2026-09-26T13:01:14.097,57,0,0
48,50,157.524,2026-09-26T13:03:51.621,55,0,0
48,51,154.526,2026-09-26T13:06:26.147,55,0,0
48,52,154.704,2026-09-26T13:09:00.851,54,0,0
48,53,157.973,2026-09-26T13:11:38.824,54,0,0
48,54,153.093,2026-09-26T13:14:11.917,53,0,0
48,55,156.605,2026-09-26T13:16:48.522,53,0,0
48,56,189.515,2026-09-26T13:19:58.037,52,1,0
48,57,741.189,2026-09-26T13:32:19.226,56,0,0
48,58,154.375,2026-09-26T13:34:53.601,55,0,0
48,59,151.311,2026-09-26T13:37:24.912,54,0,0
48,60,157.472,2026-09-26T13:40:02.384,53,0,0
48,61,168.797,2026-09-26T13:42:51.181,52,0,0
48,62,2957.286,2026-09-26T14:32:08.467,70,1,0
48,63,210.227,2026-09-26T14:35:38.694,71,0,0
48,64,157.123,2026-09-26T14:38:15.817,71,0,0
48,65,162.242,2026-09-26T14:40:58.059,71,0,0
48,66,158.544,2026-09-26T14:43:36.603,70,0,0
48,67,164.415,2026-09-26T14:46:21.018,69,0,0
48,68,167.904,2026-09-26T14:49:08.922,69,0,0
48,69,169.288,2026-09-26T14:51:58.21,69,0,0
48,70,166.584,2026-09-26T14:54:44.794,67,0,0
48,71,170.73,2026-09-26T14:57:35.524,65,0,0
48,72,164.829,2026-09-26T15:00:20.353,65,0,0
48,73,160.328,2026-09-26T15:03:00.681,64,0,0
48,74,157.244,2026-09-26T15:05:37.925,63,0,0
48,75,155.821,2026-09-26T15:08:13.746,62,0,0
48,76,156.618,2026-09-26T15:10:50.364,62,0,0
48,77,178.024,2026-09-26T15:13:48.388,60,1,0
48,78,3167.842,2026-09-26T16:06:36.23,69,0,1
48,79,213.113,2026-09-26T16:10:09.343,69,0,1
48,80,626.787,2026-09-26T16:20:36.13,70,1,0
48,81,222.608,2026-09-26T16:24:18.738,69,0,0
48,82,159.289,2026-09-26T16:26:58.027,69,0,0
48,83,167.628,2026-09-26T16:29:45.655,68,0,0
48,84,155.811,2026-09-26T16:32:21.466,68,0,0
48,85,154.467,2026-09-26T16:34:55.933,68,0,0
48,86,160.16,2026-09-26T16:37:36.093,68,0,0
48,87,161.596,2026-09-26T16:40:17.689,68,0,0
48,88,152.42,2026-09-26T16:42:50.109,67,0,0
48,89,175.415,2026-09-26T16:45:45.524,67,0,0
48,90,159.406,2026-09-26T16:48:24.93,67,0,0
48,91,158.215,2026-09-26T16:51:03.145,66,0,0
48,92,159.803,2026-09-26T16:53:42.948,66,0,0
48,93,151.83,2026-09-26T16:56:14.778,66,0,0
48,94,152.224,2026-09-26T16:58:47.002,65,0,0
48,95,150.441,2026-09-26T17:01:17.443,64,0,0
48,96,152.841,2026-09-26T17:03:50.284,64,0,0
48,97,155.255,2026-09-26T17:06:25.539,64,0,0
48,98,168.856,2026-09-26T17:09:14.395,64,0,0
48,99,173.331,2026-09-26T17:12:07.726,64,0,0
48,100,170.829,2026-09-26T17:14:58.555,64,0,0
48,101,169.953,2026-09-26T17:17:48.508,64,0,0
48,102,159.2,2026-09-26T17:20:27.708,64,0,0
48,103,151.313,2026-09-26T17:22:59.021,64,0,0
48,104,153.61,2026-09-26T17:25:32.631,64,0,0
48,105,167.429,2026-09-26T17:28:20.06,63,0,0
48,106,154.905,2026-09-26T17:30:54.965,63,0,0
48,107,154.952,2026-09-26T17:33:29.917,62,0,0
48,108,150.725,2026-09-26T17:36:00.642,61,0,0
48,109,152.376,2026-09-26T17:38:33.018,61,0,0
48,110,157.377,2026-09-26T17:41:10.395,61,0,0
48,111,151.779,2026-09-26T17:43:42.174,61,0,0
48,112,166.683,2026-09-26T17:46:28.857,61,0,0
48,113,160.528,2026-09-26T17:49:09.385,60,0,0
48,114,196.487,2026-09-26T17:52:25.872,60,0,1
48,115,259.161,2026-09-26T17:56:45.033,60,0,1
48,116,286.364,2026-09-26T18:01:31.397,59,0,1
48,117,54782.555,2026-09-27T09:14:33.952,65,0,0
48,118,194.782,2026-09-27T09:17:48.734,65,0,0
48,119,192.112,2026-09-27T09:21:00.846,64,0,0
48,120,208.82,2026-09-27T09:24:29.666,64,0,0
48,121,191.594,2026-09-27T09:27:41.26,64,0,0
48,122,182.128,2026-09-27T09:30:43.388,64,0,0
48,123,182.094,2026-09-27T09:33:45.482,63,0,0
48,124,180.009,2026-09-27T09:36:45.491,63,0,0
48,125,172.512,2026-09-27T09:39:38.003,62,0,0
48,126,171.456,2026-09-27T09:42:29.459,62,0,0
48,127,172.028,2026-09-27T09:45:21.487,62,0,0
48,128,172.491,2026-09-27T09:48:13.978,61,0,0
48,129,183.235,2026-09-27T09:51:17.213,61,0,0
48,130,174.853,2026-09-27T09:54:12.066,59,0,0
48,131,168.164,2026-09-27T09:57:00.23,60,0,0
48,132,170.766,2026-09-27T09:59:50.996,60,0,0
48,133,171.941,2026-09-27T10:02:42.937,59,0,0
48,134,167.478,2026-09-27T10:05:30.415,59,0,0
48,135,167.474,2026-09-27T10:08:17.889,59,0,0
48,136,164.396,2026-09-27T10:11:02.285,59,0,0
48,137,170.092,2026-09-27T10:13:52.377,59,0,0
48,138,161.329,2026-09-27T10:16:33.706,59,0,0
48,139,169.132,2026-09-27T10:19:22.838,59,0,0
48,140,167.416,2026-09-27T10:22:10.254,57,0,0
48,141,1190.629,2026-09-27T10:42:00.883,57,0,1
48,142,252.207,2026-09-27T10:46:13.09,57,1,0
48,143,2069.123,2026-09-27T11:20:42.213,61,0,0
48,144,156.264,2026-09-27T11:23:18.477,61,0,0
48,145,638.336,2026-09-27T11:33:56.813,61,1,0
48,146,204.706,2026-09-27T11:37:21.519,61,0,0
48,147,159.123,2026-09-27T11:40:00.642,61,0,0
48,148,159.477,2026-09-27T11:42:40.119,61,0,0
48,149,157.355,2026-09-27T11:45:17.474,61,0,0
48,150,163.625,2026-09-27T11:48:01.099,61,0,0
48,151,156.748,2026-09-27T11:50:37.847,61,0,0
48,152,156.176,2026-09-27T11:53:14.023,61,0,0
48,153,155.839,2026-09-27T11:55:49.862,61,0,0
48,154,161.023,2026-09-27T11:58:30.885,61,0,0
48,155,183.038,2026-09-27T12:01:33.923,61,1,0
48,156,4248.236,2026-09-27T13:12:22.159,65,0,0
48,157,153.866,2026-09-27T13:14:56.025,65,0,0
48,158,153.324,2026-09-27T13:17:29.349,64,0,0
48,159,156.74,2026-09-27T13:20:06.089,64,0,0
48,160,155.816,2026-09-27T13:22:41.905,64,0,0
48,161,157.991,2026-09-27T13:25:19.896,64,0,0
48,162,157.456,2026-09-27T13:27:57.352,64,0,0
48,163,151.713,2026-09-27T13:30:29.065,64,0,0
48,164,155.26,2026-09-27T13:33:04.325,64,0,0
48,165,157.548,2026-09-27T13:35:41.873,64,0,0
48,166,154.029,2026-09-27T13:38:15.902,64,0,0
48,167,729.45,2026-09-27T13:50:25.352,65,1,0
48,168,220.353,2026-09-27T13:54:05.705,65,0,0
48,169,162.997,2026-09-27T13:56:48.702,64,0,0
48,170,153.973,2026-09-27T13:59:22.675,64,0,0
48,171,146.808,2026-09-27T14:01:49.483,63,0,0
48,172,148.1,2026-09-27T14:04:17.583,63,0,0
48,173,157.576,2026-09-27T14:06:55.159,63,0,0
48,174,158.109,2026-09-27T14:09:33.268,63,0,0
48,175,151.429,2026-09-27T14:12:04.697,63,0,0
48,176,147.549,2026-09-27T14:14:32.246,61,0,0
48,177,146.412,2026-09-27T14:16:58.658,61,0,0
48,178,151.564,2026-09-27T14:19:30.222,60,0,0
48,179,149.488,2026-09-27T14:21:59.71,59,0,0
48,180,149.875,2026-09-27T14:24:29.585,59,0,0
48,181,153.249,2026-09-27T14:27:02.834,59,0,0
48,182,148.63,2026-09-27T14:29:31.464,59,0,0
48,183,155.106,2026-09-27T14:32:06.57,59,0,0
48,184,158.327,2026-09-27T14:34:44.897,59,0,0
48,185,150.543,2026-09-27T14:37:15.44,58,0,0
48,186,149.711,2026-09-27T14:39:45.151,57,0,0
48,187,147.936,2026-09-27T14:42:13.087,57,0,0
48,188,147.715,2026-09-27T14:44:40.802,57,0,0
48,189,143.686,2026-09-27T14:47:04.488,57,0,0
48,190,149.591,2026-09-27T14:49:34.079,57,0,0
48,191,166.229,2026-09-27T14:52:20.308,57,0,0
48,192,166.019,2026-09-27T14:55:06.327,57,0,0
48,193,154.574,2026-09-27T14:57:40.901,57,0,0
48,194,151.86,2026-09-27T15:00:12.761,57,0,0
48,195,159.27,2026-09-27T15:02:52.031,57,0,0
48,196,155.139,2026-09-27T15:05:27.17,57,0,0
48,197,143.406,2026-09-27T15:07:50.576,56,0,0
48,198,146.191,2026-09-27T15:10:16.767,56,0,0
48,199,143.461,2026-09-27T15:12:40.228,56,0,0
48,200,161.094,2026-09-27T15:15:21.322,56,0,0
48,201,158.963,2026-09-27T15:18:00.285,56,0,0
48,202,153.344,2026-09-27T15:20:33.629,56,0,0
48,203,156.089,2026-09-27T15:23:09.718,56,0,0
48,204,147.029,2026-09-27T15:25:36.747,56,0,0
48,205,146.407,2026-09-27T15:28:03.154,56,0,0
48,206,155.723,2026-09-27T15:30:38.877,56,0,0
971,1,163.61,2026-09-26T10:07:00.598,57,0,0
971,2,156.046,2026-09-26T10:09:36.644,54,0,0
971,3,191.596,2026-09-26T10:12:48.24,49,0,0
971,4,169.812,2026-09-26T10:15:38.052,49,0,0
971,5,201.577,2026-09-26T10:18:59.629,48,0,0
971,6,177.701,2026-09-26T10:21:57.33,45,0,0
971,7,158.945,2026-09-26T10:24:36.275,40,0,0
971,8,153.44,2026-09-26T10:27:09.715,38,0,0
971,9,153.536,2026-09-26T10:29:43.251,37,0,0
971,10,153.401,2026-09-26T10:32:16.652,35,0,0
971,11,166.748,2026-09-26T10:35:03.4,31,0,0
971,12,152.041,2026-09-26T10:37:35.441,29,0,0
971,13,151.876,2026-09-26T10:40:07.317,28,0,0
971,14,163.059,2026-09-26T10:42:50.376,27,0,0
971,15,166.189,2026-09-26T10:45:36.565,27,0,0
971,16,159.118,2026-09-26T10:48:15.683,25,0,0
971,17,170.442,2026-09-26T10:51:06.125,24,0,0
971,18,152.777,2026-09-26T10:53:38.902,23,0,0
971,19,159.996,2026-09-26T10:56:18.898,23,0,0
971,20,166.504,2026-09-26T10:59:05.402,23,0,0
971,21,153.168,2026-09-26T11:01:38.57,22,0,0
971,22,157.601,2026-09-26T11:04:16.171,22,0,0
971,23,651.179,2026-09-26T11:15:07.35,47,1,0
971,24,224.836,2026-09-26T11:18:52.186,48,0,0
971,25,204.175,2026-09-26T11:22:16.361,48,0,0
971,26,205.561,2026-09-26T11:25:41.922,46,0,0
971,27,188.46,2026-09-26T11:28:50.382,47,0,0
971,28,182.422,2026-09-26T11:31:52.804,47,0,0
971,29,189.421,2026-09-26T11:35:02.225,48,0,0
971,30,182.895,2026-09-26T11:38:05.12,48,0,0
971,31,188.697,2026-09-26T11:41:13.817,48,0,0
971,32,219.823,2026-09-26T11:44:53.64,49,0,0
971,33,209.822,2026-09-26T11:48:23.462,50,1,0
971,34,1396.327,2026-09-26T12:11:39.789,69,1,0
971,35,720.478,2026-09-26T12:23:40.267,72,0,0
971,36,172.015,2026-09-26T12:26:32.282,71,0,0
971,37,170.975,2026-09-26T12:29:23.257,70,0,0
971,38,176.841,2026-09-26T12:32:20.098,69,0,0
971,39,170.684,2026-09-26T12:35:10.782,68,0,0
971,40,167.145,2026-09-26T12:37:57.927,67,0,0
971,41,171.464,2026-09-26T12:40:49.391,65,0,0
971,42,175.267,2026-09-26T12:43:44.658,64,0,0
971,43,167.536,2026-09-26T12:46:32.194,61,0,0
971,44,161.357,2026-09-26T12:49:13.551,60,0,0
971,45,163.522,2026-09-26T12:51:57.073,59,0,0
971,46,171.993,2026-09-26T12:54:49.066,58,0,0
971,47,222.435,2026-09-26T12:58:31.501,60,1,0
971,48,2694.886,2026-09-26T13:43:26.387,74,0,0
971,49,212.716,2026-09-26T13:46:59.103,74,1,0
971,50,534.87,2026-09-26T13:55:53.973,74,0,0
971,51,177.935,2026-09-26T13:58:51.908,74,0,0
971,52,171.385,2026-09-26T14:01:43.293,74,0,0
971,53,166.839,2026-09-26T14:04:30.132,74,0,0
971,54,170.988,2026-09-26T14:07:21.12,74,0,0
971,55,180.074,2026-09-26T14:10:21.194,73,0,0
971,56,169.125,2026-09-26T14:13:10.319,72,0,0
971,57,165.247,2026-09-26T14:15:55.566,71,0,0
971,58,167.214,2026-09-26T14:18:42.78,71,0,0
971,59,171.38,2026-09-26T14:21:34.16,70,0,0
971,60,168.501,2026-09-26T14:24:22.661,70,0,0
971,61,173.297,2026-09-26T14:27:15.958,70,0,0
971,62,173.267,2026-09-26T14:30:09.225,69,0,0
971,63,166.022,2026-09-26T14:32:55.247,69,0,0
971,64,167.566,2026-09-26T14:35:42.813,69,0,0
971,65,166.695,2026-09-26T14:38:29.508,69,0,0
971,66,164.151,2026-09-26T14:41:13.659,68,0,0
971,67,528.097,2026-09-26T14:50:01.756,70,1,0
971,68,244.48,2026-09-26T14:54:06.236,70,0,0
971,69,221.104,2026-09-26T14:57:47.34,71,0,0
971,70,191.387,2026-09-26T15:00:58.727,69,0,0
971,71,191.331,2026-09-26T15:04:10.058,67,0,0
971,72,195.94,2026-09-26T15:07:25.998,67,0,0
971,73,195.673,2026-09-26T15:10:41.671,66,0,0
971,74,180.298,2026-09-26T15:13:41.969,65,0,0
971,75,179.938,2026-09-26T15:16:41.907,64,0,0
971,76,197.221,2026-09-26T15:19:59.128,64,0,0
971,77,177.98,2026-09-26T15:22:57.108,64,0,0
971,78,180.186,2026-09-26T15:25:57.294,63,0,0
971,79,174.319,2026-09-26T15:28:51.613,63,0,0
971,80,189.91,2026-09-26T15:32:01.523,62,0,0
971,81,212.351,2026-09-26T15:35:33.874,60,0,0
971,82,182.427,2026-09-26T15:38:36.301,60,0,0
971,83,186.277,2026-09-26T15:41:42.578,59,0,0
971,84,174.06,2026-09-26T15:44:36.638,59,0,0
971,85,172.66,2026-09-26T15:47:29.298,57,0,0
971,86,504.321,2026-09-26T15:55:53.619,59,1,0
971,87,863.627,2026-09-26T16:10:17.246,60,0,1
971,88,242.333,2026-09-26T16:14:19.579,59,0,1
971,89,232.438,2026-09-26T16:18:12.017,58,0,0
971,90,190.323,2026-09-26T16:21:22.34,58,0,0
971,91,183.402,2026-09-26T16:24:25.742,58,0,0
971,92,189.391,2026-09-26T16:27:35.133,59,0,0
971,93,173.472,2026-09-26T16:30:28.605,59,0,0
971,94,257.041,2026-09-26T16:34:45.646,57,1,0
971,95,4446.495,2026-09-26T17:48:52.141,73,0,0
971,96,206.311,2026-09-26T17:52:18.452,73,0,1
971,97,261.226,2026-09-26T17:56:39.678,73,0,1
971,98,285.399,2026-09-26T18:01:25.077,73,0,1
971,99,277.889,2026-09-26T18:06:02.966,73,0,1
971,100,53521.938,2026-09-27T08:58:04.904,72,0,0
971,101,187.472,2026-09-27T09:01:12.376,72,0,0
971,102,176.635,2026-09-27T09:04:09.011,72,0,0
971,103,171.015,2026-09-27T09:07:00.026,72,0,0
971,104,167.276,2026-09-27T09:09:47.302,73,0,0
971,105,167.194,2026-09-27T09:12:34.496,73,0,0
971,106,172.642,2026-09-27T09:15:27.138,73,0,0
971,107,165.247,2026-09-27T09:18:12.385,73,0,0
971,108,184.094,2026-09-27T09:21:16.479,72,0,0
971,109,185.827,2026-09-27T09:24:22.306,72,0,0
971,110,171.052,2026-09-27T09:27:13.358,72,0,0
971,111,164.162,2026-09-27T09:29:57.52,72,0,0
971,112,160.18,2026-09-27T09:32:37.7,72,0,0
971,113,162.251,2026-09-27T09:35:19.951,71,0,0
971,114,165.16,2026-09-27T09:38:05.111,71,0,0
971,115,167.067,2026-09-27T09:40:52.178,70,0,0
971,116,182.049,2026-09-27T09:43:54.227,70,0,0
971,117,174.85,2026-09-27T09:46:49.077,69,0,0
971,118,171.307,2026-09-27T09:49:40.384,69,0,0
971,119,170.717,2026-09-27T09:52:31.101,68,0,0
971,120,163.645,2026-09-27T09:55:14.746,68,0,0
971,121,162.737,2026-09-27T09:57:57.483,68,0,0
971,122,164.823,2026-09-27T10:00:42.306,68,0,0
971,123,168.725,2026-09-27T10:03:31.031,67,0,0
971,124,163.258,2026-09-27T10:06:14.289,67,0,0
971,125,164.155,2026-09-27T10:08:58.444,66,0,0
971,126,166.739,2026-09-27T10:11:45.183,66,0,0
971,127,611.026,2026-09-27T10:21:56.209,65,1,0
971,128,1243.275,2026-09-27T10:42:39.484,64,0,1
971,129,183.019,2026-09-27T10:45:42.503,64,0,0
971,130,175.752,2026-09-27T10:48:38.255,63,0,0
971,131,171.582,2026-09-27T10:51:29.837,63,0,0
971,132,177.597,2026-09-27T10:54:27.434,63,0,0
971,133,169.248,2026-09-27T10:57:16.682,63,0,0
971,134,170.229,2026-09-27T11:00:06.911,63,0,0
971,135,171.837,2026-09-27T11:02:58.748,63,0,0
971,136,178.363,2026-09-27T11:05:57.111,63,0,0
971,137,189.555,2026-09-27T11:09:06.666,63,0,0
971,138,169.573,2026-09-27T11:11:56.239,63,0,0
971,139,172.209,2026-09-27T11:14:48.448,63,0,0
971,140,174.087,2026-09-27T11:17:42.535,62,0,0
971,141,173.167,2026-09-27T11:20:35.702,62,0,0
971,142,168.227,2026-09-27T11:23:23.929,62,0,0
971,143,173.203,2026-09-27T11:26:17.132,62,0,0
971,144,177.134,2026-09-27T11:29:14.266,62,0,0
971,145,594.129,2026-09-27T11:39:08.395,62,1,0
971,146,238.424,2026-09-27T11:43:06.819,62,0,0
971,147,183.275,2026-09-27T11:46:10.094,62,0,0
971,148,173.905,2026-09-27T11:49:03.999,62,0,0
971,149,166.638,2026-09-27T11:51:50.637,62,0,0
971,150,171.988,2026-09-27T11:54:42.625,62,0,0
971,151,204.011,2026-09-27T11:58:06.636,62,1,0
971,152,357.309,2026-09-27T12:04:03.945,62,0,0
971,153,183.431,2026-09-27T12:07:07.376,62,0,0
971,154,171.98,2026-09-27T12:09:59.356,62,0,0
971,155,172.579,2026-09-27T12:12:51.935,62,0,0
971,156,161.505,2026-09-27T12:15:33.44,61,0,0
971,157,161.358,2026-09-27T12:18:14.798,61,0,0
971,158,165.769,2026-09-27T12:21:00.567,61,0,0
971,159,166.182,2026-09-27T12:23:46.749,61,0,0
971,160,163.21,2026-09-27T12:26:29.959,61,0,0
971,161,163.98,2026-09-27T12:29:13.939,61,0,0
971,162,163.788,2026-09-27T12:31:57.727,61,0,0
971,163,184.284,2026-09-27T12:35:02.011,61,0,0
971,164,160.65,2026-09-27T12:37:42.661,61,0,0
971,165,170.703,2026-09-27T12:40:33.364,61,0,0
971,166,171.095,2026-09-27T12:43:24.459,61,0,0
971,167,170.502,2026-09-27T12:46:14.961,61,0,0
971,168,159.14,2026-09-27T12:48:54.101,61,0,0
971,169,164.748,2026-09-27T12:51:38.849,60,0,0
971,170,669.652,2026-09-27T13:02:48.501,61,1,0
971,171,224.489,2026-09-27T13:06:32.99,60,0,0
971,172,182.593,2026-09-27T13:09:35.583,60,0,0
971,173,180.649,2026-09-27T13:12:36.232,60,0,0
971,174,184.044,2026-09-27T13:15:40.276,59,0,0
971,175,186.191,2026-09-27T13:18:46.467,59,0,0
971,176,185.695,2026-09-27T13:21:52.162,59,0,0
971,177,182.936,2026-09-27T13:24:55.098,59,0,0
971,178,177.917,2026-09-27T13:27:53.015,58,0,0
971,179,208.665,2026-09-27T13:31:21.68,57,1,0
971,180,2307.185,2026-09-27T14:09:48.865,58,0,0
971,181,181.901,2026-09-27T14:12:50.766,58,0,0
971,182,185.484,2026-09-27T14:15:56.25,58,0,0
971,183,177.686,2026-09-27T14:18:53.936,58,0,0
971,184,295.652,2026-09-27T14:23:49.588,58,1,0
971,185,600.314,2026-09-27T14:33:49.902,57,0,0
971,186,178.155,2026-09-27T14:36:48.057,56,0,0
971,187,171.957,2026-09-27T14:39:40.014,56,0,0
971,188,177.595,2026-09-27T14:42:37.609,56,0,0
971,189,171.561,2026-09-27T14:45:29.17,56,0,0
971,190,173.692,2026-09-27T14:48:22.862,56,0,0
971,191,174.674,2026-09-27T14:51:17.536,56,0,0
971,192,170.377,2026-09-27T14:54:07.913,56,0,0
971,193,168.824,2026-09-27T14:56:56.737,56,0,0
971,194,169.204,2026-09-27T14:59:45.941,56,0,0
971,195,168.699,2026-09-27T15:02:34.64,56,0,0
971,196,169.93,2026-09-27T15:05:24.57,56,0,0
971,197,169.492,2026-09-27T15:08:14.062,57,0,0
971,198,172.101,2026-09-27T15:11:06.163,57,0,0
971,199,179.469,2026-09-27T15:14:05.632,57,0,0
971,200,175.387,2026-09-27T15:17:01.019,57,0,0
971,201,168.107,2026-09-27T15:19:49.126,57,0,0
971,202,173.966,2026-09-27T15:22:43.092,57,0,0
971,203,175.226,2026-09-27T15:25:38.318,57,0,0
971,204,178.577,2026-09-27T15:28:36.895,57,0,0
971,205,178.538,2026-09-27T15:31:35.433,57,0,0
3,1,192.152,2026-09-26T10:05:38.036,36,0,0
3,2,198.208,2026-09-26T10:08:56.244,31,0,0
3,3,185.828,2026-09-26T10:12:02.072,30,0,0
3,4,172.783,2026-09-26T10:14:54.855,33,0,0
3,5,160.362,2026-09-26T10:17:35.217,30,0,0
3,6,168.968,2026-09-26T10:20:24.185,28,0,0
3,7,195.079,2026-09-26T10:23:39.264,29,0,0
3,8,173.575,2026-09-26T10:26:32.839,30,0,0
3,9,163.783,2026-09-26T10:29:16.622,30,0,0
3,10,158.137,2026-09-26T10:31:54.759,29,0,0
3,11,196.243,2026-09-26T10:35:11.002,34,1,0
3,12,439.273,2026-09-26T10:42:30.275,64,0,0
3,13,165.403,2026-09-26T10:45:15.678,63,0,0
3,14,171.005,2026-09-26T10:48:06.683,61,0,0
3,15,188.05,2026-09-26T10:51:14.733,57,0,0
3,16,174.123,2026-09-26T10:54:08.856,55,0,0
3,17,157.215,2026-09-26T10:56:46.071,54,0,0
3,18,456.017,2026-09-26T11:04:22.088,62,1,0
3,19,250.19,2026-09-26T11:08:32.278,65,0,0
3,20,181.407,2026-09-26T11:11:33.685,65,0,0
3,21,175.325,2026-09-26T11:14:29.01,65,0,0
3,22,167.231,2026-09-26T11:17:16.241,64,0,0
3,23,174.824,2026-09-26T11:20:11.065,60,0,0
3,24,181.506,2026-09-26T11:23:12.571,57,0,0
3,25,170.563,2026-09-26T11:26:03.134,56,0,0
3,26,165.671,2026-09-26T11:28:48.805,55,0,0
3,27,174.89,2026-09-26T11:31:43.695,54,0,0
3,28,182.574,2026-09-26T11:34:46.269,53,0,0
3,29,170.994,2026-09-26T11:37:37.263,54,0,0
3,30,185.496,2026-09-26T11:40:42.759,53,0,0
3,31,191.506,2026-09-26T11:43:54.265,53,0,0
3,32,191.062,2026-09-26T11:47:05.327,55,0,0
3,33,191.12,2026-09-26T11:50:16.447,54,0,0
3,34,548.694,2026-09-26T11:59:25.141,56,0,0
3,35,255.022,2026-09-26T12:03:40.163,57,0,0
3,36,156.264,2026-09-26T12:06:16.427,56,0,0
3,37,154.551,2026-09-26T12:08:50.978,55,0,0
3,38,151.961,2026-09-26T12:11:22.939,53,0,0
3,39,156.355,2026-09-26T12:13:59.294,53,0,0
3,40,156.076,2026-09-26T12:16:35.37,53,0,0
3,41,160.403,2026-09-26T12:19:15.773,51,0,0
3,42,155.322,2026-09-26T12:21:51.095,50,0,0
3,43,154.83,2026-09-26T12:24:25.925,48,0,0
3,44,148.12,2026-09-26T12:26:54.045,47,0,0
3,45,156.208,2026-09-26T12:29:30.253,46,0,0
3,46,155.123,2026-09-26T12:32:05.376,44,0,0
3,47,146.24,2026-09-26T12:34:31.616,44,0,0
3,48,146.736,2026-09-26T12:36:58.352,43,0,0
3,49,146.584,2026-09-26T12:39:24.936,43,0,0
3,50,179.635,2026-09-26T12:42:24.571,41,1,0
3,51,357.006,2026-09-26T12:48:21.577,45,0,0
3,52,147.367,2026-09-26T12:50:48.944,45,0,0
3,53,159.486,2026-09-26T12:53:28.43,46,0,0
3,54,154.801,2026-09-26T12:56:03.231,45,0,0
3,55,153.581,2026-09-26T12:58:36.812,44,0,0
3,56,151.764,2026-09-26T13:01:08.576,44,0,0
3,57,148.687,2026-09-26T13:03:37.263,43,0,0
3,58,974.624,2026-09-26T13:19:51.887,50,1,0
3,59,10721.725,2026-09-26T16:18:33.612,84,0,0
3,60,168.276,2026-09-26T16:21:21.888,84,0,0
3,61,182.35,2026-09-26T16:24:24.238,84,0,0
3,62,167.474,2026-09-26T16:27:11.712,84,0,0
3,63,157.6,2026-09-26T16:29:49.312,84,0,0
3,64,164.9,2026-09-26T16:32:34.212,83,0,0
3,65,155.749,2026-09-26T16:35:09.961,83,0,0
3,66,157.707,2026-09-26T16:37:47.668,83,0,0
3,67,204.588,2026-09-26T16:41:12.256,84,1,0
3,68,370.262,2026-09-26T16:47:22.518,85,0,0
3,69,160.661,2026-09-26T16:50:03.179,83,0,0
3,70,158.902,2026-09-26T16:52:42.081,82,0,0
3,71,212.257,2026-09-26T16:56:14.338,81,1,0
3,72,2517.15,2026-09-26T17:38:11.488,85,0,0
3,73,163.429,2026-09-26T17:40:54.917,83,0,0
3,74,160.887,2026-09-26T17:43:35.804,82,0,0
3,75,171.597,2026-09-26T17:46:27.401,80,0,0
3,76,164.25,2026-09-26T17:49:11.651,79,0,0
3,77,197.708,2026-09-26T17:52:29.359,79,0,1
3,78,257.662,2026-09-26T17:56:47.021,79,0,1
3,79,286.58,2026-09-26T18:01:33.601,77,0,1
3,80,53750.455,2026-09-27T08:57:24.056,76,0,0
3,81,165.996,2026-09-27T09:00:10.052,76,0,0
3,82,154.784,2026-09-27T09:02:44.836,76,0,0
3,83,151.483,2026-09-27T09:05:16.319,76,0,0
3,84,153.558,2026-09-27T09:07:49.877,76,0,0
3,85,178.885,2026-09-27T09:10:48.762,76,1,0
3,86,278.013,2026-09-27T09:15:26.775,77,0,0
3,87,152.887,2026-09-27T09:17:59.662,77,0,0
3,88,152.919,2026-09-27T09:20:32.581,77,0,0
3,89,169.643,2026-09-27T09:23:22.224,77,0,0
3,90,160.222,2026-09-27T09:26:02.446,77,0,0
3,91,159.649,2026-09-27T09:28:42.095,77,0,0
3,92,151.36,2026-09-27T09:31:13.455,77,0,0
3,93,154.253,2026-09-27T09:33:47.708,77,0,0
3,94,151.914,2026-09-27T09:36:19.622,77,0,0
3,95,149.357,2026-09-27T09:38:48.979,77,0,0
3,96,157.077,2026-09-27T09:41:26.056,77,0,0
3,97,173.089,2026-09-27T09:44:19.145,77,0,0
3,98,167.888,2026-09-27T09:47:07.033,77,0,0
3,99,163.775,2026-09-27T09:49:50.808,77,0,0
3,100,157.831,2026-09-27T09:52:28.639,77,0,0
3,101,143.895,2026-09-27T09:54:52.534,77,0,0
3,102,145.118,2026-09-27T09:57:17.652,76,0,0
3,103,149.663,2026-09-27T09:59:47.315,76,0,0
3,104,150.319,2026-09-27T10:02:17.634,76,0,0
3,105,153.679,2026-09-27T10:04:51.313,76,0,0
3,106,145.246,2026-09-27T10:07:16.559,76,0,0
3,107,148.397,2026-09-27T10:09:44.956,76,0,0
3,108,146.926,2026-09-27T10:12:11.882,76,0,0
3,109,144.73,2026-09-27T10:14:36.612,76,0,0
3,110,147.066,2026-09-27T10:17:03.678,76,0,0
3,111,147.139,2026-09-27T10:19:30.817,76,0,0
3,112,150.989,2026-09-27T10:22:01.806,76,0,0
3,113,1510.815,2026-09-27T10:47:12.621,75,1,0
3,114,227.659,2026-09-27T10:51:00.28,75,0,0
3,115,154.401,2026-09-27T10:53:34.681,75,0,0
3,116,159.702,2026-09-27T10:56:14.383,75,0,0
3,117,161.359,2026-09-27T10:58:55.742,75,0,0
3,118,226.62,2026-09-27T11:02:42.362,75,0,0
3,119,168.799,2026-09-27T11:05:31.161,73,0,0
3,120,254.468,2026-09-27T11:09:45.629,73,1,0
3,121,755.612,2026-09-27T11:22:21.241,73,0,0
3,122,161.621,2026-09-27T11:25:02.862,73,0,0
3,123,169.594,2026-09-27T11:27:52.456,72,0,0
3,124,171.329,2026-09-27T11:30:43.785,72,0,0
3,125,175.04,2026-09-27T11:33:38.825,71,0,0
3,126,183.364,2026-09-27T11:36:42.189,71,0,0
3,127,167.649,2026-09-27T11:39:29.838,70,0,0
3,128,161.421,2026-09-27T11:42:11.259,69,0,0
3,129,160.625,2026-09-27T11:44:51.884,69,0,0
3,130,170.524,2026-09-27T11:47:42.408,68,0,0
3,131,161.762,2026-09-27T11:50:24.17,67,0,0
3,132,162.246,2026-09-27T11:53:06.416,67,0,0
3,133,158.728,2026-09-27T11:55:45.144,67,0,0
3,134,159.58,2026-09-27T11:58:24.724,67,0,0
3,135,164.159,2026-09-27T12:01:08.883,67,0,0
3,136,196.381,2026-09-27T12:04:25.264,67,0,0
3,137,198.646,2026-09-27T12:07:43.91,67,0,0
3,138,173.244,2026-09-27T12:10:37.154,67,0,0
3,139,175.729,2026-09-27T12:13:32.883,67,0,0
3,140,740.451,2026-09-27T12:25:53.334,66,1,0
3,141,227.643,2026-09-27T12:29:40.977,67,0,0
3,142,162.984,2026-09-27T12:32:23.961,67,0,0
3,143,164.164,2026-09-27T12:35:08.125,67,0,0
3,144,172.749,2026-09-27T12:38:00.874,67,0,0
3,145,176.461,2026-09-27T12:40:57.335,67,0,0
3,146,187.33,2026-09-27T12:44:04.665,67,0,0
3,147,170.105,2026-09-27T12:46:54.77,67,0,0
3,148,161.169,2026-09-27T12:49:35.939,67,0,0
3,149,160.052,2026-09-27T12:52:15.991,66,0,0
3,150,165.837,2026-09-27T12:55:01.828,66,0,0
3,151,174.541,2026-09-27T12:57:56.369,66,0,0
3,152,168.434,2026-09-27T13:00:44.803,66,0,0
3,153,163.292,2026-09-27T13:03:28.095,66,0,0
3,154,162.735,2026-09-27T13:06:10.83,65,0,0
3,155,169.675,2026-09-27T13:09:00.505,65,0,0
3,156,171.964,2026-09-27T13:11:52.469,64,0,0
3,157,169.797,2026-09-27T13:14:42.266,64,0,0
3,158,202.294,2026-09-27T13:18:04.56,65,1,0
3,159,346.214,2026-09-27T13:23:50.774,65,0,0
3,160,157.769,2026-09-27T13:26:28.543,65,0,0
3,161,157.102,2026-09-27T13:29:05.645,65,0,0
3,162,163.475,2026-09-27T13:31:49.12,65,0,0
3,163,165.972,2026-09-27T13:34:35.092,65,0,0
3,164,156.355,2026-09-27T13:37:11.447,65,0,0
3,165,164.314,2026-09-27T13:39:55.761,65,0,0
3,166,158.488,2026-09-27T13:42:34.249,65,0,0
3,167,159.553,2026-09-27T13:45:13.802,64,0,0
3,168,164.826,2026-09-27T13:47:58.628,64,0,0
3,169,164.918,2026-09-27T13:50:43.546,63,0,0
3,170,155.271,2026-09-27T13:53:18.817,63,0,0
3,171,160.809,2026-09-27T13:55:59.626,62,0,0
3,172,157.358,2026-09-27T13:58:36.984,62,0,0
3,173,156.721,2026-09-27T14:01:13.705,62,0,0
3,174,156.916,2026-09-27T14:03:50.621,62,0,0
3,175,181.577,2026-09-27T14:06:52.198,62,0,0
3,176,577.212,2026-09-27T14:16:29.41,63,1,0
3,177,229.989,2026-09-27T14:20:19.399,63,0,0
3,178,156.223,2026-09-27T14:22:55.622,62,0,0
3,179,157.762,2026-09-27T14:25:33.384,61,0,0
3,180,150.92,2026-09-27T14:28:04.304,61,0,0
3,181,150.545,2026-09-27T14:30:34.849,61,0,0
3,182,161.541,2026-09-27T14:33:16.39,61,0,0
3,183,183.13,2026-09-27T14:36:19.52,61,1,0
3,184,312.424,2026-09-27T14:41:31.944,61,0,0
3,185,153.016,2026-09-27T14:44:04.96,59,0,0
3,186,163.747,2026-09-27T14:46:48.707,58,0,0
3,187,164.743,2026-09-27T14:49:33.45,58,0,0
3,188,165.488,2026-09-27T14:52:18.938,58,0,0
3,189,230.076,2026-09-27T14:56:09.014,58,1,0
3,190,315.941,2026-09-27T15:01:24.955,58,0,0
3,191,163.049,2026-09-27T15:04:08.004,58,0,0
3,192,156.502,2026-09-27T15:06:44.506,58,0,0
3,193,158.633,2026-09-27T15:09:23.139,58,0,0
3,194,177.245,2026-09-27T15:12:20.384,58,0,0
3,195,181.83,2026-09-27T15:15:22.214,58,0,0
3,196,173.745,2026-09-27T15:18:15.959,58,0,0
3,197,168.685,2026-09-27T15:21:04.644,58,0,0
3,198,174.013,2026-09-27T15:23:58.657,58,0,0
3,199,167.068,2026-09-27T15:26:45.725,58,0,0
3,200,180.625,2026-09-27T15:29:46.35,58,0,0
3,201,163.723,2026-09-27T15:32:30.073,58,0,0
23,1,208.749,2026-09-26T10:05:59.194,43,0,0
23,2,215.019,2026-09-26T10:09:34.213,50,0,0
23,3,219.134,2026-09-26T10:13:13.347,57,0,0
23,4,188.5,2026-09-26T10:16:21.847,66,0,0
23,5,196.735,2026-09-26T10:19:38.582,64,0,0
23,6,206.357,2026-09-26T10:23:04.939,65,0,0
23,7,179.353,2026-09-26T10:26:04.292,67,0,0
23,8,182.418,2026-09-26T10:29:06.71,66,0,0
23,9,179.376,2026-09-26T10:32:06.086,65,0,0
23,10,177.831,2026-09-26T10:35:03.917,67,0,0
23,11,2735.224,2026-09-26T11:20:39.141,86,0,0
23,12,227.57,2026-09-26T11:24:26.711,86,0,0
23,13,209.112,2026-09-26T11:27:55.823,85,0,0
23,14,208.811,2026-09-26T11:31:24.634,85,0,0
23,15,193.178,2026-09-26T11:34:37.812,85,0,0
23,16,186.884,2026-09-26T11:37:44.696,86,0,0
23,17,187.976,2026-09-26T11:40:52.672,85,0,0
23,18,184.315,2026-09-26T11:43:56.987,85,0,0
23,19,176.423,2026-09-26T11:46:53.41,85,0,0
23,20,178.428,2026-09-26T11:49:51.838,84,0,0
23,21,1047.13,2026-09-26T12:07:18.968,87,0,0
23,22,187.578,2026-09-26T12:10:26.546,87,0,0
23,23,182.723,2026-09-26T12:13:29.269,87,0,0
23,24,187.752,2026-09-26T12:16:37.021,86,0,0
23,25,179.513,2026-09-26T12:19:36.534,86,0,0
23,26,196.073,2026-09-26T12:22:52.607,86,0,0
23,27,180.489,2026-09-26T12:25:53.096,86,0,0
23,28,188.004,2026-09-26T12:29:01.1,85,0,0
23,29,178.967,2026-09-26T12:32:00.067,84,0,0
23,30,177.623,2026-09-26T12:34:57.69,83,0,0
23,31,172.001,2026-09-26T12:37:49.691,83,0,0
23,32,177.664,2026-09-26T12:40:47.355,83,0,0
23,33,182.398,2026-09-26T12:43:49.753,82,0,0
23,34,177.223,2026-09-26T12:46:46.976,81,0,0
23,35,175.643,2026-09-26T12:49:42.619,81,0,0
23,36,170.429,2026-09-26T12:52:33.048,81,0,0
23,37,180.226,2026-09-26T12:55:33.274,81,0,0
23,38,175.044,2026-09-26T12:58:28.318,80,0,0
23,39,171.717,2026-09-26T13:01:20.035,80,0,0
23,40,181.982,2026-09-26T13:04:22.017,77,0,0
23,41,175.022,2026-09-26T13:07:17.039,75,0,0
23,42,216.885,2026-09-26T13:10:53.924,75,1,0
23,43,522.683,2026-09-26T13:19:36.607,75,0,0
23,44,974.578,2026-09-26T13:35:51.185,76,1,0
23,45,246.725,2026-09-26T13:39:57.91,75,0,0
23,46,193.686,2026-09-26T13:43:11.596,75,0,0
23,47,188.655,2026-09-26T13:46:20.251,75,0,0
23,48,190.959,2026-09-26T13:49:31.21,75,0,0
23,49,199.065,2026-09-26T13:52:50.275,75,0,0
23,50,230.657,2026-09-26T13:56:40.932,75,1,0
23,51,934.061,2026-09-26T14:12:14.993,77,0,0
23,52,178.425,2026-09-26T14:15:13.418,77,0,0
23,53,183.536,2026-09-26T14:18:16.954,76,0,0
23,54,184.058,2026-09-26T14:21:21.012,76,0,0
23,55,180.165,2026-09-26T14:24:21.177,75,0,0
23,56,172.374,2026-09-26T14:27:13.551,75,0,0
23,57,186.053,2026-09-26T14:30:19.604,74,0,0
23,58,169.361,2026-09-26T14:33:08.965,74,0,0
23,59,167.5,2026-09-26T14:35:56.465,73,0,0
23,60,174.102,2026-09-26T14:38:50.567,73,0,0
23,61,174.516,2026-09-26T14:41:45.083,73,0,0
23,62,188.687,2026-09-26T14:44:53.77,73,0,0
23,63,176.716,2026-09-26T14:47:50.486,73,0,0
23,64,176.934,2026-09-26T14:50:47.42,73,0,0
23,65,180.333,2026-09-26T14:53:47.753,73,0,0
23,66,1247.668,2026-09-26T15:14:35.421,74,1,0
23,67,532.23,2026-09-26T15:23:27.651,75,0,0
23,68,185.078,2026-09-26T15:26:32.729,75,0,0
23,69,216.516,2026-09-26T15:30:09.245,75,0,0
23,70,228.615,2026-09-26T15:33:57.86,74,0,0
23,71,182.771,2026-09-26T15:37:00.631,73,0,0
23,72,183.128,2026-09-26T15:40:03.759,72,0,0
23,73,179.179,2026-09-26T15:43:02.938,71,0,0
23,74,184.507,2026-09-26T15:46:07.445,70,0,0
23,75,181.849,2026-09-26T15:49:09.294,69,0,0
23,76,182.359,2026-09-26T15:52:11.653,69,0,0
23,77,182.847,2026-09-26T15:55:14.5,69,0,0
23,78,297.138,2026-09-26T16:00:11.638,68,0,1
23,79,230.712,2026-09-26T16:04:02.35,68,0,1
23,80,226.725,2026-09-26T16:07:49.075,68,0,1
23,81,231.432,2026-09-26T16:11:40.507,67,0,1
23,82,251.741,2026-09-26T16:15:52.248,67,0,1
23,83,200.913,2026-09-26T16:19:13.161,66,0,0
23,84,181.452,2026-09-26T16:22:14.613,66,0,0
23,85,175.797,2026-09-26T16:25:10.41,66,0,0
23,86,176.215,2026-09-26T16:28:06.625,66,0,0
23,87,175.746,2026-09-26T16:31:02.371,66,0,0
23,88,175.956,2026-09-26T16:33:58.327,65,0,0
23,89,168.906,2026-09-26T16:36:47.233,65,0,0
23,90,166.836,2026-09-26T16:39:34.069,65,0,0
23,91,1939.514,2026-09-26T17:11:53.583,70,0,0
23,92,184.195,2026-09-26T17:14:57.778,70,0,0
23,93,189.945,2026-09-26T17:18:07.723,71,0,0
23,94,193.155,2026-09-26T17:21:20.878,71,0,0
23,95,196.67,2026-09-26T17:24:37.548,70,0,0
23,96,185.363,2026-09-26T17:27:42.911,70,0,0
23,97,180.153,2026-09-26T17:30:43.064,70,0,0
23,98,182.75,2026-09-26T17:33:45.814,70,0,0
23,99,170.706,2026-09-26T17:36:36.52,70,0,0
23,100,173.097,2026-09-26T17:39:29.617,69,0,0
23,101,187.206,2026-09-26T17:42:36.823,69,1,0
23,102,1353.47,2026-09-26T18:05:10.293,70,0,1
23,103,53577.697,2026-09-27T08:58:07.99,70,0,0
23,104,213.309,2026-09-27T09:01:41.299,70,0,0
23,105,180.547,2026-09-27T09:04:41.846,70,0,0
23,106,198.811,2026-09-27T09:08:00.657,70,0,0
23,107,185.136,2026-09-27T09:11:05.793,70,0,0
23,108,184.338,2026-09-27T09:14:10.131,70,0,0
23,109,188.494,2026-09-27T09:17:18.625,70,0,0
23,110,180.315,2026-09-27T09:20:18.94,70,0,0
23,111,178.131,2026-09-27T09:23:17.071,70,0,0
23,112,170.558,2026-09-27T09:26:07.629,70,0,0
23,113,176.783,2026-09-27T09:29:04.412,69,0,0
23,114,179.723,2026-09-27T09:32:04.135,69,1,0
23,115,1137.264,2026-09-27T09:51:01.399,71,0,0
23,116,519.496,2026-09-27T09:59:40.895,72,1,0
23,117,211.318,2026-09-27T10:03:12.213,71,0,0
23,118,176.145,2026-09-27T10:06:08.358,71,0,0
23,119,168.85,2026-09-27T10:08:57.208,70,0,0
23,120,169.414,2026-09-27T10:11:46.622,70,0,0
23,121,164.97,2026-09-27T10:14:31.592,70,0,0
23,122,165.573,2026-09-27T10:17:17.165,70,0,0
23,123,167.267,2026-09-27T10:20:04.432,69,0,0
23,124,161.68,2026-09-27T10:22:46.112,69,0,0
23,125,1190.991,2026-09-27T10:42:37.103,68,0,1
23,126,183.689,2026-09-27T10:45:40.792,68,0,0
23,127,176.535,2026-09-27T10:48:37.327,67,0,0
23,128,168.995,2026-09-27T10:51:26.322,66,0,0
23,129,162.38,2026-09-27T10:54:08.702,66,0,0
23,130,163.369,2026-09-27T10:56:52.071,65,0,0
23,131,170.084,2026-09-27T10:59:42.155,64,0,0
23,132,161.661,2026-09-27T11:02:23.816,64,0,0
23,133,161.183,2026-09-27T11:05:04.999,64,0,0
23,134,169.264,2026-09-27T11:07:54.263,64,0,0
23,135,163.502,2026-09-27T11:10:37.765,64,0,0
23,136,162.934,2026-09-27T11:13:20.699,64,0,0
23,137,159.467,2026-09-27T11:16:00.166,64,0,0
23,138,159.147,2026-09-27T11:18:39.313,64,0,0
23,139,162.091,2026-09-27T11:21:21.404,64,0,0
23,140,179.539,2026-09-27T11:24:20.943,63,1,0
23,141,1068.674,2026-09-27T11:42:09.617,63,0,0
23,142,164.92,2026-09-27T11:44:54.537,63,0,0
23,143,180.53,2026-09-27T11:47:55.067,63,0,0
23,144,164.751,2026-09-27T11:50:39.818,63,0,0
23,145,163.025,2026-09-27T11:53:22.843,63,0,0
23,146,178.444,2026-09-27T11:56:21.287,63,0,0
23,147,487.788,2026-09-27T12:04:29.075,64,1,0
23,148,222.909,2026-09-27T12:08:11.984,64,0,0
23,149,165.68,2026-09-27T12:10:57.664,64,0,0
23,150,167.46,2026-09-27T12:13:45.124,64,0,0
23,151,165.765,2026-09-27T12:16:30.889,64,0,0
23,152,172.417,2026-09-27T12:19:23.306,64,0,0
23,153,184.018,2026-09-27T12:22:27.324,64,0,0
23,154,173.053,2026-09-27T12:25:20.377,64,0,0
23,155,173.29,2026-09-27T12:28:13.667,64,0,0
23,156,166.076,2026-09-27T12:30:59.743,63,0,0
23,157,165.018,2026-09-27T12:33:44.761,63,0,0
23,158,161.369,2026-09-27T12:36:26.13,63,0,0
23,159,167.389,2026-09-27T12:39:13.519,63,0,0
23,160,203.315,2026-09-27T12:42:36.834,63,1,0
23,161,1414.369,2026-09-27T13:06:11.203,63,0,0
23,162,186.122,2026-09-27T13:09:17.325,63,0,0
23,163,186.459,2026-09-27T13:12:23.784,63,0,0
23,164,176.049,2026-09-27T13:15:19.833,63,0,0
23,165,180.474,2026-09-27T13:18:20.307,63,0,0
23,166,185.429,2026-09-27T13:21:25.736,63,0,0
23,167,176.537,2026-09-27T13:24:22.273,63,0,0
23,168,173.17,2026-09-27T13:27:15.443,63,0,0
23,169,181.8,2026-09-27T13:30:17.243,62,0,0
23,170,169.658,2026-09-27T13:33:06.901,62,0,0
23,171,172.046,2026-09-27T13:35:58.947,61,0,0
23,172,176.507,2026-09-27T13:38:55.454,61,0,0
23,173,166.365,2026-09-27T13:41:41.819,61,0,0
23,174,168.556,2026-09-27T13:44:30.375,61,0,0
23,175,194.553,2026-09-27T13:47:44.928,61,1,0
23,176,1675.262,2026-09-27T14:15:40.19,62,0,0
23,177,167.251,2026-09-27T14:18:27.441,62,0,0
23,178,172.595,2026-09-27T14:21:20.036,61,0,0
23,179,169.011,2026-09-27T14:24:09.047,60,0,0
23,180,164.72,2026-09-27T14:26:53.767,60,0,0
23,181,168.218,2026-09-27T14:29:41.985,60,0,0
23,182,167.799,2026-09-27T14:32:29.784,60,0,0
23,183,161.036,2026-09-27T14:35:10.82,60,0,0
23,184,266.219,2026-09-27T14:39:37.039,60,1,0
23,185,1062.073,2026-09-27T14:57:19.112,60,0,0
23,186,174.088,2026-09-27T15:00:13.2,59,0,0
23,187,175.328,2026-09-27T15:03:08.528,59,0,0
23,188,176.228,2026-09-27T15:06:04.756,59,0,0
23,189,171.538,2026-09-27T15:08:56.294,59,0,0
23,190,170.082,2026-09-27T15:11:46.376,59,0,0
23,191,169.006,2026-09-27T15:14:35.382,60,0,0
23,192,169.879,2026-09-27T15:17:25.261,60,0,0
23,193,166.236,2026-09-27T15:20:11.497,60,0,0
23,194,168.944,2026-09-27T15:23:00.441,60,0,0
23,195,168.34,2026-09-27T15:25:48.781,60,0,0
23,196,169.63,2026-09-27T15:28:38.411,59,0,0
23,197,166.857,2026-09-27T15:31:25.268,59,0,0
128,1,192.993,2026-09-26T10:05:36.514,33,0,0
128,2,204.042,2026-09-26T10:09:00.556,32,0,0
128,3,201.304,2026-09-26T10:12:21.86,37,0,0
128,4,180.266,2026-09-26T10:15:22.126,38,0,0
128,5,205.226,2026-09-26T10:18:47.352,39,0,0
128,6,182.976,2026-09-26T10:21:50.328,42,0,0
128,7,174.759,2026-09-26T10:24:45.087,44,0,0
128,8,156.836,2026-09-26T10:27:21.923,41,0,0
128,9,170.038,2026-09-26T10:30:11.961,42,0,0
128,10,157.387,2026-09-26T10:32:49.348,41,0,0
128,11,162.029,2026-09-26T10:35:31.377,40,0,0
128,12,160.491,2026-09-26T10:38:11.868,38,0,0
128,13,168.639,2026-09-26T10:41:00.507,37,0,0
128,14,169.464,2026-09-26T10:43:49.971,35,0,0
128,15,194.961,2026-09-26T10:47:04.932,40,1,0
128,16,638.8,2026-09-26T10:57:43.732,64,0,0
128,17,185.75,2026-09-26T11:00:49.482,61,0,0
128,18,157.34,2026-09-26T11:03:26.822,59,0,0
128,19,155.543,2026-09-26T11:06:02.365,56,0,0
128,20,160.743,2026-09-26T11:08:43.108,55,0,0
128,21,169.791,2026-09-26T11:11:32.899,54,0,0
128,22,153.719,2026-09-26T11:14:06.618,53,0,0
128,23,154.753,2026-09-26T11:16:41.371,50,0,0
128,24,154.59,2026-09-26T11:19:15.961,49,0,0
128,25,162.958,2026-09-26T11:21:58.919,47,0,0
128,26,157.054,2026-09-26T11:24:35.973,45,0,0
128,27,157.754,2026-09-26T11:27:13.727,44,0,0
128,28,158.492,2026-09-26T11:29:52.219,42,0,0
128,29,159.619,2026-09-26T11:32:31.838,42,0,0
128,30,163.264,2026-09-26T11:35:15.102,41,0,0
128,31,174.685,2026-09-26T11:38:09.787,41,0,0
128,32,166.045,2026-09-26T11:40:55.832,41,0,0
128,33,164.568,2026-09-26T11:43:40.4,41,0,0
128,34,154.082,2026-09-26T11:46:14.482,40,0,0
128,35,149.206,2026-09-26T11:48:43.688,38,0,0
128,36,400.565,2026-09-26T11:55:24.253,44,1,0
128,37,213.644,2026-09-26T11:58:57.897,44,0,0
128,38,153.048,2026-09-26T12:01:30.945,41,0,0
128,39,154.232,2026-09-26T12:04:05.177,39,0,0
128,40,153.086,2026-09-26T12:06:38.263,38,0,0
128,41,155.981,2026-09-26T12:09:14.244,34,0,0
128,42,155.314,2026-09-26T12:11:49.558,33,0,0
128,43,157.87,2026-09-26T12:14:27.428,33,0,0
128,44,155.676,2026-09-26T12:17:03.104,31,0,0
128,45,169.099,2026-09-26T12:19:52.203,31,0,0
128,46,167.085,2026-09-26T12:22:39.288,31,0,0
128,47,156.507,2026-09-26T12:25:15.795,31,0,0
128,48,155.777,2026-09-26T12:27:51.572,30,0,0
128,49,155.199,2026-09-26T12:30:26.771,30,0,0
128,50,155.553,2026-09-26T12:33:02.324,30,0,0
128,51,156.614,2026-09-26T12:35:38.938,30,0,0
128,52,166.388,2026-09-26T12:38:25.326,30,0,0
128,53,156.079,2026-09-26T12:41:01.405,30,0,0
128,54,162.151,2026-09-26T12:43:43.556,30,0,0
128,55,160.504,2026-09-26T12:46:24.06,30,0,0
128,56,157.483,2026-09-26T12:49:01.543,30,0,0
128,57,159.4,2026-09-26T12:51:40.943,30,0,0
128,58,629.857,2026-09-26T13:02:10.8,36,1,0
128,59,582.027,2026-09-26T13:11:52.827,42,0,0
128,60,166.079,2026-09-26T13:14:38.906,39,0,0
128,61,161.081,2026-09-26T13:17:19.987,39,0,0
128,62,169.538,2026-09-26T13:20:09.525,39,0,0
128,63,159.74,2026-09-26T13:22:49.265,38,0,0
128,64,151.577,2026-09-26T13:25:20.842,38,0,0
128,65,149.595,2026-09-26T13:27:50.437,38,0,0
128,66,160.843,2026-09-26T13:30:31.28,38,0,0
128,67,162.173,2026-09-26T13:33:13.453,38,0,0
128,68,156.89,2026-09-26T13:35:50.343,38,0,0
128,69,206.793,2026-09-26T13:39:17.136,38,1,0
128,70,69503.996,2026-09-27T08:57:41.132,87,0,0
128,71,166.189,2026-09-27T09:00:27.321,86,0,0
128,72,170.08,2026-09-27T09:03:17.401,86,0,0
128,73,159.605,2026-09-27T09:05:57.006,86,0,0
128,74,164.566,2026-09-27T09:08:41.572,85,0,0
128,75,154.304,2026-09-27T09:11:15.876,84,0,0
128,76,160.408,2026-09-27T09:13:56.284,83,0,0
128,77,164.256,2026-09-27T09:16:40.54,83,0,0
128,78,158.942,2026-09-27T09:19:19.482,83,0,0
128,79,167.201,2026-09-27T09:22:06.683,82,0,0
128,80,165.678,2026-09-27T09:24:52.361,82,0,0
128,81,166.086,2026-09-27T09:27:38.447,82,0,0
128,82,158.533,2026-09-27T09:30:16.98,82,0,0
128,83,161.799,2026-09-27T09:32:58.779,82,0,0
128,84,164.845,2026-09-27T09:35:43.624,82,0,0
128,85,165.682,2026-09-27T09:38:29.306,82,0,0
128,86,162.433,2026-09-27T09:41:11.739,82,0,0
128,87,166.23,2026-09-27T09:43:57.969,81,0,0
128,88,172.812,2026-09-27T09:46:50.781,81,0,0
128,89,172.599,2026-09-27T09:49:43.38,81,0,0
128,90,161.282,2026-09-27T09:52:24.662,81,0,0
128,91,149.766,2026-09-27T09:54:54.428,81,0,0
128,92,151.548,2026-09-27T09:57:25.976,81,0,0
128,93,155.17,2026-09-27T10:00:01.146,80,0,0
128,94,156.424,2026-09-27T10:02:37.57,80,0,0
128,95,153.236,2026-09-27T10:05:10.806,80,0,0
128,96,157.025,2026-09-27T10:07:47.831,80,0,0
128,97,156.835,2026-09-27T10:10:24.666,80,0,0
128,98,157.854,2026-09-27T10:13:02.52,80,0,0
128,99,155.931,2026-09-27T10:15:38.451,80,0,0
128,100,150.835,2026-09-27T10:18:09.286,80,0,0
128,101,157.417,2026-09-27T10:20:46.703,80,0,0
128,102,143.224,2026-09-27T10:23:09.927,79,0,0
128,103,1180.197,2026-09-27T10:42:50.124,79,0,1
128,104,541.054,2026-09-27T10:51:51.178,79,1,0
128,105,467.143,2026-09-27T10:59:38.321,79,0,0
128,106,157.329,2026-09-27T11:02:15.65,79,0,0
128,107,154.755,2026-09-27T11:04:50.405,79,0,0
128,108,151.217,2026-09-27T11:07:21.622,79,0,0
128,109,152.058,2026-09-27T11:09:53.68,79,0,0
128,110,155.418,2026-09-27T11:12:29.098,79,0,0
128,111,159.392,2026-09-27T11:15:08.49,79,0,0
128,112,157.507,2026-09-27T11:17:45.997,78,0,0
128,113,156.721,2026-09-27T11:20:22.718,78,0,0
128,114,151.741,2026-09-27T11:22:54.459,78,0,0
128,115,154.879,2026-09-27T11:25:29.338,77,0,0
128,116,151.195,2026-09-27T11:28:00.533,77,0,0
128,117,193.587,2026-09-27T11:31:14.12,77,1,0
128,118,656.206,2026-09-27T11:42:10.326,77,0,0
128,119,153.061,2026-09-27T11:44:43.387,76,0,0
128,120,151.059,2026-09-27T11:47:14.446,76,0,0
128,121,154.056,2026-09-27T11:49:48.502,76,0,0
128,122,146.549,2026-09-27T11:52:15.051,76,0,0
128,123,154.585,2026-09-27T11:54:49.636,74,0,0
128,124,149.565,2026-09-27T11:57:19.201,74,0,0
128,125,150.091,2026-09-27T11:59:49.292,73,0,0
128,126,157.427,2026-09-27T12:02:26.719,73,0,0
128,127,152.218,2026-09-27T12:04:58.937,72,0,0
128,128,165.588,2026-09-27T12:07:44.525,71,0,0
128,129,156.39,2026-09-27T12:10:20.915,71,0,0
128,130,150.676,2026-09-27T12:12:51.591,70,0,0
128,131,148.167,2026-09-27T12:15:19.758,69,0,0
128,132,150.555,2026-09-27T12:17:50.313,69,0,0
128,133,174.248,2026-09-27T12:20:44.561,69,1,0
128,134,762.86,2026-09-27T12:33:27.421,69,0,0
128,135,152.27,2026-09-27T12:35:59.691,69,0,0
128,136,155.263,2026-09-27T12:38:34.954,69,0,0
128,137,159.285,2026-09-27T12:41:14.239,69,0,0
128,138,214.12,2026-09-27T12:44:48.359,69,0,0
128,139,157.535,2026-09-27T12:47:25.894,69,0,0
128,140,155.206,2026-09-27T12:50:01.1,68,0,0
128,141,151.882,2026-09-27T12:52:32.982,68,0,0
128,142,151.398,2026-09-27T12:55:04.38,68,0,0
128,143,156.176,2026-09-27T12:57:40.556,68,0,0
128,144,156.813,2026-09-27T13:00:17.369,68,0,0
128,145,148.35,2026-09-27T13:02:45.719,68,0,0
128,146,147.887,2026-09-27T13:05:13.606,68,0,0
128,147,160.228,2026-09-27T13:07:53.834,68,0,0
128,148,157.319,2026-09-27T13:10:31.153,68,0,0
128,149,151.446,2026-09-27T13:13:02.599,68,0,0
128,150,160.603,2026-09-27T13:15:43.202,68,0,0
128,151,155.459,2026-09-27T13:18:18.661,68,0,0
128,152,170.108,2026-09-27T13:21:08.769,68,0,0
128,153,193.129,2026-09-27T13:24:21.898,68,1,0
128,154,355.884,2026-09-27T13:30:17.782,67,0,0
128,155,152.748,2026-09-27T13:32:50.53,67,0,0
128,156,150.433,2026-09-27T13:35:20.963,67,0,0
128,157,160.552,2026-09-27T13:38:01.515,67,0,0
128,158,158.268,2026-09-27T13:40:39.783,67,0,0
128,159,148.232,2026-09-27T13:43:08.015,67,0,0
128,160,154.19,2026-09-27T13:45:42.205,66,0,0
128,161,154.261,2026-09-27T13:48:16.466,66,0,0
128,162,151.049,2026-09-27T13:50:47.515,66,0,0
128,163,152.543,2026-09-27T13:53:20.058,66,0,0
128,164,159.062,2026-09-27T13:55:59.12,66,0,0
128,165,154.109,2026-09-27T13:58:33.229,66,0,0
128,166,179.811,2026-09-27T14:01:33.04,66,1,0
128,167,663.522,2026-09-27T14:12:36.562,66,0,0
128,168,160.714,2026-09-27T14:15:17.276,66,0,0
128,169,157.568,2026-09-27T14:17:54.844,66,0,0
128,170,153.789,2026-09-27T14:20:28.633,66,0,0
128,171,153.545,2026-09-27T14:23:02.178,65,0,0
128,172,155.902,2026-09-27T14:25:38.08,65,0,0
128,173,152.958,2026-09-27T14:28:11.038,65,0,0
128,174,154.819,2026-09-27T14:30:45.857,64,0,0
128,175,155.204,2026-09-27T14:33:21.061,64,0,0
128,176,161.039,2026-09-27T14:36:02.1,64,0,0
128,177,158.405,2026-09-27T14:38:40.505,64,0,0
128,178,153.308,2026-09-27T14:41:13.813,63,0,0
128,179,159.343,2026-09-27T14:43:53.156,62,0,0
128,180,157.978,2026-09-27T14:46:31.134,62,0,0
128,181,152.479,2026-09-27T14:49:03.613,62,0,0
128,182,155.338,2026-09-27T14:51:38.951,62,0,0
128,183,148.986,2026-09-27T14:54:07.937,62,0,0
128,184,148.546,2026-09-27T14:56:36.483,62,0,0
128,185,153.724,2026-09-27T14:59:10.207,61,0,0
128,186,151.955,2026-09-27T15:01:42.162,60,0,0
128,187,155.133,2026-09-27T15:04:17.295,60,0,0
128,188,152.225,2026-09-27T15:06:49.52,60,0,0
128,189,154.43,2026-09-27T15:09:23.95,60,0,0
128,190,157.909,2026-09-27T15:12:01.859,60,0,0
128,191,152.085,2026-09-27T15:14:33.944,59,0,0
128,192,156.889,2026-09-27T15:17:10.833,59,0,0
128,193,155.146,2026-09-27T15:19:45.979,59,0,0
128,194,158.648,2026-09-27T15:22:24.627,59,0,0
128,195,187.738,2026-09-27T15:25:32.365,59,0,0
128,196,201.5,2026-09-27T15:28:53.865,60,0,0
128,197,193.736,2026-09-27T15:32:07.601,60,0,0
62,1,207.02,2026-09-26T10:05:33.846,25,0,0
62,2,223.949,2026-09-26T10:09:17.795,43,0,0
62,3,202.762,2026-09-26T10:12:40.557,45,0,0
62,4,189.787,2026-09-26T10:15:50.344,53,0,0
62,5,209.846,2026-09-26T10:19:20.19,59,0,0
62,6,187.815,2026-09-26T10:22:28.005,63,0,0
62,7,180.381,2026-09-26T10:25:28.386,61,0,0
62,8,174.658,2026-09-26T10:28:23.044,60,0,0
62,9,169.323,2026-09-26T10:31:12.367,59,0,0
62,10,178.082,2026-09-26T10:34:10.449,58,0,0
62,11,1287.032,2026-09-26T10:55:37.481,81,0,0
62,12,185.844,2026-09-26T10:58:43.325,81,0,0
62,13,178.66,2026-09-26T11:01:41.985,81,0,0
62,14,179.087,2026-09-26T11:04:41.072,80,0,0
62,15,179.951,2026-09-26T11:07:41.023,80,0,0
62,16,169.501,2026-09-26T11:10:30.524,79,0,0
62,17,328.241,2026-09-26T11:15:58.765,79,1,0
62,18,264.237,2026-09-26T11:20:23.002,80,0,0
62,19,184.83,2026-09-26T11:23:27.832,82,0,0
62,20,161.578,2026-09-26T11:26:09.41,81,0,0
62,21,161.17,2026-09-26T11:28:50.58,79,0,0
62,22,172.484,2026-09-26T11:31:43.064,79,0,0
62,23,186.73,2026-09-26T11:34:49.794,79,0,0
62,24,171.536,2026-09-26T11:37:41.33,75,0,0
62,25,175.435,2026-09-26T11:40:36.765,75,0,0
62,26,179.163,2026-09-26T11:43:35.928,75,0,0
62,27,160.019,2026-09-26T11:46:15.947,74,0,0
62,28,167.783,2026-09-26T11:49:03.73,73,0,0
62,29,161.126,2026-09-26T11:51:44.856,73,0,0
62,30,156.435,2026-09-26T11:54:21.291,71,0,0
62,31,166.627,2026-09-26T11:57:07.918,71,0,0
62,32,165.094,2026-09-26T11:59:53.012,69,0,0
62,33,154.369,2026-09-26T12:02:27.381,67,0,0
62,34,165.862,2026-09-26T12:05:13.243,66,0,0
62,35,477.278,2026-09-26T12:13:10.521,67,1,0
62,36,210.207,2026-09-26T12:16:40.728,67,0,0
62,37,1968.028,2026-09-26T12:49:28.756,78,0,0
62,38,171.885,2026-09-26T12:52:20.641,77,0,0
62,39,163.737,2026-09-26T12:55:04.378,77,0,0
62,40,638.865,2026-09-26T13:05:43.243,79,1,0
62,41,220.886,2026-09-26T13:09:24.129,77,0,0
62,42,163.609,2026-09-26T13:12:07.738,77,0,0
62,43,158.024,2026-09-26T13:14:45.762,74,0,0
62,44,155.893,2026-09-26T13:17:21.655,73,0,0
62,45,155.781,2026-09-26T13:19:57.436,72,0,0
62,46,158.253,2026-09-26T13:22:35.689,72,0,0
62,47,154.642,2026-09-26T13:25:10.331,71,0,0
62,48,154.099,2026-09-26T13:27:44.43,70,0,0
62,49,159.266,2026-09-26T13:30:23.696,70,0,0
62,50,167.886,2026-09-26T13:33:11.582,68,0,0
62,51,158.865,2026-09-26T13:35:50.447,68,0,0
62,52,154.143,2026-09-26T13:38:24.59,68,0,0
62,53,154.964,2026-09-26T13:40:59.554,68,0,0
62,54,183.541,2026-09-26T13:44:03.095,67,1,0
62,55,4799.295,2026-09-26T15:04:02.39,82,0,0
62,56,176.358,2026-09-26T15:06:58.748,82,0,0
62,57,165.417,2026-09-26T15:09:44.165,81,0,0
62,58,183.232,2026-09-26T15:12:47.397,81,0,0
62,59,191.056,2026-09-26T15:15:58.453,79,0,0
62,60,194.189,2026-09-26T15:19:12.642,79,0,0
62,61,169.209,2026-09-26T15:22:01.851,79,0,0
62,62,160.926,2026-09-26T15:24:42.777,79,0,0
62,63,155.477,2026-09-26T15:27:18.254,78,0,0
62,64,210.312,2026-09-26T15:30:48.566,78,0,0
62,65,211.056,2026-09-26T15:34:19.622,77,0,0
62,66,161.264,2026-09-26T15:37:00.886,77,0,0
62,67,159.169,2026-09-26T15:39:40.055,77,0,0
62,68,167.36,2026-09-26T15:42:27.415,77,0,0
62,69,168.046,2026-09-26T15:45:15.461,77,0,0
62,70,168.443,2026-09-26T15:48:03.904,76,0,0
62,71,156.958,2026-09-26T15:50:40.862,75,0,0
62,72,176.678,2026-09-26T15:53:37.54,75,0,0
62,73,169.263,2026-09-26T15:56:26.803,73,0,1
62,74,295.822,2026-09-26T16:01:22.625,73,0,1
62,75,611.274,2026-09-26T16:11:33.899,73,1,1
62,76,272.64,2026-09-26T16:16:06.539,73,0,1
62,77,187.906,2026-09-26T16:19:14.445,73,0,0
62,78,704.575,2026-09-26T16:30:59.02,75,0,0
62,79,188.881,2026-09-26T16:34:07.901,74,0,0
62,80,162.76,2026-09-26T16:36:50.661,73,0,0
62,81,170.535,2026-09-26T16:39:41.196,73,0,0
62,82,164.232,2026-09-26T16:42:25.428,73,0,0
62,83,170.603,2026-09-26T16:45:16.031,71,0,0
62,84,164.464,2026-09-26T16:48:00.495,71,0,0
62,85,168.579,2026-09-26T16:50:49.074,71,0,0
62,86,171.188,2026-09-26T16:53:40.262,71,0,0
62,87,162.008,2026-09-26T16:56:22.27,71,0,0
62,88,403.589,2026-09-26T17:03:05.859,72,1,0
62,89,214.654,2026-09-26T17:06:40.513,72,0,0
62,90,165.577,2026-09-26T17:09:26.09,71,0,0
62,91,174.464,2026-09-26T17:12:20.554,71,0,0
62,92,168.843,2026-09-26T17:15:09.397,71,0,0
62,93,175.369,2026-09-26T17:18:04.766,70,0,0
62,94,180.21,2026-09-26T17:21:04.976,70,0,0
62,95,169.361,2026-09-26T17:23:54.337,69,0,0
62,96,163.62,2026-09-26T17:26:37.957,69,0,0
62,97,158.439,2026-09-26T17:29:16.396,69,0,0
62,98,164.925,2026-09-26T17:32:01.321,69,0,0
62,99,159.535,2026-09-26T17:34:40.856,69,0,0
62,100,160.314,2026-09-26T17:37:21.17,68,0,0
62,101,160.578,2026-09-26T17:40:01.748,68,0,0
62,102,160.133,2026-09-26T17:42:41.881,68,0,0
62,103,175.234,2026-09-26T17:45:37.115,68,0,0
62,104,183.887,2026-09-26T17:48:41.002,68,0,0
62,105,198.198,2026-09-26T17:51:59.2,68,0,1
62,106,225.584,2026-09-26T17:55:44.784,68,0,1
62,107,218.073,2026-09-26T17:59:22.857,67,0,1
62,108,230.54,2026-09-26T18:03:13.397,67,0,1
62,109,53673.632,2026-09-27T08:57:47.029,66,0,0
62,110,170.975,2026-09-27T09:00:38.004,66,0,0
62,111,178.022,2026-09-27T09:03:36.026,66,0,0
62,112,157.149,2026-09-27T09:06:13.175,66,0,0
62,113,158.392,2026-09-27T09:08:51.567,66,0,0
62,114,151.206,2026-09-27T09:11:22.773,66,0,0
62,115,153.963,2026-09-27T09:13:56.736,66,0,0
62,116,158.604,2026-09-27T09:16:35.34,66,0,0
62,117,154.819,2026-09-27T09:19:10.159,66,0,0
62,118,166.204,2026-09-27T09:21:56.363,66,0,0
62,119,157.738,2026-09-27T09:24:34.101,65,0,0
62,120,164.147,2026-09-27T09:27:18.248,65,0,0
62,121,165.27,2026-09-27T09:30:03.518,65,0,0
62,122,159.007,2026-09-27T09:32:42.525,65,0,0
62,123,218.846,2026-09-27T09:36:21.371,65,1,0
62,124,1440.603,2026-09-27T10:00:21.974,66,0,0
62,125,166.274,2026-09-27T10:03:08.248,65,0,0
62,126,177.325,2026-09-27T10:06:05.573,65,1,0
62,127,7798.206,2026-09-27T12:16:03.779,73,0,0
62,128,205.248,2026-09-27T12:19:29.027,72,1,0
62,129,511.667,2026-09-27T12:28:00.694,72,0,0
62,130,177.993,2026-09-27T12:30:58.687,71,0,0
62,131,175.09,2026-09-27T12:33:53.777,71,0,0
62,132,163.864,2026-09-27T12:36:37.641,71,0,0
62,133,173.229,2026-09-27T12:39:30.87,71,0,0
62,134,167.613,2026-09-27T12:42:18.483,71,0,0
62,135,178.318,2026-09-27T12:45:16.801,71,0,0
62,136,185.937,2026-09-27T12:48:22.738,71,0,0
62,137,185.16,2026-09-27T12:51:27.898,71,0,0
62,138,178.11,2026-09-27T12:54:26.008,71,0,0
62,139,181.75,2026-09-27T12:57:27.758,71,0,0
62,140,176.89,2026-09-27T13:00:24.648,70,0,0
62,141,164.825,2026-09-27T13:03:09.473,70,0,0
62,142,176.541,2026-09-27T13:06:06.014,70,0,0
62,143,173.144,2026-09-27T13:08:59.158,70,0,0
62,144,244.601,2026-09-27T13:13:03.759,70,1,0
62,145,988.026,2026-09-27T13:29:31.785,71,0,0
62,146,157.836,2026-09-27T13:32:09.621,71,0,0
62,147,161.76,2026-09-27T13:34:51.381,71,0,0
62,148,160.45,2026-09-27T13:37:31.831,71,0,0
62,149,161.295,2026-09-27T13:40:13.126,71,0,0
62,150,166.538,2026-09-27T13:42:59.664,71,0,0
62,151,161.93,2026-09-27T13:45:41.594,70,0,0
62,152,162.148,2026-09-27T13:48:23.742,70,0,0
62,153,165.061,2026-09-27T13:51:08.803,70,0,0
62,154,169.327,2026-09-27T13:53:58.13,69,0,0
62,155,164.413,2026-09-27T13:56:42.543,69,0,0
62,156,159.03,2026-09-27T13:59:21.573,69,0,0
62,157,153.138,2026-09-27T14:01:54.711,69,0,0
62,158,153.133,2026-09-27T14:04:27.844,69,0,0
62,159,154.819,2026-09-27T14:07:02.663,69,0,0
62,160,168.879,2026-09-27T14:09:51.542,68,0,0
62,161,154.517,2026-09-27T14:12:26.059,68,0,0
62,162,167.423,2026-09-27T14:15:13.482,68,0,0
62,163,160.537,2026-09-27T14:17:54.019,67,0,0
62,164,313.788,2026-09-27T14:23:07.807,67,1,0
62,165,213.08,2026-09-27T14:26:40.887,68,0,0
62,166,155.979,2026-09-27T14:29:16.866,68,0,0
62,167,161.98,2026-09-27T14:31:58.846,68,0,0
62,168,160.758,2026-09-27T14:34:39.604,68,0,0
62,169,155.254,2026-09-27T14:37:14.858,68,0,0
62,170,150.159,2026-09-27T14:39:45.017,68,0,0
62,171,155.661,2026-09-27T14:42:20.678,67,0,0
62,172,161.184,2026-09-27T14:45:01.862,67,0,0
62,173,151.497,2026-09-27T14:47:33.359,67,0,0
62,174,150.353,2026-09-27T14:50:03.712,66,0,0
62,175,175.92,2026-09-27T14:52:59.632,66,1,0
62,176,301.012,2026-09-27T14:58:00.644,66,0,0
62,177,162.414,2026-09-27T15:00:43.058,66,0,0
62,178,152.607,2026-09-27T15:03:15.665,65,0,0
62,179,153.467,2026-09-27T15:05:49.132,64,0,0
62,180,162.442,2026-09-27T15:08:31.574,64,0,0
62,181,165.128,2026-09-27T15:11:16.702,64,0,0
62,182,152.843,2026-09-27T15:13:49.545,63,0,0
62,183,161.821,2026-09-27T15:16:31.366,63,0,0
62,184,159.758,2026-09-27T15:19:11.124,63,0,0
62,185,155.09,2026-09-27T15:21:46.214,62,0,0
62,186,151.365,2026-09-27T15:24:17.579,61,0,0
62,187,153.626,2026-09-27T15:26:51.205,61,0,0
62,188,158.904,2026-09-27T15:29:30.109,61,0,0
62,189,156.828,2026-09-27T15:32:06.937,61,0,0
530,1,168.922,2026-09-26T10:05:08.759,14,0,0
530,2,174.467,2026-09-26T10:08:03.226,11,0,0
530,3,165.355,2026-09-26T10:10:48.581,10,0,0
530,4,190.014,2026-09-26T10:13:58.595,8,0,0
530,5,163.689,2026-09-26T10:16:42.284,9,0,0
530,6,171.404,2026-09-26T10:19:33.688,9,0,0
530,7,166.903,2026-09-26T10:22:20.591,11,0,0
530,8,159.208,2026-09-26T10:24:59.799,11,0,0
530,9,161.997,2026-09-26T10:27:41.796,14,0,0
530,10,171.579,2026-09-26T10:30:33.375,14,0,0
530,11,150.087,2026-09-26T10:33:03.462,14,0,0
530,12,156.118,2026-09-26T10:35:39.58,13,0,0
530,13,154.454,2026-09-26T10:38:14.034,13,0,0
530,14,163.526,2026-09-26T10:40:57.56,13,0,0
530,15,171.419,2026-09-26T10:43:48.979,13,0,0
530,16,152.561,2026-09-26T10:46:21.54,13,0,0
530,17,159.341,2026-09-26T10:49:00.881,13,0,0
530,18,151.845,2026-09-26T10:51:32.726,14,0,0
530,19,153.045,2026-09-26T10:54:05.771,14,0,0
530,20,155.968,2026-09-26T10:56:41.739,14,0,0
530,21,156.863,2026-09-26T10:59:18.602,14,0,0
530,22,154.498,2026-09-26T11:01:53.1,14,0,0
530,23,154.67,2026-09-26T11:04:27.77,14,0,0
530,24,151.635,2026-09-26T11:06:59.405,13,0,0
530,25,147.574,2026-09-26T11:09:26.979,14,0,0
530,26,150.094,2026-09-26T11:11:57.073,14,0,0
530,27,159.742,2026-09-26T11:14:36.815,13,0,0
530,28,150.23,2026-09-26T11:17:07.045,13,0,0
530,29,147.804,2026-09-26T11:19:34.849,12,0,0
530,30,144.65,2026-09-26T11:21:59.499,12,0,0
530,31,148.317,2026-09-26T11:24:27.816,11,0,0
530,32,152.196,2026-09-26T11:27:00.012,11,0,0
530,33,164.585,2026-09-26T11:29:44.597,12,0,0
530,34,156.024,2026-09-26T11:32:20.621,11,0,0
530,35,165.747,2026-09-26T11:35:06.368,11,0,0
530,36,170.676,2026-09-26T11:37:57.044,11,0,0
530,37,161.17,2026-09-26T11:40:38.214,10,0,0
530,38,153.434,2026-09-26T11:43:11.648,10,0,0
530,39,159.026,2026-09-26T11:45:50.674,9,0,0
530,40,149.467,2026-09-26T11:48:20.141,9,0,0
530,41,159.94,2026-09-26T11:51:00.081,8,0,0
530,42,155.907,2026-09-26T11:53:35.988,9,0,0
530,43,149.738,2026-09-26T11:56:05.726,9,0,0
530,44,150.161,2026-09-26T11:58:35.887,9,0,0
530,45,150.286,2026-09-26T12:01:06.173,9,0,0
530,46,157.969,2026-09-26T12:03:44.142,7,0,0
530,47,495.774,2026-09-26T12:11:59.916,15,1,0
530,48,190.436,2026-09-26T12:15:10.352,15,0,0
530,49,156.041,2026-09-26T12:17:46.393,14,0,0
530,50,174.754,2026-09-26T12:20:41.147,13,0,0
530,51,156.155,2026-09-26T12:23:17.302,13,0,0
530,52,151.491,2026-09-26T12:25:48.793,13,0,0
530,53,144.548,2026-09-26T12:28:13.341,12,0,0
530,54,147.717,2026-09-26T12:30:41.058,11,0,0
530,55,150.003,2026-09-26T12:33:11.061,11,0,0
530,56,146.376,2026-09-26T12:35:37.437,10,0,0
530,57,153.346,2026-09-26T12:38:10.783,10,0,0
530,58,148.697,2026-09-26T12:40:39.48,10,0,0
530,59,154.745,2026-09-26T12:43:14.225,10,0,0
530,60,170.374,2026-09-26T12:46:04.599,11,0,0
530,61,167.598,2026-09-26T12:48:52.197,12,0,0
530,62,147.05,2026-09-26T12:51:19.247,11,0,0
530,63,150.217,2026-09-26T12:53:49.464,11,0,0
530,64,150.701,2026-09-26T12:56:20.165,10,0,0
530,65,152.45,2026-09-26T12:58:52.615,10,0,0
530,66,147.178,2026-09-26T13:01:19.793,8,0,0
530,67,161.293,2026-09-26T13:04:01.086,8,0,0
530,68,166.776,2026-09-26T13:06:47.862,8,0,0
530,69,168.142,2026-09-26T13:09:36.004,8,0,0
530,70,169.277,2026-09-26T13:12:25.281,9,0,0
530,71,161.054,2026-09-26T13:15:06.335,7,0,0
530,72,162.278,2026-09-26T13:17:48.613,7,0,0
530,73,162.263,2026-09-26T13:20:30.876,8,0,0
530,74,145.118,2026-09-26T13:22:55.994,7,0,0
530,75,144.674,2026-09-26T13:25:20.668,7,0,0
530,76,148.533,2026-09-26T13:27:49.201,7,0,0
530,77,157.342,2026-09-26T13:30:26.543,7,0,0
530,78,162.107,2026-09-26T13:33:08.65,8,0,0
530,79,159.814,2026-09-26T13:35:48.464,8,0,0
530,80,160.806,2026-09-26T13:38:29.27,8,0,0
530,81,158.253,2026-09-26T13:41:07.523,8,0,0
530,82,160.322,2026-09-26T13:43:47.845,8,0,0
530,83,165.692,2026-09-26T13:46:33.537,8,0,0
530,84,168.143,2026-09-26T13:49:21.68,8,0,0
530,85,162.455,2026-09-26T13:52:04.135,8,0,0
530,86,160.514,2026-09-26T13:54:44.649,8,0,0
530,87,158.886,2026-09-26T13:57:23.535,8,0,0
530,88,142.204,2026-09-26T13:59:45.739,8,0,0
530,89,138.563,2026-09-26T14:02:04.302,8,0,0
530,90,148.158,2026-09-26T14:04:32.46,8,0,0
530,91,154.318,2026-09-26T14:07:06.778,7,0,0
530,92,159.149,2026-09-26T14:09:45.927,7,0,0
530,93,148.346,2026-09-26T14:12:14.273,7,0,0
530,94,148.925,2026-09-26T14:14:43.198,7,0,0
530,95,151.672,2026-09-26T14:17:14.87,7,0,0
530,96,166.82,2026-09-26T14:20:01.69,7,0,0
530,97,155.829,2026-09-26T14:22:37.519,6,0,0
530,98,158.058,2026-09-26T14:25:15.577,6,0,0
530,99,144.726,2026-09-26T14:27:40.303,6,0,0
530,100,144.258,2026-09-26T14:30:04.561,6,0,0
530,101,149.641,2026-09-26T14:32:34.202,6,0,0
530,102,153.483,2026-09-26T14:35:07.685,6,0,0
530,103,501.506,2026-09-26T14:43:29.191,9,1,0
530,104,192.004,2026-09-26T14:46:41.195,9,0,0
530,105,155.523,2026-09-26T14:49:16.718,9,0,0
530,106,181.239,2026-09-26T14:52:17.957,9,0,0
530,107,161.676,2026-09-26T14:54:59.633,9,0,0
530,108,171.242,2026-09-26T14:57:50.875,9,0,0
530,109,163.997,2026-09-26T15:00:34.872,9,0,0
530,110,172.608,2026-09-26T15:03:27.48,9,0,0
530,111,185.046,2026-09-26T15:06:32.526,9,0,0
530,112,3777.936,2026-09-26T16:09:30.462,34,0,1
530,113,227.416,2026-09-26T16:13:17.878,33,0,1
530,114,251.541,2026-09-26T16:17:29.419,33,0,0
530,115,156.797,2026-09-26T16:20:06.216,32,0,0
530,116,145.111,2026-09-26T16:22:31.327,32,0,0
530,117,147.376,2026-09-26T16:24:58.703,32,0,0
530,118,154.192,2026-09-26T16:27:32.895,31,0,0
530,119,153.692,2026-09-26T16:30:06.587,30,0,0
530,120,159.206,2026-09-26T16:32:45.793,30,0,0
530,121,1334.522,2026-09-26T16:55:00.315,37,0,0
530,122,152.748,2026-09-26T16:57:33.063,37,0,0
530,123,146.408,2026-09-26T16:59:59.471,37,0,0
530,124,152.666,2026-09-26T17:02:32.137,36,0,0
530,125,148.657,2026-09-26T17:05:00.794,36,0,0
530,126,150.718,2026-09-26T17:07:31.512,36,0,0
530,127,155.969,2026-09-26T17:10:07.481,36,0,0
530,128,70094.701,2026-09-27T12:38:22.182,73,0,0
530,129,166.064,2026-09-27T12:41:08.246,73,0,0
530,130,171.308,2026-09-27T12:43:59.554,72,0,0
530,131,154.377,2026-09-27T12:46:33.931,72,0,0
530,132,156.982,2026-09-27T12:49:10.913,72,0,0
530,133,157.592,2026-09-27T12:51:48.505,72,0,0
530,134,155.855,2026-09-27T12:54:24.36,72,0,0
530,135,150.544,2026-09-27T12:56:54.904,72,0,0
530,136,160.367,2026-09-27T12:59:35.271,72,0,0
530,137,151.483,2026-09-27T13:02:06.754,72,0,0
530,138,151.177,2026-09-27T13:04:37.931,72,0,0
530,139,152.893,2026-09-27T13:07:10.824,72,0,0
530,140,146.303,2026-09-27T13:09:37.127,71,0,0
530,141,148.319,2026-09-27T13:12:05.446,71,0,0
530,142,144.042,2026-09-27T13:14:29.488,71,0,0
530,143,143.879,2026-09-27T13:16:53.367,71,0,0
530,144,146.853,2026-09-27T13:19:20.22,71,0,0
530,145,147.869,2026-09-27T13:21:48.089,70,0,0
530,146,142.755,2026-09-27T13:24:10.844,70,0,0
530,147,146.671,2026-09-27T13:26:37.515,70,0,0
530,148,147.231,2026-09-27T13:29:04.746,70,0,0
530,149,147.116,2026-09-27T13:31:31.862,70,0,0
530,150,398.989,2026-09-27T13:38:10.851,70,1,0
530,151,199.218,2026-09-27T13:41:30.069,69,0,0
530,152,148.856,2026-09-27T13:43:58.925,69,0,0
530,153,147.148,2026-09-27T13:46:26.073,69,0,0
530,154,150.778,2026-09-27T13:48:56.851,68,0,0
530,155,148.086,2026-09-27T13:51:24.937,68,0,0
530,156,155.034,2026-09-27T13:53:59.971,68,0,0
530,157,149.523,2026-09-27T13:56:29.494,68,0,0
530,158,144.92,2026-09-27T13:58:54.414,68,0,0
530,159,151.83,2026-09-27T14:01:26.244,68,0,0
530,160,144.979,2026-09-27T14:03:51.223,67,0,0
530,161,148.987,2026-09-27T14:06:20.21,67,0,0
530,162,181.149,2026-09-27T14:09:21.359,67,1,0
530,163,686.725,2026-09-27T14:20:48.084,68,0,0
530,164,159.549,2026-09-27T14:23:27.633,68,0,0
530,165,144.616,2026-09-27T14:25:52.249,67,0,0
530,166,147.822,2026-09-27T14:28:20.071,67,0,0
530,167,150.3,2026-09-27T14:30:50.371,67,0,0
530,168,151.874,2026-09-27T14:33:22.245,67,0,0
530,169,159.577,2026-09-27T14:36:01.822,67,0,0
530,170,152.019,2026-09-27T14:38:33.841,67,0,0
530,171,152.418,2026-09-27T14:41:06.259,66,0,0
530,172,158.34,2026-09-27T14:43:44.599,66,0,0
530,173,150.625,2026-09-27T14:46:15.224,66,0,0
530,174,151.91,2026-09-27T14:48:47.134,65,0,0
530,175,148.202,2026-09-27T14:51:15.336,65,0,0
530,176,149.367,2026-09-27T14:53:44.703,65,0,0
530,177,157.709,2026-09-27T14:56:22.412,65,0,0
530,178,149.104,2026-09-27T14:58:51.516,64,0,0
530,179,154.67,2026-09-27T15:01:26.186,63,0,0
530,180,152.405,2026-09-27T15:03:58.591,63,0,0
530,181,170.054,2026-09-27T15:06:48.645,63,1,0
530,182,733.534,2026-09-27T15:19:02.179,64,0,0
530,183,149.087,2026-09-27T15:21:31.266,64,0,0
530,184,145.301,2026-09-27T15:23:56.567,64,0,0
530,185,150.221,2026-09-27T15:26:26.788,63,0,0
530,186,145.146,2026-09-27T15:28:51.934,62,0,0
530,187,150.821,2026-09-27T15:31:22.755,62,0,0
9,1,192.493,2026-09-26T10:05:10.453,15,0,0
9,2,193.397,2026-09-26T10:08:23.85,19,0,0
9,3,180.427,2026-09-26T10:11:24.277,23,0,0
9,4,188.639,2026-09-26T10:14:32.916,25,0,0
9,5,177.76,2026-09-26T10:17:30.676,27,0,0
9,6,177.469,2026-09-26T10:20:28.145,30,0,0
9,7,194.997,2026-09-26T10:23:43.142,30,0,0
9,8,176.149,2026-09-26T10:26:39.291,31,0,0
9,9,163.662,2026-09-26T10:29:22.953,31,0,0
9,10,171.118,2026-09-26T10:32:14.071,33,0,0
9,11,171.468,2026-09-26T10:35:05.539,32,0,0
9,12,169.449,2026-09-26T10:37:54.988,32,0,0
9,13,170.348,2026-09-26T10:40:45.336,33,0,0
9,14,175.881,2026-09-26T10:43:41.217,32,0,0
9,15,165.389,2026-09-26T10:46:26.606,33,0,0
9,16,165.555,2026-09-26T10:49:12.161,33,0,0
9,17,162.335,2026-09-26T10:51:54.496,32,0,0
9,18,162.838,2026-09-26T10:54:37.334,29,0,0
9,19,160.285,2026-09-26T10:57:17.619,29,0,0
9,20,159.665,2026-09-26T10:59:57.284,29,0,0
9,21,163.073,2026-09-26T11:02:40.357,28,0,0
9,22,161.008,2026-09-26T11:05:21.365,28,0,0
9,23,164.294,2026-09-26T11:08:05.659,27,0,0
9,24,161.61,2026-09-26T11:10:47.269,27,0,0
9,25,161.56,2026-09-26T11:13:28.829,26,0,0
9,26,164.693,2026-09-26T11:16:13.522,26,0,0
9,27,699.497,2026-09-26T11:27:53.019,45,1,0
9,28,191.443,2026-09-26T11:31:04.462,44,0,0
9,29,149.097,2026-09-26T11:33:33.559,43,0,0
9,30,148.923,2026-09-26T11:36:02.482,42,0,0
9,31,154.63,2026-09-26T11:38:37.112,42,0,0
9,32,161.511,2026-09-26T11:41:18.623,42,0,0
9,33,163.2,2026-09-26T11:44:01.823,42,0,0
9,34,153.49,2026-09-26T11:46:35.313,41,0,0
9,35,144.885,2026-09-26T11:49:00.198,39,0,0
9,36,145.023,2026-09-26T11:51:25.221,36,0,0
9,37,148.279,2026-09-26T11:53:53.5,34,0,0
9,38,145.726,2026-09-26T11:56:19.226,31,0,0
9,39,148.843,2026-09-26T11:58:48.069,30,0,0
9,40,144.827,2026-09-26T12:01:12.896,28,0,0
9,41,147.359,2026-09-26T12:03:40.255,26,0,0
9,42,151.596,2026-09-26T12:06:11.851,24,0,0
9,43,151.595,2026-09-26T12:08:43.446,23,0,0
9,44,151.938,2026-09-26T12:11:15.384,23,0,0
9,45,194.941,2026-09-26T12:14:30.325,24,1,0
9,46,288.726,2026-09-26T12:19:19.051,28,0,0
9,47,154.979,2026-09-26T12:21:54.03,28,0,0
9,48,153.36,2026-09-26T12:24:27.39,27,0,0
9,49,148.308,2026-09-26T12:26:55.698,26,0,0
9,50,157.013,2026-09-26T12:29:32.711,25,0,0
9,51,149.801,2026-09-26T12:32:02.512,24,0,0
9,52,150.043,2026-09-26T12:34:32.555,24,0,0
9,53,147.454,2026-09-26T12:37:00.009,24,0,0
9,54,145.304,2026-09-26T12:39:25.313,23,0,0
9,55,175.223,2026-09-26T12:42:20.536,23,0,0
9,56,148.25,2026-09-26T12:44:48.786,23,0,0
9,57,159.317,2026-09-26T12:47:28.103,23,0,0
9,58,141.922,2026-09-26T12:49:50.025,21,0,0
9,59,155.553,2026-09-26T12:52:25.578,21,0,0
9,60,147.971,2026-09-26T12:54:53.549,21,0,0
9,61,149.909,2026-09-26T12:57:23.458,21,0,0
9,62,148.244,2026-09-26T12:59:51.702,21,0,0
9,63,155.401,2026-09-26T13:02:27.103,21,0,0
9,64,150.376,2026-09-26T13:04:57.479,21,0,0
9,65,150.654,2026-09-26T13:07:28.133,21,0,0
9,66,156.439,2026-09-26T13:10:04.572,20,0,0
9,67,149.605,2026-09-26T13:12:34.177,20,0,0
9,68,147.579,2026-09-26T13:15:01.756,19,0,0
9,69,490.385,2026-09-26T13:23:12.141,23,1,0
9,70,185.081,2026-09-26T13:26:17.222,25,0,0
9,71,156.853,2026-09-26T13:28:54.075,24,0,0
9,72,154.483,2026-09-26T13:31:28.558,22,0,0
9,73,158.209,2026-09-26T13:34:06.767,20,0,0
9,74,153.789,2026-09-26T13:36:40.556,20,0,0
9,75,169.648,2026-09-26T13:39:30.204,20,0,0
9,76,151.36,2026-09-26T13:42:01.564,20,0,0
9,77,153.533,2026-09-26T13:44:35.097,20,0,0
9,78,150.426,2026-09-26T13:47:05.523,20,0,0
9,79,155.441,2026-09-26T13:49:40.964,20,0,0
9,80,160.053,2026-09-26T13:52:21.017,20,0,0
9,81,151.75,2026-09-26T13:54:52.767,20,0,0
9,82,152.201,2026-09-26T13:57:24.968,19,0,0
9,83,153.205,2026-09-26T13:59:58.173,18,0,0
9,84,151.274,2026-09-26T14:02:29.447,17,0,0
9,85,150.753,2026-09-26T14:05:00.2,16,0,0
9,86,154.445,2026-09-26T14:07:34.645,16,0,0
9,87,167.657,2026-09-26T14:10:22.302,16,0,0
9,88,153.678,2026-09-26T14:12:55.98,16,0,0
9,89,161.963,2026-09-26T14:15:37.943,16,0,0
9,90,153.303,2026-09-26T14:18:11.246,15,0,0
9,91,154.192,2026-09-26T14:20:45.438,14,0,0
9,92,161.793,2026-09-26T14:23:27.231,14,0,0
9,93,161.708,2026-09-26T14:26:08.939,14,0,0
9,94,150.72,2026-09-26T14:28:39.659,14,0,0
9,95,155.697,2026-09-26T14:31:15.356,15,0,0
9,96,165.309,2026-09-26T14:34:00.665,15,0,0
9,97,162.807,2026-09-26T14:36:43.472,15,0,0
9,98,162.396,2026-09-26T14:39:25.868,15,0,0
9,99,161.031,2026-09-26T14:42:06.899,15,0,0
9,100,164.478,2026-09-26T14:44:51.377,15,0,0
9,101,164.406,2026-09-26T14:47:35.783,15,0,0
9,102,172.277,2026-09-26T14:50:28.06,15,0,0
9,103,180.755,2026-09-26T14:53:28.815,15,0,0
9,104,166.981,2026-09-26T14:56:15.796,15,0,0
9,105,165.51,2026-09-26T14:59:01.306,15,0,0
9,106,160.991,2026-09-26T15:01:42.297,15,0,0
9,107,156.458,2026-09-26T15:04:18.755,14,0,0
9,108,171.168,2026-09-26T15:07:09.923,14,0,0
9,109,162.757,2026-09-26T15:09:52.68,14,0,0
9,110,172.655,2026-09-26T15:12:45.335,14,0,0
9,111,699.694,2026-09-26T15:24:25.029,18,1,0
9,112,369.891,2026-09-26T15:30:34.92,17,1,0
9,113,8103.667,2026-09-26T17:45:38.587,59,0,0
9,114,177.481,2026-09-26T17:48:36.068,59,0,0
9,115,165.736,2026-09-26T17:51:21.804,59,0,1
9,116,201.431,2026-09-26T17:54:43.235,58,0,1
9,117,198.36,2026-09-26T17:58:01.595,58,0,1
9,118,293.37,2026-09-26T18:02:54.965,57,0,1
9,119,53700.976,2026-09-27T08:57:55.941,56,0,0
9,120,188.617,2026-09-27T09:01:04.558,55,0,0
9,121,189.002,2026-09-27T09:04:13.56,55,0,0
9,122,186.077,2026-09-27T09:07:19.637,55,0,0
9,123,190.06,2026-09-27T09:10:29.697,53,0,0
9,124,188.22,2026-09-27T09:13:37.917,55,0,0
9,125,212.281,2026-09-27T09:17:10.198,56,1,0
9,126,587.454,2026-09-27T09:26:57.652,57,0,0
9,127,137.725,2026-09-27T09:29:15.377,57,0,0
9,128,142.688,2026-09-27T09:31:38.065,56,0,0
9,129,143.003,2026-09-27T09:34:01.068,56,0,0
9,130,142.047,2026-09-27T09:36:23.115,54,0,0
9,131,141.949,2026-09-27T09:38:45.064,54,0,0
9,132,151.368,2026-09-27T09:41:16.432,54,0,0
9,133,161.905,2026-09-27T09:43:58.337,54,0,0
9,134,159.181,2026-09-27T09:46:37.518,54,0,0
9,135,152.951,2026-09-27T09:49:10.469,54,0,0
9,136,145.958,2026-09-27T09:51:36.427,54,0,0
9,137,149.948,2026-09-27T09:54:06.375,54,0,0
9,138,144.966,2026-09-27T09:56:31.341,54,0,0
9,139,137.159,2026-09-27T09:58:48.5,54,0,0
9,140,140.935,2026-09-27T10:01:09.435,52,0,0
9,141,146.064,2026-09-27T10:03:35.499,52,0,0
9,142,155.489,2026-09-27T10:06:10.988,52,0,0
9,143,146.305,2026-09-27T10:08:37.293,52,0,0
9,144,141.715,2026-09-27T10:10:59.008,51,0,0
9,145,146.892,2026-09-27T10:13:25.9,51,0,0
9,146,144.512,2026-09-27T10:15:50.412,51,0,0
9,147,141.701,2026-09-27T10:18:12.113,51,0,0
9,148,149.853,2026-09-27T10:20:41.966,51,0,0
9,149,141.596,2026-09-27T10:23:03.562,51,0,0
9,150,1232.61,2026-09-27T10:43:36.172,51,0,0
9,151,144.91,2026-09-27T10:46:01.082,51,0,0
9,152,153.017,2026-09-27T10:48:34.099,51,0,0
9,153,145.578,2026-09-27T10:50:59.677,51,0,0
9,154,135.252,2026-09-27T10:53:14.929,50,0,0
9,155,140.945,2026-09-27T10:55:35.874,50,0,0
9,156,147.556,2026-09-27T10:58:03.43,50,0,0
9,157,141.983,2026-09-27T11:00:25.413,48,0,0
9,158,148.496,2026-09-27T11:02:53.909,48,0,0
9,159,147.724,2026-09-27T11:05:21.633,48,0,0
9,160,148.537,2026-09-27T11:07:50.17,48,0,0
9,161,496.698,2026-09-27T11:16:06.868,51,1,0
9,162,177.2,2026-09-27T11:19:04.068,51,0,0
9,163,154.705,2026-09-27T11:21:38.773,50,0,0
9,164,152.694,2026-09-27T11:24:11.467,50,0,0
9,165,145.143,2026-09-27T11:26:36.61,48,0,0
9,166,148.898,2026-09-27T11:29:05.508,47,0,0
9,167,154.043,2026-09-27T11:31:39.551,46,0,0
9,168,152.178,2026-09-27T11:34:11.729,46,0,0
9,169,153.61,2026-09-27T11:36:45.339,46,0,0
9,170,158.328,2026-09-27T11:39:23.667,46,0,0
9,171,151.063,2026-09-27T11:41:54.73,45,0,0
9,172,146.422,2026-09-27T11:44:21.152,45,0,0
9,173,150.203,2026-09-27T11:46:51.355,45,0,0
9,174,160.631,2026-09-27T11:49:31.986,45,0,0
9,175,147.714,2026-09-27T11:51:59.7,45,0,0
9,176,145.78,2026-09-27T11:54:25.48,45,0,0
9,177,146.927,2026-09-27T11:56:52.407,44,0,0
9,178,154.008,2026-09-27T11:59:26.415,42,0,0
9,179,149.473,2026-09-27T12:01:55.888,41,0,0
9,180,151.05,2026-09-27T12:04:26.938,41,0,0
9,181,159.922,2026-09-27T12:07:06.86,41,0,0
9,182,156.629,2026-09-27T12:09:43.489,41,0,0
9,183,142.037,2026-09-27T12:12:05.526,41,0,0
9,184,149.647,2026-09-27T12:14:35.173,41,0,0
9,185,145.311,2026-09-27T12:17:00.484,40,0,0
858,1,186.789,2026-09-26T10:15:15.99,92,0,0
858,2,203.093,2026-09-26T10:18:39.083,92,0,0
858,3,182.556,2026-09-26T10:21:41.639,92,0,0
858,4,174.28,2026-09-26T10:24:35.919,91,0,0
858,5,173.928,2026-09-26T10:27:29.847,91,0,0
858,6,183.718,2026-09-26T10:30:33.565,89,0,0
858,7,169.088,2026-09-26T10:33:22.653,89,0,0
858,8,168.945,2026-09-26T10:36:11.598,86,0,0
858,9,189.042,2026-09-26T10:39:20.64,84,0,0
858,10,177.255,2026-09-26T10:42:17.895,80,0,0
858,11,174.082,2026-09-26T10:45:11.977,74,0,0
858,12,178.593,2026-09-26T10:48:10.57,73,0,0
858,13,186.98,2026-09-26T10:51:17.55,71,0,0
858,14,181.902,2026-09-26T10:54:19.452,70,0,0
858,15,162.912,2026-09-26T10:57:02.364,69,0,0
858,16,161.938,2026-09-26T10:59:44.302,68,0,0
858,17,164.009,2026-09-26T11:02:28.311,66,0,0
858,18,162.462,2026-09-26T11:05:10.773,66,0,0
858,19,162.391,2026-09-26T11:07:53.164,63,0,0
858,20,164.942,2026-09-26T11:10:38.106,62,0,0
858,21,161.373,2026-09-26T11:13:19.479,61,0,0
858,22,161.097,2026-09-26T11:16:00.576,60,0,0
858,23,169.185,2026-09-26T11:18:49.761,57,0,0
858,24,168.248,2026-09-26T11:21:38.009,54,0,0
858,25,163.109,2026-09-26T11:24:21.118,53,0,0
858,26,161.349,2026-09-26T11:27:02.467,53,0,0
858,27,177.305,2026-09-26T11:29:59.772,52,0,0
858,28,4365.087,2026-09-26T12:42:44.859,87,1,0
858,29,986.195,2026-09-26T12:59:11.054,87,0,0
858,30,184.627,2026-09-26T13:02:15.681,87,0,0
858,31,176.863,2026-09-26T13:05:12.544,87,0,0
858,32,170.436,2026-09-26T13:08:02.98,87,0,0
858,33,182.732,2026-09-26T13:11:05.712,86,0,0
858,34,175.018,2026-09-26T13:14:00.73,85,0,0
858,35,168.415,2026-09-26T13:16:49.145,85,0,0
858,36,170.131,2026-09-26T13:19:39.276,85,0,0
858,37,166.751,2026-09-26T13:22:26.027,85,0,0
858,38,158.801,2026-09-26T13:25:04.828,84,0,0
858,39,164.68,2026-09-26T13:27:49.508,84,0,0
858,40,177.722,2026-09-26T13:30:47.23,82,0,0
858,41,164.913,2026-09-26T13:33:32.143,80,0,0
858,42,181.009,2026-09-26T13:36:33.152,80,0,0
858,43,177.617,2026-09-26T13:39:30.769,79,0,0
858,44,171.308,2026-09-26T13:42:22.077,79,0,0
858,45,163.871,2026-09-26T13:45:05.948,77,0,0
858,46,164.292,2026-09-26T13:47:50.24,77,0,0
858,47,157.372,2026-09-26T13:50:27.612,77,0,0
858,48,162.436,2026-09-26T13:53:10.048,77,0,0
858,49,163.522,2026-09-26T13:55:53.57,77,0,0
858,50,200.7,2026-09-26T13:59:14.27,76,1,0
858,51,2722.851,2026-09-26T14:44:37.121,82,0,0
858,52,173.38,2026-09-26T14:47:30.501,82,0,0
858,53,167.324,2026-09-26T14:50:17.825,82,0,0
858,54,171.407,2026-09-26T14:53:09.232,82,0,0
858,55,175.743,2026-09-26T14:56:04.975,81,0,0
858,56,175.034,2026-09-26T14:59:00.009,81,0,0
858,57,163.734,2026-09-26T15:01:43.743,80,0,0
858,58,196.267,2026-09-26T15:05:00.01,80,1,0
858,59,850.628,2026-09-26T15:19:10.638,80,0,0
858,60,172.724,2026-09-26T15:22:03.362,80,0,0
858,61,166.68,2026-09-26T15:24:50.042,80,0,0
858,62,169.45,2026-09-26T15:27:39.492,80,0,0
858,63,205.57,2026-09-26T15:31:05.062,79,0,0
858,64,209.683,2026-09-26T15:34:34.745,79,0,0
858,65,165.898,2026-09-26T15:37:20.643,78,0,0
858,66,157.498,2026-09-26T15:39:58.141,78,0,0
858,67,157.372,2026-09-26T15:42:35.513,78,0,0
858,68,161.218,2026-09-26T15:45:16.731,78,0,0
858,69,166.805,2026-09-26T15:48:03.536,78,0,0
858,70,156.683,2026-09-26T15:50:40.219,77,0,0
858,71,177.015,2026-09-26T15:53:37.234,76,0,0
858,72,167.749,2026-09-26T15:56:24.983,76,0,1
858,73,293.481,2026-09-26T16:01:18.464,74,0,1
858,74,225.727,2026-09-26T16:05:04.191,74,0,1
858,75,241.209,2026-09-26T16:09:05.4,72,0,1
858,76,234.607,2026-09-26T16:13:00.007,72,1,1
858,77,314.559,2026-09-26T16:18:14.566,72,0,0
858,78,177.324,2026-09-26T16:21:11.89,72,0,0
858,79,199.01,2026-09-26T16:24:30.9,72,1,0
858,80,59609.199,2026-09-27T08:58:00.099,77,0,0
858,81,179.356,2026-09-27T09:00:59.455,77,0,0
858,82,176.019,2026-09-27T09:03:55.474,77,0,0
858,83,162.946,2026-09-27T09:06:38.42,77,0,0
858,84,161.234,2026-09-27T09:09:19.654,77,0,0
858,85,165.195,2026-09-27T09:12:04.849,77,0,0
858,86,156.457,2026-09-27T09:14:41.306,76,0,0
858,87,156.356,2026-09-27T09:17:17.662,76,0,0
858,88,154.897,2026-09-27T09:19:52.559,76,0,0
858,89,179.679,2026-09-27T09:22:52.238,76,0,0
858,90,164.192,2026-09-27T09:25:36.43,76,0,0
858,91,165.396,2026-09-27T09:28:21.826,76,0,0
858,92,155.37,2026-09-27T09:30:57.196,76,0,0
858,93,152.783,2026-09-27T09:33:29.979,76,0,0
858,94,159.574,2026-09-27T09:36:09.553,76,0,0
858,95,152.038,2026-09-27T09:38:41.591,76,0,0
858,96,156.571,2026-09-27T09:41:18.162,76,0,0
858,97,167.835,2026-09-27T09:44:05.997,76,0,0
858,98,164.703,2026-09-27T09:46:50.7,76,0,0
858,99,171.505,2026-09-27T09:49:42.205,76,0,0
858,100,159.138,2026-09-27T09:52:21.343,76,0,0
858,101,148.607,2026-09-27T09:54:49.95,76,0,0
858,102,149.729,2026-09-27T09:57:19.679,77,0,0
858,103,151.147,2026-09-27T09:59:50.826,77,0,0
858,104,153.522,2026-09-27T10:02:24.348,77,0,0
858,105,151.49,2026-09-27T10:04:55.838,77,0,0
858,106,157.809,2026-09-27T10:07:33.647,77,0,0
858,107,151.018,2026-09-27T10:10:04.665,77,0,0
858,108,153.637,2026-09-27T10:12:38.302,77,0,0
858,109,153.878,2026-09-27T10:15:12.18,77,0,0
858,110,150.503,2026-09-27T10:17:42.683,77,0,0
858,111,155.654,2026-09-27T10:20:18.337,77,0,0
858,112,173.348,2026-09-27T10:23:11.685,77,1,0
858,113,2294.969,2026-09-27T11:01:26.654,77,0,0
858,114,236.771,2026-09-27T11:05:23.425,77,0,0
858,115,245.751,2026-09-27T11:09:29.176,76,0,0
858,116,239.356,2026-09-27T11:13:28.532,76,0,0
858,117,236.148,2026-09-27T11:17:24.68,76,0,0
858,118,228.655,2026-09-27T11:21:13.335,76,0,0
858,119,221.749,2026-09-27T11:24:55.084,75,0,0
858,120,224.917,2026-09-27T11:28:40.001,75,0,0
858,121,221.318,2026-09-27T11:32:21.319,74,0,0
858,122,219.963,2026-09-27T11:36:01.282,74,0,0
858,123,206.529,2026-09-27T11:39:27.811,73,0,0
858,124,226.292,2026-09-27T11:43:14.103,73,0,0
858,125,213.06,2026-09-27T11:46:47.163,72,0,0
858,126,205.823,2026-09-27T11:50:12.986,72,0,0
858,127,215.653,2026-09-27T11:53:48.639,71,0,0
858,128,215.49,2026-09-27T11:57:24.129,70,0,0
858,129,209.642,2026-09-27T12:00:53.771,70,0,0
858,130,241.472,2026-09-27T12:04:55.243,69,1,0
858,131,1603.834,2026-09-27T12:31:39.077,70,0,0
858,132,174.408,2026-09-27T12:34:33.485,70,0,0
858,133,174.959,2026-09-27T12:37:28.444,70,0,0
858,134,176.359,2026-09-27T12:40:24.803,70,0,0
858,135,178.486,2026-09-27T12:43:23.289,70,0,0
858,136,175.344,2026-09-27T12:46:18.633,70,0,0
858,137,171.15,2026-09-27T12:49:09.783,70,0,0
858,138,174.382,2026-09-27T12:52:04.165,70,0,0
858,139,173.984,2026-09-27T12:54:58.149,70,0,0
858,140,176.442,2026-09-27T12:57:54.591,69,0,0
858,141,169.491,2026-09-27T13:00:44.082,69,0,0
858,142,171.694,2026-09-27T13:03:35.776,69,0,0
858,143,177.313,2026-09-27T13:06:33.089,69,0,0
858,144,169.32,2026-09-27T13:09:22.409,69,0,0
858,145,177.225,2026-09-27T13:12:19.634,69,0,0
858,146,176.092,2026-09-27T13:15:15.726,69,0,0
858,147,171.964,2026-09-27T13:18:07.69,69,0,0
858,148,172.931,2026-09-27T13:21:00.621,69,0,0
858,149,169.626,2026-09-27T13:23:50.247,69,0,0
858,150,199.446,2026-09-27T13:27:09.693,69,1,0
858,151,1709.761,2026-09-27T13:55:39.454,71,0,0
858,152,169.906,2026-09-27T13:58:29.36,71,0,0
858,153,175.27,2026-09-27T14:01:24.63,71,0,0
858,154,173.5,2026-09-27T14:04:18.13,70,0,0
858,155,168.085,2026-09-27T14:07:06.215,70,0,0
858,156,168.972,2026-09-27T14:09:55.187,70,0,0
858,157,180.379,2026-09-27T14:12:55.566,70,0,0
858,158,174.833,2026-09-27T14:15:50.399,70,0,0
858,159,169.303,2026-09-27T14:18:39.702,70,0,0
858,160,167.432,2026-09-27T14:21:27.134,70,0,0
858,161,161.566,2026-09-27T14:24:08.7,70,0,0
858,162,162.792,2026-09-27T14:26:51.492,70,0,0
858,163,167.505,2026-09-27T14:29:38.997,69,0,0
858,164,161.294,2026-09-27T14:32:20.291,69,0,0
858,165,160.161,2026-09-27T14:35:00.452,69,0,0
858,166,167.765,2026-09-27T14:37:48.217,69,0,0
858,167,167.557,2026-09-27T14:40:35.774,69,0,0
858,168,172.833,2026-09-27T14:43:28.607,69,0,0
858,169,169.177,2026-09-27T14:46:17.784,69,0,0
858,170,164.12,2026-09-27T14:49:01.904,69,0,0
858,171,169.347,2026-09-27T14:51:51.251,68,0,0
858,172,165.38,2026-09-27T14:54:36.631,68,0,0
858,173,167.537,2026-09-27T14:57:24.168,68,0,0
858,174,170.026,2026-09-27T15:00:14.194,67,0,0
858,175,170.186,2026-09-27T15:03:04.38,67,0,0
858,176,162.78,2026-09-27T15:05:47.16,67,0,0
858,177,169.445,2026-09-27T15:08:36.605,67,0,0
858,178,172.198,2026-09-27T15:11:28.803,66,0,0
858,179,163.317,2026-09-27T15:14:12.12,65,0,0
858,180,170.209,2026-09-27T15:17:02.329,65,0,0
858,181,167.483,2026-09-27T15:19:49.812,65,0,0
858,182,165.83,2026-09-27T15:22:35.642,65,0,0
858,183,173.007,2026-09-27T15:25:28.649,65,0,0
858,184,168.93,2026-09-27T15:28:17.579,65,0,0
858,185,170.253,2026-09-27T15:31:07.832,64,0,0
99,1,186.102,2026-09-26T10:07:47.939,73,0,0
99,2,170.124,2026-09-26T10:10:38.063,73,0,0
99,3,210.579,2026-09-26T10:14:08.642,71,0,0
99,4,179.187,2026-09-26T10:17:07.829,71,0,0
99,5,173.275,2026-09-26T10:20:01.104,70,0,0
99,6,188.326,2026-09-26T10:23:09.43,66,0,0
99,7,166.001,2026-09-26T10:25:55.431,64,0,0
99,8,159.952,2026-09-26T10:28:35.383,61,0,0
99,9,158.333,2026-09-26T10:31:13.716,60,0,0
99,10,163.244,2026-09-26T10:33:56.96,56,0,0
99,11,3721.252,2026-09-26T11:35:58.212,92,0,0
99,12,163.222,2026-09-26T11:38:41.434,92,0,0
99,13,166.94,2026-09-26T11:41:28.374,90,0,0
99,14,183.035,2026-09-26T11:44:31.409,90,0,0
99,15,169.682,2026-09-26T11:47:21.091,89,0,0
99,16,157.434,2026-09-26T11:49:58.525,89,0,0
99,17,163.911,2026-09-26T11:52:42.436,88,0,0
99,18,156.942,2026-09-26T11:55:19.378,88,0,0
99,19,160.52,2026-09-26T11:57:59.898,88,0,0
99,20,162.43,2026-09-26T12:00:42.328,88,0,0
99,21,157.265,2026-09-26T12:03:19.593,86,0,0
99,22,163.91,2026-09-26T12:06:03.503,86,0,0
99,23,174.87,2026-09-26T12:08:58.373,86,0,0
99,24,168.843,2026-09-26T12:11:47.216,85,0,0
99,25,171.606,2026-09-26T12:14:38.822,85,0,0
99,26,166.237,2026-09-26T12:17:25.059,85,0,0
99,27,187.374,2026-09-26T12:20:32.433,85,0,0
99,28,166.216,2026-09-26T12:23:18.649,83,0,0
99,29,166.188,2026-09-26T12:26:04.837,83,0,0
99,30,163.142,2026-09-26T12:28:47.979,82,0,0
99,31,158.393,2026-09-26T12:31:26.372,82,0,0
99,32,157.22,2026-09-26T12:34:03.592,82,0,0
99,33,157.112,2026-09-26T12:36:40.704,81,0,0
99,34,159.341,2026-09-26T12:39:20.045,80,0,0
99,35,193.823,2026-09-26T12:42:33.868,80,0,0
99,36,474.423,2026-09-26T12:50:28.291,80,1,0
99,37,201.712,2026-09-26T12:53:50.003,80,0,0
99,38,164.936,2026-09-26T12:56:34.939,79,0,0
99,39,173.145,2026-09-26T12:59:28.084,79,0,0
99,40,173.126,2026-09-26T13:02:21.21,76,0,0
99,41,2050.916,2026-09-26T13:36:32.126,81,0,0
99,42,182.043,2026-09-26T13:39:34.169,81,0,0
99,43,183.832,2026-09-26T13:42:38.001,80,0,0
99,44,178.095,2026-09-26T13:45:36.096,80,0,0
99,45,179.209,2026-09-26T13:48:35.305,78,0,0
99,46,179.716,2026-09-26T13:51:35.021,78,0,0
99,47,182.167,2026-09-26T13:54:37.188,78,0,0
99,48,176.281,2026-09-26T13:57:33.469,78,0,0
99,49,172.091,2026-09-26T14:00:25.56,78,0,0
99,50,171.683,2026-09-26T14:03:17.243,77,0,0
99,51,171.608,2026-09-26T14:06:08.851,75,0,0
99,52,172.737,2026-09-26T14:09:01.588,75,0,0
99,53,170.862,2026-09-26T14:11:52.45,75,0,0
99,54,173.232,2026-09-26T14:14:45.682,75,0,0
99,55,167.194,2026-09-26T14:17:32.876,74,0,0
99,56,171.328,2026-09-26T14:20:24.204,74,0,0
99,57,174.74,2026-09-26T14:23:18.944,73,0,0
99,58,172.297,2026-09-26T14:26:11.241,73,0,0
99,59,165.796,2026-09-26T14:28:57.037,72,0,0
99,60,163.731,2026-09-26T14:31:40.768,72,0,0
99,61,168.897,2026-09-26T14:34:29.665,72,0,0
99,62,167.111,2026-09-26T14:37:16.776,72,0,0
99,63,169.107,2026-09-26T14:40:05.883,72,0,0
99,64,170.501,2026-09-26T14:42:56.384,72,0,0
99,65,166.95,2026-09-26T14:45:43.334,72,0,0
99,66,178.384,2026-09-26T14:48:41.718,71,0,0
99,67,173.938,2026-09-26T14:51:35.656,71,0,0
99,68,166.322,2026-09-26T14:54:21.978,71,0,0
99,69,192.721,2026-09-26T14:57:34.699,70,0,0
99,70,170.918,2026-09-26T15:00:25.617,68,0,0
99,71,179.256,2026-09-26T15:03:24.873,66,0,0
99,72,184.094,2026-09-26T15:06:28.967,66,0,0
99,73,171.219,2026-09-26T15:09:20.186,65,0,0
99,74,176.763,2026-09-26T15:12:16.949,64,0,0
99,75,172.91,2026-09-26T15:15:09.859,63,0,0
99,76,165.77,2026-09-26T15:17:55.629,63,0,0
99,77,172.116,2026-09-26T15:20:47.745,62,0,0
99,78,175.59,2026-09-26T15:23:43.335,60,0,0
99,79,173.563,2026-09-26T15:26:36.898,60,0,0
99,80,429.709,2026-09-26T15:33:46.607,63,1,0
99,81,231.727,2026-09-26T15:37:38.334,62,0,0
99,82,174.466,2026-09-26T15:40:32.8,62,0,0
99,83,172.81,2026-09-26T15:43:25.61,61,0,0
99,84,168.145,2026-09-26T15:46:13.755,60,0,0
99,85,168.889,2026-09-26T15:49:02.644,58,0,0
99,86,164.801,2026-09-26T15:51:47.445,57,0,0
99,87,169.6,2026-09-26T15:54:37.045,57,0,0
99,88,175.233,2026-09-26T15:57:32.278,56,0,1
99,89,271.266,2026-09-26T16:02:03.544,55,0,1
99,90,235.196,2026-09-26T16:05:58.74,55,0,1
99,91,240.075,2026-09-26T16:09:58.815,55,0,1
99,92,244.179,2026-09-26T16:14:02.994,54,0,1
99,93,231.187,2026-09-26T16:17:54.181,53,0,0
99,94,173.357,2026-09-26T16:20:47.538,52,0,0
99,95,160.209,2026-09-26T16:23:27.747,52,0,0
99,96,167.454,2026-09-26T16:26:15.201,52,0,0
99,97,159.921,2026-09-26T16:28:55.122,51,0,0
99,98,159.344,2026-09-26T16:31:34.466,51,0,0
99,99,161.755,2026-09-26T16:34:16.221,51,0,0
99,100,155.85,2026-09-26T16:36:52.071,51,0,0
99,101,156.757,2026-09-26T16:39:28.828,51,0,0
99,102,152.969,2026-09-26T16:42:01.797,50,0,0
99,103,163.635,2026-09-26T16:44:45.432,50,0,0
99,104,170.856,2026-09-26T16:47:36.288,50,0,0
99,105,324.03,2026-09-26T16:53:00.318,51,1,0
99,106,193.196,2026-09-26T16:56:13.514,50,0,0
99,107,154.221,2026-09-26T16:58:47.735,49,0,0
99,108,152.599,2026-09-26T17:01:20.334,49,0,0
99,109,159.613,2026-09-26T17:03:59.947,48,0,0
99,110,154.751,2026-09-26T17:06:34.698,48,0,0
99,111,166.566,2026-09-26T17:09:21.264,48,0,0
99,112,170.116,2026-09-26T17:12:11.38,48,0,0
99,113,170.442,2026-09-26T17:15:01.822,47,0,0
99,114,173.184,2026-09-26T17:17:55.006,47,0,0
99,115,167.183,2026-09-26T17:20:42.189,47,0,0
99,116,163.521,2026-09-26T17:23:25.71,47,0,0
99,117,155.344,2026-09-26T17:26:01.054,47,0,0
99,118,163.244,2026-09-26T17:28:44.298,46,0,0
99,119,160.167,2026-09-26T17:31:24.465,46,0,0
99,120,159.299,2026-09-26T17:34:03.764,45,0,0
99,121,160.045,2026-09-26T17:36:43.809,45,0,0
99,122,167.473,2026-09-26T17:39:31.282,45,0,0
99,123,169.114,2026-09-26T17:42:20.396,45,0,0
99,124,180.721,2026-09-26T17:45:21.117,44,0,0
99,125,155.752,2026-09-26T17:47:56.869,44,0,0
99,126,157.712,2026-09-26T17:50:34.581,44,0,1
99,127,194.749,2026-09-26T17:53:49.33,44,0,1
99,128,221.361,2026-09-26T17:57:30.691,43,0,1
99,129,303.929,2026-09-26T18:02:34.62,43,0,1
99,130,53725.205,2026-09-27T08:57:59.825,41,0,0
99,131,178.708,2026-09-27T09:00:58.533,41,0,0
99,132,172.815,2026-09-27T09:03:51.348,41,0,0
99,133,161.794,2026-09-27T09:06:33.142,41,0,0
99,134,164.345,2026-09-27T09:09:17.487,41,0,0
99,135,166.093,2026-09-27T09:12:03.58,41,0,0
99,136,153.247,2026-09-27T09:14:36.827,41,0,0
99,137,156.799,2026-09-27T09:17:13.626,41,0,0
99,138,156.135,2026-09-27T09:19:49.761,41,0,0
99,139,179.926,2026-09-27T09:22:49.687,41,0,0
99,140,159.817,2026-09-27T09:25:29.504,40,0,0
99,141,171.009,2026-09-27T09:28:20.513,40,0,0
99,142,155.033,2026-09-27T09:30:55.546,40,0,0
99,143,151.839,2026-09-27T09:33:27.385,40,0,0
99,144,152.512,2026-09-27T09:35:59.897,40,0,0
99,145,148.931,2026-09-27T09:38:28.828,40,0,0
99,146,153.915,2026-09-27T09:41:02.743,40,0,0
99,147,167.582,2026-09-27T09:43:50.325,40,0,0
99,148,169.409,2026-09-27T09:46:39.734,40,0,0
99,149,154.492,2026-09-27T09:49:14.226,40,0,0
99,150,151.129,2026-09-27T09:51:45.355,40,0,0
99,151,152.294,2026-09-27T09:54:17.649,40,0,0
99,152,154.943,2026-09-27T09:56:52.592,39,0,0
99,153,156.224,2026-09-27T09:59:28.816,39,0,0
99,154,152.697,2026-09-27T10:02:01.513,39,0,0
99,155,151.514,2026-09-27T10:04:33.027,39,0,0
99,156,154.869,2026-09-27T10:07:07.896,39,0,0
99,157,153.462,2026-09-27T10:09:41.358,39,0,0
99,158,150.257,2026-09-27T10:12:11.615,39,0,0
99,159,395.496,2026-09-27T10:18:47.111,38,1,0
99,160,349.022,2026-09-27T10:24:36.133,40,0,0
99,161,1197.121,2026-09-27T10:44:33.254,40,0,0
99,162,171.784,2026-09-27T10:47:25.038,39,0,0
99,163,170.258,2026-09-27T10:50:15.296,39,0,0
99,164,168.664,2026-09-27T10:53:03.96,39,0,0
99,165,165.106,2026-09-27T10:55:49.066,38,0,0
99,166,169.981,2026-09-27T10:58:39.047,38,0,0
99,167,174.044,2026-09-27T11:01:33.091,38,0,0
99,168,194.748,2026-09-27T11:04:47.839,38,1,0
99,169,677.474,2026-09-27T11:16:05.313,43,0,0
99,170,175.192,2026-09-27T11:19:00.505,43,0,0
99,171,176.775,2026-09-27T11:21:57.28,42,0,0
99,172,177.239,2026-09-27T11:24:54.519,42,0,0
99,173,173.469,2026-09-27T11:27:47.988,42,0,0
99,174,180.853,2026-09-27T11:30:48.841,41,0,0
99,175,179.344,2026-09-27T11:33:48.185,40,0,0
99,176,176.978,2026-09-27T11:36:45.163,40,0,0
99,177,172.665,2026-09-27T11:39:37.828,40,0,0
99,178,169.021,2026-09-27T11:42:26.849,39,0,0
99,179,164.104,2026-09-27T11:45:10.953,38,0,0
99,180,165.504,2026-09-27T11:47:56.457,38,0,0
99,181,166.507,2026-09-27T11:50:42.964,38,0,0
99,182,167.56,2026-09-27T11:53:30.524,38,0,0
99,183,169.471,2026-09-27T11:56:19.995,37,0,0
99,184,178.76,2026-09-27T11:59:18.755,37,0,0
16,1,187.964,2026-09-26T10:08:47.346,81,0,0
16,2,192.338,2026-09-26T10:11:59.684,81,0,0
16,3,175.782,2026-09-26T10:14:55.466,77,0,0
16,4,217.098,2026-09-26T10:18:32.564,76,0,0
16,5,158.537,2026-09-26T10:21:11.101,76,0,0
16,6,163.343,2026-09-26T10:23:54.444,74,0,0
16,7,169.399,2026-09-26T10:26:43.843,73,0,0
16,8,160.836,2026-09-26T10:29:24.679,69,0,0
16,9,165.286,2026-09-26T10:32:09.965,67,0,0
16,10,167.719,2026-09-26T10:34:57.684,63,0,0
16,11,154.532,2026-09-26T10:37:32.216,60,0,0
16,12,162.748,2026-09-26T10:40:14.964,58,0,0
16,13,202.556,2026-09-26T10:43:37.52,56,0,0
16,14,183.727,2026-09-26T10:46:41.247,55,1,0
16,15,494.007,2026-09-26T10:54:55.254,66,0,0
16,16,166.279,2026-09-26T10:57:41.533,63,0,0
16,17,185.141,2026-09-26T11:00:46.674,59,0,0
16,18,158.17,2026-09-26T11:03:24.844,58,0,0
16,19,162.2,2026-09-26T11:06:07.044,58,0,0
16,20,161.081,2026-09-26T11:08:48.125,56,0,0
16,21,171.817,2026-09-26T11:11:39.942,56,0,0
16,22,172.0,2026-09-26T11:14:31.942,54,0,0
16,23,190.235,2026-09-26T11:17:42.177,51,1,0
16,24,376.176,2026-09-26T11:23:58.353,59,0,0
16,25,174.291,2026-09-26T11:26:52.644,57,0,0
16,26,166.354,2026-09-26T11:29:38.998,58,0,0
16,27,171.222,2026-09-26T11:32:30.22,58,0,0
16,28,167.882,2026-09-26T11:35:18.102,57,0,0
16,29,183.441,2026-09-26T11:38:21.543,58,0,0
16,30,178.566,2026-09-26T11:41:20.109,57,0,0
16,31,193.678,2026-09-26T11:44:33.787,58,0,0
16,32,209.247,2026-09-26T11:48:03.034,58,1,0
16,33,5211.055,2026-09-26T13:14:54.089,87,0,0
16,34,178.642,2026-09-26T13:17:52.731,86,0,0
16,35,177.397,2026-09-26T13:20:50.128,86,0,0
16,36,173.153,2026-09-26T13:23:43.281,86,0,0
16,37,171.534,2026-09-26T13:26:34.815,86,0,0
16,38,172.973,2026-09-26T13:29:27.788,85,0,0
16,39,170.655,2026-09-26T13:32:18.443,85,0,0
16,40,167.848,2026-09-26T13:35:06.291,83,0,0
16,41,170.104,2026-09-26T13:37:56.395,82,0,0
16,42,169.729,2026-09-26T13:40:46.124,82,0,0
16,43,171.031,2026-09-26T13:43:37.155,81,0,0
16,44,174.81,2026-09-26T13:46:31.965,81,0,0
16,45,181.895,2026-09-26T13:49:33.86,79,0,0
16,46,179.274,2026-09-26T13:52:33.134,79,0,0
16,47,382.368,2026-09-26T13:58:55.502,79,1,0
16,48,210.056,2026-09-26T14:02:25.558,79,0,0
16,49,180.367,2026-09-26T14:05:25.925,79,1,0
16,50,530.735,2026-09-26T14:14:16.66,81,0,0
16,51,173.405,2026-09-26T14:17:10.065,80,0,0
16,52,187.16,2026-09-26T14:20:17.225,80,0,0
16,53,180.711,2026-09-26T14:23:17.936,79,0,0
16,54,177.037,2026-09-26T14:26:14.973,78,0,0
16,55,170.653,2026-09-26T14:29:05.626,77,0,0
16,56,170.581,2026-09-26T14:31:56.207,76,0,0
16,57,172.756,2026-09-26T14:34:48.963,75,0,0
16,58,171.507,2026-09-26T14:37:40.47,75,0,0
16,59,175.857,2026-09-26T14:40:36.327,74,0,0
16,60,169.696,2026-09-26T14:43:26.023,74,0,0
16,61,173.254,2026-09-26T14:46:19.277,74,0,0
16,62,179.622,2026-09-26T14:49:18.899,74,0,0
16,63,193.498,2026-09-26T14:52:32.397,74,0,0
16,64,186.559,2026-09-26T14:55:38.956,74,0,0
16,65,5086.963,2026-09-26T16:20:25.919,81,0,0
16,66,179.911,2026-09-26T16:23:25.83,81,0,0
16,67,182.395,2026-09-26T16:26:28.225,81,0,0
16,68,183.868,2026-09-26T16:29:32.093,81,0,0
16,69,183.899,2026-09-26T16:32:35.992,80,0,0
16,70,176.946,2026-09-26T16:35:32.938,79,0,0
16,71,179.132,2026-09-26T16:38:32.07,78,0,0
16,72,181.683,2026-09-26T16:41:33.753,79,0,0
16,73,183.657,2026-09-26T16:44:37.41,78,0,0
16,74,185.268,2026-09-26T16:47:42.678,78,0,0
16,75,182.031,2026-09-26T16:50:44.709,77,0,0
16,76,178.753,2026-09-26T16:53:43.462,76,0,0
16,77,179.196,2026-09-26T16:56:42.658,76,0,0
16,78,181.732,2026-09-26T16:59:44.39,76,0,0
16,79,315.337,2026-09-26T17:04:59.727,76,1,0
16,80,244.95,2026-09-26T17:09:04.677,75,0,0
16,81,174.926,2026-09-26T17:11:59.603,75,0,0
16,82,191.456,2026-09-26T17:15:11.059,75,0,0
16,83,181.697,2026-09-26T17:18:12.756,75,0,0
16,84,181.481,2026-09-26T17:21:14.237,75,0,0
16,85,187.166,2026-09-26T17:24:21.403,75,0,0
16,86,172.807,2026-09-26T17:27:14.21,75,0,0
16,87,178.715,2026-09-26T17:30:12.925,75,0,0
16,88,175.45,2026-09-26T17:33:08.375,74,0,0
16,89,170.491,2026-09-26T17:35:58.866,74,0,0
16,90,161.979,2026-09-26T17:38:40.845,74,0,0
16,91,166.389,2026-09-26T17:41:27.234,74,0,0
16,92,169.835,2026-09-26T17:44:17.069,74,0,0
16,93,159.057,2026-09-26T17:46:56.126,74,0,0
16,94,158.265,2026-09-26T17:49:34.391,74,0,0
16,95,210.341,2026-09-26T17:53:04.732,74,0,1
16,96,233.208,2026-09-26T17:56:57.94,74,0,1
16,97,295.012,2026-09-26T18:01:52.952,74,0,1
16,98,54348.036,2026-09-27T09:07:40.988,74,0,0
16,99,174.731,2026-09-27T09:10:35.719,74,0,0
16,100,169.09,2026-09-27T09:13:24.809,74,0,0
16,101,154.67,2026-09-27T09:15:59.479,74,0,0
16,102,151.938,2026-09-27T09:18:31.417,74,0,0
16,103,171.625,2026-09-27T09:21:23.042,74,0,0
16,104,186.045,2026-09-27T09:24:29.087,74,0,0
16,105,165.795,2026-09-27T09:27:14.882,74,0,0
16,106,162.831,2026-09-27T09:29:57.713,74,0,0
16,107,148.811,2026-09-27T09:32:26.524,74,0,0
16,108,161.486,2026-09-27T09:35:08.01,73,0,0
16,109,169.328,2026-09-27T09:37:57.338,73,0,0
16,110,160.2,2026-09-27T09:40:37.538,73,0,0
16,111,169.119,2026-09-27T09:43:26.657,73,0,0
16,112,172.47,2026-09-27T09:46:19.127,73,0,0
16,113,167.498,2026-09-27T09:49:06.625,72,0,0
16,114,167.502,2026-09-27T09:51:54.127,72,0,0
16,115,173.732,2026-09-27T09:54:47.859,72,0,0
16,116,171.428,2026-09-27T09:57:39.287,71,0,0
16,117,178.611,2026-09-27T10:00:37.898,70,0,0
16,118,172.77,2026-09-27T10:03:30.668,70,0,0
16,119,175.08,2026-09-27T10:06:25.748,69,0,0
16,120,170.892,2026-09-27T10:09:16.64,69,0,0
16,121,173.633,2026-09-27T10:12:10.273,69,0,0
16,122,180.55,2026-09-27T10:15:10.823,69,0,0
16,123,175.285,2026-09-27T10:18:06.108,68,0,0
16,124,172.886,2026-09-27T10:20:58.994,68,0,0
16,125,175.438,2026-09-27T10:23:54.432,67,0,0
16,126,1193.801,2026-09-27T10:43:48.233,67,0,0
16,127,172.154,2026-09-27T10:46:40.387,66,0,0
16,128,186.879,2026-09-27T10:49:47.266,65,0,0
16,129,181.686,2026-09-27T10:52:48.952,65,0,0
16,130,192.712,2026-09-27T10:56:01.664,64,1,0
16,131,3858.224,2026-09-27T12:00:19.888,68,0,0
16,132,170.273,2026-09-27T12:03:10.161,68,0,0
16,133,171.13,2026-09-27T12:06:01.291,68,0,0
16,134,179.7,2026-09-27T12:09:00.991,68,0,0
16,135,169.798,2026-09-27T12:11:50.789,68,0,0
16,136,167.591,2026-09-27T12:14:38.38,68,0,0
16,137,168.305,2026-09-27T12:17:26.685,68,0,0
16,138,167.681,2026-09-27T12:20:14.366,68,0,0
16,139,174.866,2026-09-27T12:23:09.232,68,0,0
16,140,168.787,2026-09-27T12:25:58.019,67,0,0
16,141,168.707,2026-09-27T12:28:46.726,66,0,0
16,142,167.339,2026-09-27T12:31:34.065,66,0,0
16,143,167.786,2026-09-27T12:34:21.851,66,0,0
16,144,165.416,2026-09-27T12:37:07.267,66,0,0
16,145,170.626,2026-09-27T12:39:57.893,66,0,0
16,146,173.307,2026-09-27T12:42:51.2,66,0,0
16,147,182.64,2026-09-27T12:45:53.84,66,0,0
16,148,184.165,2026-09-27T12:48:58.005,66,1,0
16,149,753.443,2026-09-27T13:01:31.448,67,0,0
16,150,176.539,2026-09-27T13:04:27.987,67,0,0
16,151,169.44,2026-09-27T13:07:17.427,67,0,0
16,152,169.884,2026-09-27T13:10:07.311,67,0,0
16,153,170.397,2026-09-27T13:12:57.708,67,0,0
16,154,174.45,2026-09-27T13:15:52.158,66,0,0
16,155,175.752,2026-09-27T13:18:47.91,66,0,0
16,156,170.494,2026-09-27T13:21:38.404,66,0,0
16,157,170.926,2026-09-27T13:24:29.33,66,0,0
16,158,169.353,2026-09-27T13:27:18.683,66,0,0
16,159,184.92,2026-09-27T13:30:23.603,66,1,0
16,160,3005.351,2026-09-27T14:20:28.954,69,0,0
16,161,181.557,2026-09-27T14:23:30.511,69,0,0
16,162,189.869,2026-09-27T14:26:40.38,69,0,0
16,163,188.408,2026-09-27T14:29:48.788,70,0,0
16,164,191.501,2026-09-27T14:33:00.289,70,0,0
16,165,185.161,2026-09-27T14:36:05.45,70,0,0
16,166,185.623,2026-09-27T14:39:11.073,70,0,0
16,167,185.506,2026-09-27T14:42:16.579,70,0,0
16,168,176.519,2026-09-27T14:45:13.098,70,0,0
16,169,186.9,2026-09-27T14:48:19.998,70,0,0
16,170,183.631,2026-09-27T14:51:23.629,70,0,0
16,171,199.422,2026-09-27T14:54:43.051,69,0,0
16,172,189.316,2026-09-27T14:57:52.367,69,0,0
16,173,190.175,2026-09-27T15:01:02.542,69,0,0
16,174,190.002,2026-09-27T15:04:12.544,68,0,0
16,175,186.828,2026-09-27T15:07:19.372,68,0,0
16,176,177.625,2026-09-27T15:10:16.997,68,0,0
16,177,179.267,2026-09-27T15:13:16.264,68,0,0
16,178,174.426,2026-09-27T15:16:10.69,67,0,0
16,179,180.113,2026-09-27T15:19:10.803,66,0,0
16,180,179.529,2026-09-27T15:22:10.332,66,0,0
16,181,176.093,2026-09-27T15:25:06.425,66,0,0
16,182,175.195,2026-09-27T15:28:01.62,66,0,0
16,183,178.697,2026-09-27T15:31:00.317,66,0,0
975,1,162.644,2026-09-26T10:06:48.234,53,0,0
975,2,164.956,2026-09-26T10:09:33.19,48,0,0
975,3,194.361,2026-09-26T10:12:47.551,48,0,0
975,4,168.684,2026-09-26T10:15:36.235,47,0,0
975,5,194.218,2026-09-26T10:18:50.453,42,0,0
975,6,173.375,2026-09-26T10:21:43.828,37,0,0
975,7,152.238,2026-09-26T10:24:16.066,35,0,0
975,8,910.364,2026-09-26T10:39:26.43,87,0,0
975,9,181.794,2026-09-26T10:42:28.224,85,1,0
975,10,547.646,2026-09-26T10:51:35.87,85,0,0
975,11,165.169,2026-09-26T10:54:21.039,79,0,0
975,12,152.337,2026-09-26T10:56:53.376,79,0,0
975,13,155.125,2026-09-26T10:59:28.501,78,0,0
975,14,162.573,2026-09-26T11:02:11.074,77,0,0
975,15,150.517,2026-09-26T11:04:41.591,76,0,0
975,16,155.798,2026-09-26T11:07:17.389,76,0,0
975,17,155.422,2026-09-26T11:09:52.811,75,0,0
975,18,150.768,2026-09-26T11:12:23.579,75,0,0
975,19,156.1,2026-09-26T11:14:59.679,75,0,0
975,20,168.301,2026-09-26T11:17:47.98,74,0,0
975,21,158.441,2026-09-26T11:20:26.421,73,0,0
975,22,170.1,2026-09-26T11:23:16.521,72,0,0
975,23,153.212,2026-09-26T11:25:49.733,69,0,0
975,24,161.349,2026-09-26T11:28:31.082,67,0,0
975,25,157.217,2026-09-26T11:31:08.299,66,0,0
975,26,161.555,2026-09-26T11:33:49.854,65,0,0
975,27,161.982,2026-09-26T11:36:31.836,65,0,0
975,28,171.875,2026-09-26T11:39:23.711,63,0,0
975,29,154.725,2026-09-26T11:41:58.436,62,0,0
975,30,173.911,2026-09-26T11:44:52.347,61,0,0
975,31,172.712,2026-09-26T11:47:45.059,61,0,0
975,32,155.134,2026-09-26T11:50:20.193,60,0,0
975,33,151.556,2026-09-26T11:52:51.749,56,0,0
975,34,151.095,2026-09-26T11:55:22.844,53,0,0
975,35,154.161,2026-09-26T11:57:57.005,51,0,0
975,36,155.455,2026-09-26T12:00:32.46,50,0,0
975,37,153.098,2026-09-26T12:03:05.558,49,0,0
975,38,164.573,2026-09-26T12:05:50.131,47,0,0
975,39,149.83,2026-09-26T12:08:19.961,46,0,0
975,40,157.923,2026-09-26T12:10:57.884,45,0,0
975,41,155.43,2026-09-26T12:13:33.314,40,0,0
975,42,163.898,2026-09-26T12:16:17.212,40,0,0
975,43,173.146,2026-09-26T12:19:10.358,39,1,0
975,44,423.077,2026-09-26T12:26:13.435,45,0,0
975,45,173.811,2026-09-26T12:29:07.246,44,0,0
975,46,178.455,2026-09-26T12:32:05.701,45,0,0
975,47,171.943,2026-09-26T12:34:57.644,45,0,0
975,48,160.24,2026-09-26T12:37:37.884,45,0,0
975,49,166.42,2026-09-26T12:40:24.304,45,0,0
975,50,168.984,2026-09-26T12:43:13.288,44,0,0
975,51,172.462,2026-09-26T12:46:05.75,42,0,0
975,52,171.467,2026-09-26T12:48:57.217,41,0,0
975,53,168.621,2026-09-26T12:51:45.838,41,0,0
975,54,173.173,2026-09-26T12:54:39.011,40,0,0
975,55,170.007,2026-09-26T12:57:29.018,40,0,0
975,56,173.888,2026-09-26T13:00:22.906,40,0,0
975,57,166.694,2026-09-26T13:03:09.6,40,0,0
975,58,166.63,2026-09-26T13:05:56.23,39,0,0
975,59,172.899,2026-09-26T13:08:49.129,39,0,0
975,60,172.691,2026-09-26T13:11:41.82,38,0,0
975,61,170.69,2026-09-26T13:14:32.51,38,0,0
975,62,166.746,2026-09-26T13:17:19.256,38,0,0
975,63,177.101,2026-09-26T13:20:16.357,37,0,0
975,64,166.616,2026-09-26T13:23:02.973,37,0,0
975,65,168.147,2026-09-26T13:25:51.12,37,0,0
975,66,163.908,2026-09-26T13:28:35.028,37,0,0
975,67,174.579,2026-09-26T13:31:29.607,37,0,0
975,68,167.873,2026-09-26T13:34:17.48,37,0,0
975,69,190.53,2026-09-26T13:37:28.01,37,1,0
975,70,388.72,2026-09-26T13:43:56.73,38,0,0
975,71,163.174,2026-09-26T13:46:39.904,35,0,0
975,72,174.621,2026-09-26T13:49:34.525,35,0,0
975,73,166.035,2026-09-26T13:52:20.56,35,0,0
975,74,157.256,2026-09-26T13:54:57.816,32,0,0
975,75,154.05,2026-09-26T13:57:31.866,31,0,0
975,76,162.462,2026-09-26T14:00:14.328,31,0,0
975,77,159.624,2026-09-26T14:02:53.952,31,0,0
975,78,156.935,2026-09-26T14:05:30.887,30,0,0
975,79,151.453,2026-09-26T14:08:02.34,30,0,0
975,80,156.142,2026-09-26T14:10:38.482,30,0,0
975,81,164.197,2026-09-26T14:13:22.679,30,0,0
975,82,151.555,2026-09-26T14:15:54.234,29,0,0
975,83,156.353,2026-09-26T14:18:30.587,29,0,0
975,84,152.269,2026-09-26T14:21:02.856,29,0,0
975,85,154.545,2026-09-26T14:23:37.401,29,0,0
975,86,159.497,2026-09-26T14:26:16.898,29,0,0
975,87,156.117,2026-09-26T14:28:53.015,29,0,0
975,88,150.139,2026-09-26T14:31:23.154,29,0,0
975,89,161.516,2026-09-26T14:34:04.67,29,0,0
975,90,161.238,2026-09-26T14:36:45.908,29,0,0
975,91,154.575,2026-09-26T14:39:20.483,29,0,0
975,92,154.507,2026-09-26T14:41:54.99,29,0,0
975,93,161.269,2026-09-26T14:44:36.259,29,0,0
975,94,151.366,2026-09-26T14:47:07.625,28,0,0
975,95,164.668,2026-09-26T14:49:52.293,28,0,0
975,96,170.465,2026-09-26T14:52:42.758,28,0,0
975,97,177.713,2026-09-26T14:55:40.471,28,0,0
975,98,162.061,2026-09-26T14:58:22.532,28,0,0
975,99,178.365,2026-09-26T15:01:20.897,28,0,0
975,100,166.369,2026-09-26T15:04:07.266,28,0,0
975,101,169.617,2026-09-26T15:06:56.883,28,0,0
975,102,164.389,2026-09-26T15:09:41.272,28,0,0
975,103,181.96,2026-09-26T15:12:43.232,24,0,0
975,104,182.235,2026-09-26T15:15:45.467,24,0,0
975,105,184.507,2026-09-26T15:18:49.974,24,0,0
975,106,151.458,2026-09-26T15:21:21.432,24,0,0
975,107,157.484,2026-09-26T15:23:58.916,24,0,0
975,108,166.394,2026-09-26T15:26:45.31,24,0,0
975,109,205.995,2026-09-26T15:30:11.305,24,0,0
975,110,218.491,2026-09-26T15:33:49.796,24,0,0
975,111,158.786,2026-09-26T15:36:28.582,24,0,0
975,112,153.396,2026-09-26T15:39:01.978,23,0,0
975,113,162.756,2026-09-26T15:41:44.734,21,0,0
975,114,184.555,2026-09-26T15:44:49.289,21,1,0
975,115,370.914,2026-09-26T15:51:00.203,20,0,0
975,116,159.657,2026-09-26T15:53:39.86,20,0,0
975,117,159.675,2026-09-26T15:56:19.535,20,0,1
975,118,293.79,2026-09-26T16:01:13.325,20,0,1
975,119,227.794,2026-09-26T16:05:01.119,19,0,1
975,120,240.597,2026-09-26T16:09:01.716,19,0,1
975,121,234.396,2026-09-26T16:12:56.112,19,0,1
975,122,260.39,2026-09-26T16:17:16.502,19,0,0
975,123,147.387,2026-09-26T16:19:43.889,19,0,0
975,124,147.194,2026-09-26T16:22:11.083,19,0,0
975,125,142.695,2026-09-26T16:24:33.778,19,0,0
975,126,156.389,2026-09-26T16:27:10.167,19,0,0
975,127,147.16,2026-09-26T16:29:37.327,18,0,0
975,128,144.529,2026-09-26T16:32:01.856,18,0,0
975,129,149.648,2026-09-26T16:34:31.504,18,0,0
975,130,144.145,2026-09-26T16:36:55.649,18,0,0
975,131,151.595,2026-09-26T16:39:27.244,18,0,0
975,132,145.19,2026-09-26T16:41:52.434,18,0,0
975,133,163.567,2026-09-26T16:44:36.001,18,0,0
975,134,162.187,2026-09-26T16:47:18.188,17,0,0
975,135,147.948,2026-09-26T16:49:46.136,17,0,0
975,136,144.992,2026-09-26T16:52:11.128,17,0,0
975,137,145.858,2026-09-26T16:54:36.986,17,0,0
975,138,153.548,2026-09-26T16:57:10.534,17,0,0
975,139,146.864,2026-09-26T16:59:37.398,17,0,0
975,140,153.411,2026-09-26T17:02:10.809,17,0,0
975,141,146.227,2026-09-26T17:04:37.036,16,0,0
975,142,152.021,2026-09-26T17:07:09.057,16,0,0
975,143,147.785,2026-09-26T17:09:36.842,16,0,0
975,144,162.17,2026-09-26T17:12:19.012,16,0,0
975,145,162.979,2026-09-26T17:15:01.991,16,0,0
975,146,166.215,2026-09-26T17:17:48.206,16,0,0
975,147,167.102,2026-09-26T17:20:35.308,16,1,0
975,148,283.461,2026-09-26T17:25:18.769,18,0,0
975,149,147.926,2026-09-26T17:27:46.695,18,0,0
975,150,148.014,2026-09-26T17:30:14.709,18,0,0
975,151,149.873,2026-09-26T17:32:44.582,18,0,0
975,152,147.736,2026-09-26T17:35:12.318,18,0,0
975,153,147.205,2026-09-26T17:37:39.523,17,0,0
975,154,149.292,2026-09-26T17:40:08.815,15,0,0
975,155,149.972,2026-09-26T17:42:38.787,15,0,0
975,156,161.299,2026-09-26T17:45:20.086,15,0,0
975,157,151.15,2026-09-26T17:47:51.236,15,0,0
975,158,155.421,2026-09-26T17:50:26.657,15,0,1
975,159,199.92,2026-09-26T17:53:46.577,15,0,1
975,160,221.662,2026-09-26T17:57:28.239,15,0,1
975,161,302.819,2026-09-26T18:02:31.058,15,0,1
975,162,53729.488,2026-09-27T08:58:00.546,17,0,0
975,163,178.233,2026-09-27T09:00:58.779,16,0,0
975,164,171.098,2026-09-27T09:03:49.877,16,0,0
975,165,161.31,2026-09-27T09:06:31.187,16,0,0
975,166,160.619,2026-09-27T09:09:11.806,16,0,0
975,167,154.803,2026-09-27T09:11:46.609,16,0,0
975,168,154.996,2026-09-27T09:14:21.605,16,0,0
975,169,160.558,2026-09-27T09:17:02.163,16,0,0
975,170,156.164,2026-09-27T09:19:38.327,16,0,0
975,171,167.516,2026-09-27T09:22:25.843,16,0,0
975,172,153.832,2026-09-27T09:24:59.675,16,0,0
975,173,153.068,2026-09-27T09:27:32.743,16,0,0
975,174,157.824,2026-09-27T09:30:10.567,16,0,0
975,175,164.718,2026-09-27T09:32:55.285,16,0,0
975,176,171.266,2026-09-27T09:35:46.551,16,1,0
975,177,282.685,2026-09-27T09:40:29.236,17,0,0
975,178,161.256,2026-09-27T09:43:10.492,17,0,0
703,1,151.453,2026-09-26T10:06:12.404,46,0,0
703,2,177.254,2026-09-26T10:09:09.658,37,0,0
703,3,174.695,2026-09-26T10:12:04.353,31,0,0
703,4,156.027,2026-09-26T10:14:40.38,29,0,0
703,5,164.312,2026-09-26T10:17:24.692,23,0,0
703,6,167.155,2026-09-26T10:20:11.847,20,0,0
703,7,187.312,2026-09-26T10:23:19.159,22,0,0
703,8,161.335,2026-09-26T10:26:00.494,20,0,0
703,9,148.558,2026-09-26T10:28:29.052,18,0,0
703,10,148.479,2026-09-26T10:30:57.531,17,0,0
703,11,149.271,2026-09-26T10:33:26.802,17,0,0
703,12,154.528,2026-09-26T10:36:01.33,16,0,0
703,13,161.859,2026-09-26T10:38:43.189,16,0,0
703,14,156.021,2026-09-26T10:41:19.21,16,0,0
703,15,156.435,2026-09-26T10:43:55.645,16,0,0
703,16,192.782,2026-09-26T10:47:08.427,18,1,0
703,17,559.177,2026-09-26T10:56:27.604,51,0,0
703,18,153.445,2026-09-26T10:59:01.049,50,0,0
703,19,156.613,2026-09-26T11:01:37.662,47,0,0
703,20,155.381,2026-09-26T11:04:13.043,47,0,0
703,21,149.135,2026-09-26T11:06:42.178,44,0,0
703,22,147.821,2026-09-26T11:09:09.999,43,0,0
703,23,150.021,2026-09-26T11:11:40.02,41,0,0
703,24,152.341,2026-09-26T11:14:12.361,40,0,0
703,25,149.373,2026-09-26T11:16:41.734,39,0,0
703,26,152.867,2026-09-26T11:19:14.601,39,0,0
703,27,158.274,2026-09-26T11:21:52.875,37,0,0
703,28,150.956,2026-09-26T11:24:23.831,35,0,0
703,29,154.226,2026-09-26T11:26:58.057,34,0,0
703,30,156.957,2026-09-26T11:29:35.014,34,0,0
703,31,151.008,2026-09-26T11:32:06.022,34,0,0
703,32,218.347,2026-09-26T11:35:44.369,37,1,0
703,33,422.603,2026-09-26T11:42:46.972,40,0,0
703,34,152.573,2026-09-26T11:45:19.545,39,0,0
703,35,163.45,2026-09-26T11:48:02.995,37,0,0
703,36,152.626,2026-09-26T11:50:35.621,35,0,0
703,37,148.244,2026-09-26T11:53:03.865,32,0,0
703,38,146.923,2026-09-26T11:55:30.788,30,0,0
703,39,150.593,2026-09-26T11:58:01.381,28,0,0
703,40,479.843,2026-09-26T12:06:01.224,37,1,0
703,41,231.3,2026-09-26T12:09:52.524,35,0,0
703,42,164.049,2026-09-26T12:12:36.573,34,0,0
703,43,161.628,2026-09-26T12:15:18.201,34,0,0
703,44,160.506,2026-09-26T12:17:58.707,32,0,0
703,45,189.291,2026-09-26T12:21:07.998,32,0,0
703,46,174.751,2026-09-26T12:24:02.749,32,0,0
703,47,165.5,2026-09-26T12:26:48.249,32,0,0
703,48,175.336,2026-09-26T12:29:43.585,31,0,0
703,49,170.496,2026-09-26T12:32:34.081,31,0,0
703,50,168.795,2026-09-26T12:35:22.876,31,0,0
703,51,912.952,2026-09-26T12:50:35.828,47,0,0
703,52,165.215,2026-09-26T12:53:21.043,47,0,0
703,53,170.881,2026-09-26T12:56:11.924,47,0,0
703,54,176.779,2026-09-26T12:59:08.703,46,0,0
703,55,162.807,2026-09-26T13:01:51.51,46,0,0
703,56,160.3,2026-09-26T13:04:31.81,46,0,0
703,57,167.961,2026-09-26T13:07:19.771,46,0,0
703,58,166.877,2026-09-26T13:10:06.648,44,0,0
703,59,161.631,2026-09-26T13:12:48.279,44,0,0
703,60,155.977,2026-09-26T13:15:24.256,40,0,0
703,61,159.651,2026-09-26T13:18:03.907,40,0,0
703,62,168.417,2026-09-26T13:20:52.324,40,0,0
703,63,164.449,2026-09-26T13:23:36.773,39,0,0
703,64,156.357,2026-09-26T13:26:13.13,39,0,0
703,65,167.342,2026-09-26T13:29:00.472,39,0,0
703,66,170.883,2026-09-26T13:31:51.355,39,0,0
703,67,699.331,2026-09-26T13:43:30.686,46,0,0
703,68,179.883,2026-09-26T13:46:30.569,46,0,0
703,69,182.29,2026-09-26T13:49:32.859,46,0,0
703,70,171.267,2026-09-26T13:52:24.126,45,0,0
703,71,171.037,2026-09-26T13:55:15.163,43,0,0
703,72,169.149,2026-09-26T13:58:04.312,42,0,0
703,73,193.336,2026-09-26T14:01:17.648,42,1,0
703,74,438.66,2026-09-26T14:08:36.308,42,0,0
703,75,163.24,2026-09-26T14:11:19.548,41,0,0
703,76,157.256,2026-09-26T14:13:56.804,40,0,0
703,77,153.511,2026-09-26T14:16:30.315,39,0,0
703,78,158.21,2026-09-26T14:19:08.525,39,0,0
703,79,155.33,2026-09-26T14:21:43.855,38,0,0
703,80,160.563,2026-09-26T14:24:24.418,38,0,0
703,81,164.571,2026-09-26T14:27:08.989,38,0,0
703,82,154.53,2026-09-26T14:29:43.519,37,0,0
703,83,150.304,2026-09-26T14:32:13.823,36,0,0
703,84,153.492,2026-09-26T14:34:47.315,36,0,0
703,85,152.247,2026-09-26T14:37:19.562,35,0,0
703,86,156.425,2026-09-26T14:39:55.987,34,0,0
703,87,154.789,2026-09-26T14:42:30.776,33,0,0
703,88,157.993,2026-09-26T14:45:08.769,33,0,0
703,89,154.208,2026-09-26T14:47:42.977,33,0,0
703,90,163.589,2026-09-26T14:50:26.566,33,0,0
703,91,163.144,2026-09-26T14:53:09.71,33,0,0
703,92,173.793,2026-09-26T14:56:03.503,33,0,0
703,93,169.838,2026-09-26T14:58:53.341,32,0,0
703,94,161.92,2026-09-26T15:01:35.261,32,0,0
703,95,153.223,2026-09-26T15:04:08.484,32,0,0
703,96,169.264,2026-09-26T15:06:57.748,32,0,0
703,97,160.382,2026-09-26T15:09:38.13,32,0,0
703,98,178.935,2026-09-26T15:12:37.065,32,0,0
703,99,158.453,2026-09-26T15:15:15.518,32,0,0
703,100,165.56,2026-09-26T15:18:01.078,32,0,0
703,101,162.493,2026-09-26T15:20:43.571,32,0,0
703,102,157.64,2026-09-26T15:23:21.211,31,0,0
703,103,157.139,2026-09-26T15:25:58.35,31,0,0
703,104,160.323,2026-09-26T15:28:38.673,31,0,0
703,105,165.155,2026-09-26T15:31:23.828,31,0,0
703,106,214.507,2026-09-26T15:34:58.335,31,0,0
703,107,163.374,2026-09-26T15:37:41.709,30,0,0
703,108,162.357,2026-09-26T15:40:24.066,30,0,0
703,109,149.377,2026-09-26T15:42:53.443,30,0,0
703,110,147.832,2026-09-26T15:45:21.275,30,0,0
703,111,161.379,2026-09-26T15:48:02.654,30,0,0
703,112,151.804,2026-09-26T15:50:34.458,29,0,0
703,113,175.199,2026-09-26T15:53:29.657,28,0,0
703,114,161.006,2026-09-26T15:56:10.663,27,0,1
703,115,587.272,2026-09-26T16:05:57.935,27,1,1
703,116,333.767,2026-09-26T16:11:31.702,28,0,1
703,117,254.437,2026-09-26T16:15:46.139,28,0,1
703,118,191.989,2026-09-26T16:18:58.128,28,0,0
703,119,157.932,2026-09-26T16:21:36.06,27,0,0
703,120,166.407,2026-09-26T16:24:22.467,27,0,0
703,121,162.992,2026-09-26T16:27:05.459,26,0,0
703,122,163.448,2026-09-26T16:29:48.907,26,0,0
703,123,166.946,2026-09-26T16:32:35.853,26,0,0
703,124,152.993,2026-09-26T16:35:08.846,26,0,0
703,125,150.542,2026-09-26T16:37:39.388,26,0,0
703,126,168.482,2026-09-26T16:40:27.87,26,0,0
703,127,156.688,2026-09-26T16:43:04.558,26,0,0
703,128,164.232,2026-09-26T16:45:48.79,26,0,0
703,129,170.09,2026-09-26T16:48:38.88,26,0,0
703,130,156.712,2026-09-26T16:51:15.592,26,0,0
703,131,159.866,2026-09-26T16:53:55.458,26,0,0
703,132,156.214,2026-09-26T16:56:31.672,25,0,0
703,133,149.879,2026-09-26T16:59:01.551,25,0,0
703,134,153.5,2026-09-26T17:01:35.051,25,0,0
703,135,151.204,2026-09-26T17:04:06.255,25,0,0
703,136,155.241,2026-09-26T17:06:41.496,24,0,0
703,137,170.255,2026-09-26T17:09:31.751,24,0,0
703,138,177.013,2026-09-26T17:12:28.764,24,0,0
703,139,163.885,2026-09-26T17:15:12.649,23,0,0
703,140,170.263,2026-09-26T17:18:02.912,23,0,0
703,141,167.0,2026-09-26T17:20:49.912,23,0,0
703,142,163.086,2026-09-26T17:23:32.998,23,0,0
703,143,166.47,2026-09-26T17:26:19.468,23,0,0
703,144,159.971,2026-09-26T17:28:59.439,23,0,0
703,145,156.739,2026-09-26T17:31:36.178,23,0,0
703,146,156.231,2026-09-26T17:34:12.409,23,0,0
703,147,153.387,2026-09-26T17:36:45.796,23,0,0
703,148,169.545,2026-09-26T17:39:35.341,23,0,0
703,149,190.97,2026-09-26T17:42:46.311,23,1,0
703,150,54868.922,2026-09-27T08:57:15.233,28,0,0
703,151,155.41,2026-09-27T08:59:50.643,28,0,0
703,152,157.422,2026-09-27T09:02:28.065,28,0,0
703,153,150.812,2026-09-27T09:04:58.877,28,0,0
703,154,155.382,2026-09-27T09:07:34.259,28,0,0
703,155,157.929,2026-09-27T09:10:12.188,28,0,0
703,156,153.856,2026-09-27T09:12:46.044,28,0,0
703,157,150.629,2026-09-27T09:15:16.673,28,0,0
703,158,152.2,2026-09-27T09:17:48.873,28,0,0
703,159,152.895,2026-09-27T09:20:21.768,28,0,0
703,160,163.257,2026-09-27T09:23:05.025,28,0,0
703,161,157.235,2026-09-27T09:25:42.26,27,0,0
703,162,160.437,2026-09-27T09:28:22.697,26,0,0
703,163,148.749,2026-09-27T09:30:51.446,26,0,0
703,164,149.416,2026-09-27T09:33:20.862,26,0,0
703,165,149.352,2026-09-27T09:35:50.214,25,0,0
703,166,148.332,2026-09-27T09:38:18.546,25,0,0
703,167,152.13,2026-09-27T09:40:50.676,25,0,0
703,168,156.901,2026-09-27T09:43:27.577,25,0,0
703,169,146.148,2026-09-27T09:45:53.725,25,0,0
703,170,152.2,2026-09-27T09:48:25.925,25,0,0
703,171,157.1,2026-09-27T09:51:03.025,24,0,0
703,172,142.835,2026-09-27T09:53:25.86,24,0,0
703,173,144.6,2026-09-27T09:55:50.46,24,0,0
703,174,145.117,2026-09-27T09:58:15.577,23,0,0
703,175,144.313,2026-09-27T10:00:39.89,23,0,0
703,176,150.65,2026-09-27T10:03:10.54,23,0,0
703,177,161.59,2026-09-27T10:05:52.13,23,1,0
124,1,226.085,2026-09-26T10:09:16.32,85,0,0
124,2,238.421,2026-09-26T10:13:14.741,86,0,0
124,3,209.829,2026-09-26T10:16:44.57,82,0,0
124,4,199.154,2026-09-26T10:20:03.724,83,0,0
124,5,212.465,2026-09-26T10:23:36.189,83,0,0
124,6,192.793,2026-09-26T10:26:48.982,87,0,0
124,7,185.405,2026-09-26T10:29:54.387,87,0,0
124,8,184.557,2026-09-26T10:32:58.944,84,0,0
124,9,179.551,2026-09-26T10:35:58.495,81,0,0
124,10,181.618,2026-09-26T10:39:00.113,78,0,0
124,11,186.757,2026-09-26T10:42:06.87,72,0,0
124,12,184.801,2026-09-26T10:45:11.671,71,0,0
124,13,183.288,2026-09-26T10:48:14.959,70,0,0
124,14,185.137,2026-09-26T10:51:20.096,68,0,0
124,15,181.42,2026-09-26T10:54:21.516,63,0,0
124,16,174.204,2026-09-26T10:57:15.72,60,0,0
124,17,180.775,2026-09-26T11:00:16.495,58,0,0
124,18,172.42,2026-09-26T11:03:08.915,57,0,0
124,19,169.523,2026-09-26T11:05:58.438,55,0,0
124,20,171.844,2026-09-26T11:08:50.282,57,0,0
124,21,168.634,2026-09-26T11:11:38.916,55,0,0
124,22,186.027,2026-09-26T11:14:44.943,56,0,0
124,23,186.975,2026-09-26T11:17:51.918,52,0,0
124,24,167.212,2026-09-26T11:20:39.13,50,0,0
124,25,176.094,2026-09-26T11:23:35.224,49,0,0
124,26,164.106,2026-09-26T11:26:19.33,49,0,0
124,27,163.727,2026-09-26T11:29:03.057,48,0,0
124,28,170.13,2026-09-26T11:31:53.187,48,0,0
124,29,185.066,2026-09-26T11:34:58.253,46,0,0
124,30,171.153,2026-09-26T11:37:49.406,46,0,0
124,31,175.502,2026-09-26T11:40:44.908,47,0,0
124,32,177.82,2026-09-26T11:43:42.728,47,0,0
124,33,174.826,2026-09-26T11:46:37.554,46,0,0
124,34,162.94,2026-09-26T11:49:20.494,45,0,0
124,35,166.873,2026-09-26T11:52:07.367,44,0,0
124,36,161.01,2026-09-26T11:54:48.377,43,0,0
124,37,161.615,2026-09-26T11:57:29.992,42,0,0
124,38,164.577,2026-09-26T12:00:14.569,39,0,0
124,39,170.13,2026-09-26T12:03:04.699,38,0,0
124,40,486.953,2026-09-26T12:11:11.652,46,1,0
124,41,277.318,2026-09-26T12:15:48.97,45,1,0
124,42,1692.807,2026-09-26T12:44:01.777,65,0,0
124,43,163.366,2026-09-26T12:46:45.143,62,0,0
124,44,165.421,2026-09-26T12:49:30.564,61,0,0
124,45,168.779,2026-09-26T12:52:19.343,60,0,0
124,46,153.706,2026-09-26T12:54:53.049,59,0,0
124,47,156.733,2026-09-26T12:57:29.782,58,0,0
124,48,163.045,2026-09-26T13:00:12.827,58,0,0
124,49,156.956,2026-09-26T13:02:49.783,58,0,0
124,50,155.478,2026-09-26T13:05:25.261,56,0,0
124,51,163.217,2026-09-26T13:08:08.478,56,0,0
124,52,166.847,2026-09-26T13:10:55.325,55,0,0
124,53,162.561,2026-09-26T13:13:37.886,55,0,0
124,54,155.789,2026-09-26T13:16:13.675,54,0,0
124,55,153.207,2026-09-26T13:18:46.882,54,0,0
124,56,154.466,2026-09-26T13:21:21.348,54,0,0
124,57,155.658,2026-09-26T13:23:57.006,52,0,0
124,58,157.055,2026-09-26T13:26:34.061,52,0,0
124,59,153.24,2026-09-26T13:29:07.301,51,0,0
124,60,158.611,2026-09-26T13:31:45.912,50,0,0
124,61,157.757,2026-09-26T13:34:23.669,49,0,0
124,62,155.285,2026-09-26T13:36:58.954,49,0,0
124,63,163.66,2026-09-26T13:39:42.614,49,0,0
124,64,153.701,2026-09-26T13:42:16.315,49,0,0
124,65,153.321,2026-09-26T13:44:49.636,49,0,0
124,66,150.601,2026-09-26T13:47:20.237,49,0,0
124,67,154.715,2026-09-26T13:49:54.952,49,0,0
124,68,154.861,2026-09-26T13:52:29.813,49,0,0
124,69,152.788,2026-09-26T13:55:02.601,49,0,0
124,70,152.196,2026-09-26T13:57:34.797,48,0,0
124,71,156.744,2026-09-26T14:00:11.541,46,0,0
124,72,154.864,2026-09-26T14:02:46.405,45,0,0
124,73,147.846,2026-09-26T14:05:14.251,43,0,0
124,74,151.285,2026-09-26T14:07:45.536,41,0,0
124,75,163.507,2026-09-26T14:10:29.043,40,0,0
124,76,152.356,2026-09-26T14:13:01.399,39,0,0
124,77,153.09,2026-09-26T14:15:34.489,38,0,0
124,78,151.072,2026-09-26T14:18:05.561,38,0,0
124,79,150.18,2026-09-26T14:20:35.741,37,0,0
124,80,155.186,2026-09-26T14:23:10.927,37,0,0
124,81,154.573,2026-09-26T14:25:45.5,37,0,0
124,82,211.566,2026-09-26T14:29:17.066,36,1,0
124,83,345.067,2026-09-26T14:35:02.133,38,0,0
124,84,156.61,2026-09-26T14:37:38.743,38,0,0
124,85,150.743,2026-09-26T14:40:09.486,38,0,0
124,86,164.523,2026-09-26T14:42:54.009,36,0,0
124,87,154.749,2026-09-26T14:45:28.758,36,0,0
124,88,162.967,2026-09-26T14:48:11.725,35,0,0
124,89,195.372,2026-09-26T14:51:27.097,35,1,0
124,90,857.75,2026-09-26T15:05:44.847,41,1,0
124,91,225.383,2026-09-26T15:09:30.23,41,0,0
124,92,189.258,2026-09-26T15:12:39.488,41,0,0
124,93,182.364,2026-09-26T15:15:41.852,41,0,0
124,94,218.222,2026-09-26T15:19:20.074,41,1,0
124,95,1987.503,2026-09-26T15:52:27.577,46,0,0
124,96,196.675,2026-09-26T15:55:44.252,46,0,0
124,97,290.084,2026-09-26T16:00:34.336,46,0,1
124,98,246.732,2026-09-26T16:04:41.068,46,0,1
124,99,236.054,2026-09-26T16:08:37.122,46,0,1
124,100,240.018,2026-09-26T16:12:37.14,46,0,1
124,101,269.949,2026-09-26T16:17:07.089,46,0,0
124,102,164.351,2026-09-26T16:19:51.44,46,0,0
124,103,161.368,2026-09-26T16:22:32.808,45,0,0
124,104,160.781,2026-09-26T16:25:13.589,45,0,0
124,105,163.662,2026-09-26T16:27:57.251,45,0,0
124,106,193.665,2026-09-26T16:31:10.916,44,1,0
124,107,59226.99,2026-09-27T08:58:17.906,68,0,0
124,108,192.995,2026-09-27T09:01:30.901,68,0,0
124,109,175.806,2026-09-27T09:04:26.707,68,0,0
124,110,175.507,2026-09-27T09:07:22.214,68,0,0
124,111,179.414,2026-09-27T09:10:21.628,68,0,0
124,112,209.852,2026-09-27T09:13:51.48,68,1,0
124,113,6255.003,2026-09-27T10:58:06.483,76,0,0
124,114,194.029,2026-09-27T11:01:20.512,76,1,0
124,115,4021.165,2026-09-27T12:08:21.677,79,0,0
124,116,162.384,2026-09-27T12:11:04.061,79,0,0
124,117,161.566,2026-09-27T12:13:45.627,79,0,0
124,118,165.89,2026-09-27T12:16:31.517,79,0,0
124,119,170.687,2026-09-27T12:19:22.204,79,0,0
124,120,173.815,2026-09-27T12:22:16.019,79,0,0
124,121,170.681,2026-09-27T12:25:06.7,79,0,0
124,122,175.513,2026-09-27T12:28:02.213,79,0,0
124,123,163.57,2026-09-27T12:30:45.783,77,0,0
124,124,161.083,2026-09-27T12:33:26.866,77,0,0
124,125,163.777,2026-09-27T12:36:10.643,76,0,0
124,126,163.334,2026-09-27T12:38:53.977,75,0,0
124,127,161.867,2026-09-27T12:41:35.844,75,0,0
124,128,207.907,2026-09-27T12:45:03.751,74,0,0
124,129,165.706,2026-09-27T12:47:49.457,74,0,0
124,130,159.557,2026-09-27T12:50:29.014,73,0,0
124,131,180.679,2026-09-27T12:53:29.693,73,0,0
124,132,160.325,2026-09-27T12:56:10.018,73,0,0
124,133,159.735,2026-09-27T12:58:49.753,73,0,0
124,134,162.8,2026-09-27T13:01:32.553,73,0,0
124,135,173.802,2026-09-27T13:04:26.355,73,0,0
124,136,162.914,2026-09-27T13:07:09.269,73,0,0
124,137,161.329,2026-09-27T13:09:50.598,73,0,0
124,138,158.757,2026-09-27T13:12:29.355,73,0,0
124,139,170.952,2026-09-27T13:15:20.307,73,0,0
124,140,168.092,2026-09-27T13:18:08.399,72,0,0
124,141,173.926,2026-09-27T13:21:02.325,72,0,0
124,142,168.715,2026-09-27T13:23:51.04,72,0,0
124,143,174.57,2026-09-27T13:26:45.61,72,0,0
124,144,167.822,2026-09-27T13:29:33.432,72,0,0
124,145,181.049,2026-09-27T13:32:34.481,72,1,0
124,146,1402.389,2026-09-27T13:55:56.87,73,0,0
124,147,215.554,2026-09-27T13:59:32.424,73,0,0
124,148,231.558,2026-09-27T14:03:23.982,73,1,0
124,149,950.009,2026-09-27T14:19:13.991,73,0,0
124,150,160.955,2026-09-27T14:21:54.946,73,0,0
124,151,158.046,2026-09-27T14:24:32.992,73,0,0
124,152,374.287,2026-09-27T14:30:47.279,73,1,0
124,153,231.811,2026-09-27T14:34:39.09,74,0,0
124,154,154.547,2026-09-27T14:37:13.637,72,0,0
124,155,154.716,2026-09-27T14:39:48.353,71,0,0
124,156,154.662,2026-09-27T14:42:23.015,71,0,0
124,157,159.955,2026-09-27T14:45:02.97,71,0,0
124,158,152.6,2026-09-27T14:47:35.57,71,0,0
124,159,149.85,2026-09-27T14:50:05.42,71,0,0
124,160,153.918,2026-09-27T14:52:39.338,71,0,0
124,161,155.81,2026-09-27T14:55:15.148,71,0,0
124,162,156.866,2026-09-27T14:57:52.014,71,0,0
124,163,177.184,2026-09-27T15:00:49.198,71,1,0
124,164,305.041,2026-09-27T15:05:54.239,71,0,0
124,165,158.616,2026-09-27T15:08:32.855,71,0,0
124,166,164.711,2026-09-27T15:11:17.566,71,0,0
124,167,158.243,2026-09-27T15:13:55.809,71,0,0
124,168,156.28,2026-09-27T15:16:32.089,71,0,0
124,169,158.714,2026-09-27T15:19:10.803,71,0,0
124,170,150.666,2026-09-27T15:21:41.469,71,0,0
124,171,150.988,2026-09-27T15:24:12.457,70,0,0
124,172,153.226,2026-09-27T15:26:45.683,70,0,0
124,173,159.961,2026-09-27T15:29:25.644,70,0,0
124,174,169.324,2026-09-27T15:32:14.968,69,0,0
630,1,185.842,2026-09-26T10:05:37.176,34,0,0
630,2,187.617,2026-09-26T10:08:44.793,29,0,0
630,3,188.174,2026-09-26T10:11:52.967,28,0,0
630,4,165.639,2026-09-26T10:14:38.606,28,0,0
630,5,168.045,2026-09-26T10:17:26.651,25,0,0
630,6,170.849,2026-09-26T10:20:17.5,24,0,0
630,7,183.194,2026-09-26T10:23:20.694,24,0,0
630,8,163.271,2026-09-26T10:26:03.965,22,0,0
630,9,151.963,2026-09-26T10:28:35.928,21,0,0
630,10,149.805,2026-09-26T10:31:05.733,20,0,0
630,11,151.377,2026-09-26T10:33:37.11,19,0,0
630,12,159.649,2026-09-26T10:36:16.759,17,0,0
630,13,201.595,2026-09-26T10:39:38.354,26,1,0
630,14,1815.409,2026-09-26T11:09:53.763,83,0,0
630,15,150.83,2026-09-26T11:12:24.593,83,0,0
630,16,156.447,2026-09-26T11:15:01.04,83,0,0
630,17,168.264,2026-09-26T11:17:49.304,82,0,0
630,18,158.727,2026-09-26T11:20:28.031,82,0,0
630,19,170.828,2026-09-26T11:23:18.859,80,0,0
630,20,151.652,2026-09-26T11:25:50.511,79,0,0
630,21,160.69,2026-09-26T11:28:31.201,78,0,0
630,22,158.106,2026-09-26T11:31:09.307,77,0,0
630,23,158.203,2026-09-26T11:33:47.51,77,0,0
630,24,158.278,2026-09-26T11:36:25.788,74,0,0
630,25,170.537,2026-09-26T11:39:16.325,74,0,0
630,26,156.651,2026-09-26T11:41:52.976,74,0,0
630,27,172.419,2026-09-26T11:44:45.395,73,0,0
630,28,169.078,2026-09-26T11:47:34.473,72,0,0
630,29,148.702,2026-09-26T11:50:03.175,72,0,0
630,30,156.466,2026-09-26T11:52:39.641,70,0,0
630,31,150.059,2026-09-26T11:55:09.7,70,0,0
630,32,155.378,2026-09-26T11:57:45.078,68,0,0
630,33,150.758,2026-09-26T12:00:15.836,66,0,0
630,34,155.29,2026-09-26T12:02:51.126,65,0,0
630,35,146.397,2026-09-26T12:05:17.523,65,0,0
630,36,154.102,2026-09-26T12:07:51.625,64,0,0
630,37,158.924,2026-09-26T12:10:30.549,60,0,0
630,38,149.629,2026-09-26T12:13:00.178,58,0,0
630,39,153.742,2026-09-26T12:15:33.92,56,0,0
630,40,156.859,2026-09-26T12:18:10.779,55,0,0
630,41,173.18,2026-09-26T12:21:03.959,53,0,0
630,42,160.299,2026-09-26T12:23:44.258,52,0,0
630,43,506.666,2026-09-26T12:32:10.924,53,1,0
630,44,192.953,2026-09-26T12:35:23.877,53,0,0
630,45,158.899,2026-09-26T12:38:02.776,52,0,0
630,46,159.593,2026-09-26T12:40:42.369,51,0,0
630,47,156.082,2026-09-26T12:43:18.451,51,0,0
630,48,160.23,2026-09-26T12:45:58.681,51,0,0
630,49,151.175,2026-09-26T12:48:29.856,51,0,0
630,50,163.389,2026-09-26T12:51:13.245,50,0,0
630,51,158.103,2026-09-26T12:53:51.348,50,0,0
630,52,153.723,2026-09-26T12:56:25.071,50,0,0
630,53,165.341,2026-09-26T12:59:10.412,48,0,0
630,54,153.352,2026-09-26T13:01:43.764,48,0,0
630,55,150.609,2026-09-26T13:04:14.373,48,0,0
630,56,156.373,2026-09-26T13:06:50.746,48,0,0
630,57,156.362,2026-09-26T13:09:27.108,48,0,0
630,58,153.876,2026-09-26T13:12:00.984,46,0,0
630,59,174.178,2026-09-26T13:14:55.162,46,0,0
630,60,166.775,2026-09-26T13:17:41.937,44,0,0
630,61,154.591,2026-09-26T13:20:16.528,44,0,0
630,62,152.343,2026-09-26T13:22:48.871,41,0,0
630,63,148.504,2026-09-26T13:25:17.375,40,0,0
630,64,151.413,2026-09-26T13:27:48.788,40,0,0
630,65,153.481,2026-09-26T13:30:22.269,40,0,0
630,66,157.311,2026-09-26T13:32:59.58,40,0,0
630,67,154.468,2026-09-26T13:35:34.048,39,0,0
630,68,152.491,2026-09-26T13:38:06.539,39,0,0
630,69,152.346,2026-09-26T13:40:38.885,39,0,0
630,70,158.161,2026-09-26T13:43:17.046,36,0,0
630,71,152.527,2026-09-26T13:45:49.573,33,0,0
630,72,157.441,2026-09-26T13:48:27.014,33,0,0
630,73,152.01,2026-09-26T13:50:59.024,33,0,0
630,74,154.083,2026-09-26T13:53:33.107,30,0,0
630,75,175.044,2026-09-26T13:56:28.151,29,0,0
630,76,155.049,2026-09-26T13:59:03.2,29,0,0
630,77,152.71,2026-09-26T14:01:35.91,29,0,0
630,78,156.359,2026-09-26T14:04:12.269,28,0,0
630,79,154.904,2026-09-26T14:06:47.173,28,0,0
630,80,161.512,2026-09-26T14:09:28.685,28,0,0
630,81,156.362,2026-09-26T14:12:05.047,28,0,0
630,82,152.629,2026-09-26T14:14:37.676,27,0,0
630,83,153.774,2026-09-26T14:17:11.45,26,0,0
630,84,156.356,2026-09-26T14:19:47.806,26,0,0
630,85,159.295,2026-09-26T14:22:27.101,26,0,0
630,86,158.373,2026-09-26T14:25:05.474,26,0,0
630,87,160.056,2026-09-26T14:27:45.53,26,0,0
630,88,155.523,2026-09-26T14:30:21.053,26,0,0
630,89,155.951,2026-09-26T14:32:57.004,26,0,0
630,90,158.876,2026-09-26T14:35:35.88,26,0,0
630,91,160.09,2026-09-26T14:38:15.97,26,0,0
630,92,158.401,2026-09-26T14:40:54.371,26,0,0
630,93,157.099,2026-09-26T14:43:31.47,26,0,0
630,94,170.111,2026-09-26T14:46:21.581,26,0,0
630,95,166.079,2026-09-26T14:49:07.66,26,0,0
630,96,172.348,2026-09-26T14:52:00.008,26,0,0
630,97,174.356,2026-09-26T14:54:54.364,26,0,0
630,98,175.668,2026-09-26T14:57:50.032,26,0,0
630,99,166.486,2026-09-26T15:00:36.518,26,0,0
630,100,168.846,2026-09-26T15:03:25.364,26,0,0
630,101,173.977,2026-09-26T15:06:19.341,26,0,0
630,102,170.766,2026-09-26T15:09:10.107,25,0,0
630,103,477.823,2026-09-26T15:17:07.93,26,1,0
630,104,187.253,2026-09-26T15:20:15.183,26,0,0
630,105,162.453,2026-09-26T15:22:57.636,26,0,0
630,106,166.207,2026-09-26T15:25:43.843,26,0,0
630,107,161.735,2026-09-26T15:28:25.578,26,0,0
630,108,177.203,2026-09-26T15:31:22.781,26,0,0
630,109,219.481,2026-09-26T15:35:02.262,26,0,0
630,110,170.696,2026-09-26T15:37:52.958,26,0,0
630,111,164.376,2026-09-26T15:40:37.334,27,0,0
630,112,156.767,2026-09-26T15:43:14.101,26,0,0
630,113,158.334,2026-09-26T15:45:52.435,24,0,0
630,114,159.158,2026-09-26T15:48:31.593,24,0,0
630,115,173.512,2026-09-26T15:51:25.105,22,0,0
630,116,169.178,2026-09-26T15:54:14.283,22,0,0
630,117,183.327,2026-09-26T15:57:17.61,22,0,1
630,118,274.261,2026-09-26T16:01:51.871,22,0,1
630,119,224.788,2026-09-26T16:05:36.659,21,0,1
630,120,242.244,2026-09-26T16:09:38.903,21,0,1
630,121,234.786,2026-09-26T16:13:33.689,21,0,1
630,122,251.978,2026-09-26T16:17:45.667,21,0,0
630,123,165.14,2026-09-26T16:20:30.807,21,0,0
630,124,169.415,2026-09-26T16:23:20.222,21,0,0
630,125,158.663,2026-09-26T16:25:58.885,21,0,0
630,126,160.641,2026-09-26T16:28:39.526,21,0,0
630,127,154.814,2026-09-26T16:31:14.34,20,0,0
630,128,165.197,2026-09-26T16:33:59.537,20,0,0
630,129,164.243,2026-09-26T16:36:43.78,21,0,0
630,130,154.066,2026-09-26T16:39:17.846,21,0,0
630,131,155.15,2026-09-26T16:41:52.996,21,0,0
630,132,172.543,2026-09-26T16:44:45.539,21,0,0
630,133,174.876,2026-09-26T16:47:40.415,21,0,0
630,134,159.432,2026-09-26T16:50:19.847,21,0,0
630,135,159.353,2026-09-26T16:52:59.2,21,0,0
630,136,165.059,2026-09-26T16:55:44.259,21,0,0
630,137,158.393,2026-09-26T16:58:22.652,21,0,0
630,138,158.577,2026-09-26T17:01:01.229,21,0,0
630,139,162.85,2026-09-26T17:03:44.079,21,0,0
630,140,159.489,2026-09-26T17:06:23.568,21,0,0
630,141,171.19,2026-09-26T17:09:14.758,21,0,0
630,142,169.995,2026-09-26T17:12:04.753,21,0,0
630,143,173.932,2026-09-26T17:14:58.685,21,0,0
630,144,173.316,2026-09-26T17:17:52.001,21,0,0
630,145,171.343,2026-09-26T17:20:43.344,20,0,0
630,146,168.6,2026-09-26T17:23:31.944,20,0,0
630,147,166.873,2026-09-26T17:26:18.817,20,0,0
630,148,169.967,2026-09-26T17:29:08.784,20,0,0
630,149,159.274,2026-09-26T17:31:48.058,19,0,0
630,150,157.548,2026-09-26T17:34:25.606,19,0,0
630,151,160.341,2026-09-26T17:37:05.947,19,0,0
630,152,158.896,2026-09-26T17:39:44.843,19,0,0
630,153,165.736,2026-09-26T17:42:30.579,19,0,0
630,154,182.042,2026-09-26T17:45:32.621,19,0,0
630,155,187.87,2026-09-26T17:48:40.491,19,0,0
630,156,200.775,2026-09-26T17:52:01.266,19,0,1
630,157,225.433,2026-09-26T17:55:46.699,19,0,1
630,158,218.226,2026-09-26T17:59:24.925,19,0,1
630,159,230.898,2026-09-26T18:03:15.823,18,0,1
630,160,53643.512,2026-09-27T08:57:19.335,18,0,0
630,161,334.327,2026-09-27T09:02:53.662,19,0,0
630,162,165.713,2026-09-27T09:05:39.375,19,0,0
630,163,162.81,2026-09-27T09:08:22.185,19,0,0
630,164,197.851,2026-09-27T09:11:40.036,20,1,0
630,165,10551.962,2026-09-27T12:07:31.998,58,0,0
630,166,154.63,2026-09-27T12:10:06.628,58,0,0
630,167,159.46,2026-09-27T12:12:46.088,58,0,0
630,168,174.258,2026-09-27T12:15:40.346,58,1,0
630,169,6627.013,2026-09-27T14:06:07.359,65,0,0
630,170,171.871,2026-09-27T14:08:59.23,65,0,0
630,171,195.133,2026-09-27T14:12:14.363,64,1,0
630,172,688.73,2026-09-27T14:23:43.093,64,0,0
630,173,187.757,2026-09-27T14:26:50.85,64,1,0
911,1,172.174,2026-09-26T10:07:06.27,60,0,0
911,2,173.135,2026-09-26T10:09:59.405,62,0,0
911,3,194.559,2026-09-26T10:13:13.964,59,0,0
911,4,169.119,2026-09-26T10:16:03.083,60,0,0
911,5,199.034,2026-09-26T10:19:22.117,60,0,0
911,6,174.06,2026-09-26T10:22:16.177,59,0,0
911,7,164.015,2026-09-26T10:25:00.192,56,0,0
911,8,162.412,2026-09-26T10:27:42.604,50,0,0
911,9,176.192,2026-09-26T10:30:38.796,49,0,0
911,10,168.652,2026-09-26T10:33:27.448,52,0,0
911,11,168.262,2026-09-26T10:36:15.71,51,0,0
911,12,168.577,2026-09-26T10:39:04.287,48,0,0
911,13,176.194,2026-09-26T10:42:00.481,48,0,0
911,14,164.385,2026-09-26T10:44:44.866,46,0,0
911,15,164.441,2026-09-26T10:47:29.307,43,0,0
911,16,154.917,2026-09-26T10:50:04.224,41,0,0
911,17,156.948,2026-09-26T10:52:41.172,40,0,0
911,18,164.926,2026-09-26T10:55:26.098,38,0,0
911,19,161.64,2026-09-26T10:58:07.738,37,0,0
911,20,174.791,2026-09-26T11:01:02.529,36,0,0
911,21,160.69,2026-09-26T11:03:43.219,34,0,0
911,22,159.341,2026-09-26T11:06:22.56,33,0,0
911,23,158.713,2026-09-26T11:09:01.273,32,0,0
911,24,161.542,2026-09-26T11:11:42.815,32,0,0
911,25,173.887,2026-09-26T11:14:36.702,31,0,0
911,26,161.283,2026-09-26T11:17:17.985,30,0,0
911,27,159.953,2026-09-26T11:19:57.938,28,0,0
911,28,170.405,2026-09-26T11:22:48.343,28,0,0
911,29,163.98,2026-09-26T11:25:32.323,29,0,0
911,30,158.305,2026-09-26T11:28:10.628,29,0,0
911,31,155.293,2026-09-26T11:30:45.921,30,0,0
911,32,155.374,2026-09-26T11:33:21.295,30,0,0
911,33,157.453,2026-09-26T11:35:58.748,29,0,0
911,34,158.211,2026-09-26T11:38:36.959,27,0,0
911,35,170.231,2026-09-26T11:41:27.19,27,0,0
911,36,179.312,2026-09-26T11:44:26.502,26,0,0
911,37,157.97,2026-09-26T11:47:04.472,26,0,0
911,38,155.043,2026-09-26T11:49:39.515,25,0,0
911,39,154.864,2026-09-26T11:52:14.379,24,0,0
911,40,155.911,2026-09-26T11:54:50.29,23,0,0
911,41,161.119,2026-09-26T11:57:31.409,22,0,0
911,42,191.239,2026-09-26T12:00:42.648,21,1,0
911,43,235.758,2026-09-26T12:04:38.406,20,0,0
911,44,161.552,2026-09-26T12:07:19.958,20,0,0
911,45,155.297,2026-09-26T12:09:55.255,19,0,0
911,46,156.362,2026-09-26T12:12:31.617,19,0,0
911,47,155.91,2026-09-26T12:15:07.527,19,0,0
911,48,160.37,2026-09-26T12:17:47.897,19,0,0
911,49,571.658,2026-09-26T12:27:19.555,27,1,0
911,50,205.139,2026-09-26T12:30:44.694,27,0,0
911,51,168.392,2026-09-26T12:33:33.086,26,0,0
911,52,166.491,2026-09-26T12:36:19.577,27,0,0
911,53,176.967,2026-09-26T12:39:16.544,27,0,0
911,54,183.265,2026-09-26T12:42:19.809,27,0,0
911,55,169.952,2026-09-26T12:45:09.761,27,0,0
911,56,163.977,2026-09-26T12:47:53.738,27,0,0
911,57,166.439,2026-09-26T12:50:40.177,27,0,0
911,58,171.573,2026-09-26T12:53:31.75,26,0,0
911,59,168.625,2026-09-26T12:56:20.375,26,0,0
911,60,171.953,2026-09-26T12:59:12.328,26,0,0
911,61,170.929,2026-09-26T13:02:03.257,25,0,0
911,62,157.352,2026-09-26T13:04:40.609,25,0,0
911,63,169.914,2026-09-26T13:07:30.523,25,0,0
911,64,178.393,2026-09-26T13:10:28.916,26,0,0
911,65,163.624,2026-09-26T13:13:12.54,27,0,0
911,66,167.262,2026-09-26T13:15:59.802,27,0,0
911,67,164.481,2026-09-26T13:18:44.283,27,0,0
911,68,162.717,2026-09-26T13:21:27,27,0,0
911,69,160.359,2026-09-26T13:24:07.359,26,0,0
911,70,160.395,2026-09-26T13:26:47.754,26,0,0
911,71,165.258,2026-09-26T13:29:33.012,25,0,0
911,72,168.551,2026-09-26T13:32:21.563,25,0,0
911,73,174.71,2026-09-26T13:35:16.273,24,0,0
911,74,1467.615,2026-09-26T13:59:43.888,37,0,0
911,75,157.23,2026-09-26T14:02:21.118,36,0,0
911,76,157.708,2026-09-26T14:04:58.826,35,0,0
911,77,160.386,2026-09-26T14:07:39.212,35,0,0
911,78,165.614,2026-09-26T14:10:24.826,33,0,0
911,79,159.277,2026-09-26T14:13:04.103,33,0,0
911,80,156.75,2026-09-26T14:15:40.853,33,0,0
911,81,155.263,2026-09-26T14:18:16.116,33,0,0
911,82,153.395,2026-09-26T14:20:49.511,32,0,0
911,83,159.444,2026-09-26T14:23:28.955,32,0,0
911,84,165.044,2026-09-26T14:26:13.999,32,0,0
911,85,157.529,2026-09-26T14:28:51.528,32,0,0
911,86,152.001,2026-09-26T14:31:23.529,31,0,0
911,87,163.179,2026-09-26T14:34:06.708,31,0,0
911,88,164.876,2026-09-26T14:36:51.584,30,0,0
911,89,158.564,2026-09-26T14:39:30.148,30,0,0
911,90,153.939,2026-09-26T14:42:04.087,30,0,0
911,91,162.231,2026-09-26T14:44:46.318,30,0,0
911,92,160.54,2026-09-26T14:47:26.858,30,0,0
911,93,153.889,2026-09-26T14:50:00.747,30,0,0
911,94,178.146,2026-09-26T14:52:58.893,30,0,0
911,95,169.114,2026-09-26T14:55:48.007,30,0,0
911,96,160.738,2026-09-26T14:58:28.745,30,0,0
911,97,172.744,2026-09-26T15:01:21.489,30,0,0
911,98,164.287,2026-09-26T15:04:05.776,30,0,0
911,99,162.173,2026-09-26T15:06:47.949,30,0,0
911,100,488.454,2026-09-26T15:14:56.403,31,1,0
911,101,190.253,2026-09-26T15:18:06.656,31,0,0
911,102,160.265,2026-09-26T15:20:46.921,30,0,0
911,103,162.36,2026-09-26T15:23:29.281,29,0,0
911,104,166.274,2026-09-26T15:26:15.555,28,0,0
911,105,158.555,2026-09-26T15:28:54.11,28,0,0
911,106,167.589,2026-09-26T15:31:41.699,28,0,0
911,107,215.586,2026-09-26T15:35:17.285,28,0,0
911,108,161.129,2026-09-26T15:37:58.414,28,0,0
911,109,164.614,2026-09-26T15:40:43.028,28,0,0
911,110,159.766,2026-09-26T15:43:22.794,28,0,0
911,111,156.98,2026-09-26T15:45:59.774,28,0,0
911,112,153.935,2026-09-26T15:48:33.709,27,0,0
911,113,171.152,2026-09-26T15:51:24.861,25,0,0
911,114,164.445,2026-09-26T15:54:09.306,25,0,0
911,115,174.944,2026-09-26T15:57:04.25,24,0,1
911,116,279.11,2026-09-26T16:01:43.36,24,0,1
911,117,212.275,2026-09-26T16:05:15.635,24,0,1
911,118,460.599,2026-09-26T16:12:56.234,25,1,1
911,119,309.479,2026-09-26T16:18:05.713,25,0,0
911,120,187.418,2026-09-26T16:21:13.131,25,0,0
911,121,181.591,2026-09-26T16:24:14.722,25,0,0
911,122,177.566,2026-09-26T16:27:12.288,25,0,0
911,123,178.662,2026-09-26T16:30:10.95,25,0,0
911,124,170.71,2026-09-26T16:33:01.66,25,0,0
911,125,170.02,2026-09-26T16:35:51.68,25,0,0
911,126,175.887,2026-09-26T16:38:47.567,25,0,0
911,127,174.113,2026-09-26T16:41:41.68,25,0,0
911,128,186.463,2026-09-26T16:44:48.143,25,0,0
911,129,185.503,2026-09-26T16:47:53.646,25,0,0
911,130,178.6,2026-09-26T16:50:52.246,25,0,0
911,131,173.793,2026-09-26T16:53:46.039,25,0,0
911,132,175.444,2026-09-26T16:56:41.483,26,0,0
911,133,183.506,2026-09-26T16:59:44.989,26,0,0
911,134,172.837,2026-09-26T17:02:37.826,26,0,0
911,135,181.728,2026-09-26T17:05:39.554,26,0,0
911,136,176.172,2026-09-26T17:08:35.726,25,0,0
911,137,199.349,2026-09-26T17:11:55.075,25,0,0
911,138,186.554,2026-09-26T17:15:01.629,25,0,0
911,139,187.391,2026-09-26T17:18:09.02,25,0,0
911,140,181.854,2026-09-26T17:21:10.874,25,0,0
911,141,183.113,2026-09-26T17:24:13.987,25,0,0
911,142,172.59,2026-09-26T17:27:06.577,25,0,0
911,143,180.888,2026-09-26T17:30:07.465,25,0,0
911,144,178.269,2026-09-26T17:33:05.734,26,0,0
911,145,176.384,2026-09-26T17:36:02.118,26,0,0
911,146,166.375,2026-09-26T17:38:48.493,26,0,0
911,147,173.847,2026-09-26T17:41:42.34,26,0,0
911,148,179.939,2026-09-26T17:44:42.279,26,0,0
911,149,179.124,2026-09-26T17:47:41.403,26,0,0
911,150,170.706,2026-09-26T17:50:32.109,25,0,1
911,151,196.232,2026-09-26T17:53:48.341,25,0,1
911,152,221.491,2026-09-26T17:57:29.832,25,0,1
911,153,303.306,2026-09-26T18:02:33.138,25,0,1
911,154,53725.507,2026-09-27T08:57:58.645,25,0,0
911,155,173.924,2026-09-27T09:00:52.569,25,0,0
911,156,171.607,2026-09-27T09:03:44.176,25,0,0
911,157,164.771,2026-09-27T09:06:28.947,25,0,0
911,158,160.432,2026-09-27T09:09:09.379,25,0,0
911,159,157.546,2026-09-27T09:11:46.925,25,0,0
911,160,155.077,2026-09-27T09:14:22.002,25,0,0
911,161,158.968,2026-09-27T09:17:00.97,24,0,0
911,162,162.016,2026-09-27T09:19:42.986,24,0,0
911,163,171.263,2026-09-27T09:22:34.249,24,0,0
911,164,157.263,2026-09-27T09:25:11.512,24,0,0
911,165,159.585,2026-09-27T09:27:51.097,22,0,0
911,166,157.025,2026-09-27T09:30:28.122,22,0,0
911,167,155.258,2026-09-27T09:33:03.38,22,0,0
911,168,154.803,2026-09-27T09:35:38.183,22,0,0
911,169,154.47,2026-09-27T09:38:12.653,22,0,0
911,170,174.502,2026-09-27T09:41:07.155,22,1,0
245,1,186.878,2026-09-26T10:30:58.313,97,0,0
245,2,178.515,2026-09-26T10:33:56.828,96,0,0
245,3,180.83,2026-09-26T10:36:57.658,96,0,0
245,4,185.385,2026-09-26T10:40:03.043,96,0,0
245,5,180.224,2026-09-26T10:43:03.267,96,0,0
245,6,177.282,2026-09-26T10:46:00.549,96,0,0
245,7,186.498,2026-09-26T10:49:07.047,95,0,0
245,8,195.533,2026-09-26T10:52:22.58,93,0,0
245,9,291.534,2026-09-26T10:57:14.114,93,1,0
245,10,1734.031,2026-09-26T11:26:08.145,92,0,0
245,11,175.233,2026-09-26T11:29:03.378,90,0,0
245,12,177.61,2026-09-26T11:32:00.988,89,0,0
245,13,187.3,2026-09-26T11:35:08.288,88,0,0
245,14,178.973,2026-09-26T11:38:07.261,88,0,0
245,15,178.421,2026-09-26T11:41:05.682,88,0,0
245,16,167.072,2026-09-26T11:43:52.754,88,0,0
245,17,167.212,2026-09-26T11:46:39.966,87,0,0
245,18,163.059,2026-09-26T11:49:23.025,87,0,0
245,19,167.916,2026-09-26T11:52:10.941,87,0,0
245,20,160.898,2026-09-26T11:54:51.839,87,0,0
245,21,164.68,2026-09-26T11:57:36.519,84,0,0
245,22,159.496,2026-09-26T12:00:16.015,83,0,0
245,23,162.979,2026-09-26T12:02:58.994,83,0,0
245,24,2129.682,2026-09-26T12:38:28.676,88,0,0
245,25,202.041,2026-09-26T12:41:50.717,88,1,0
245,26,354.298,2026-09-26T12:47:45.015,88,0,0
245,27,186.47,2026-09-26T12:50:51.485,88,0,0
245,28,807.035,2026-09-26T13:04:18.52,89,1,0
245,29,214.186,2026-09-26T13:07:52.706,89,0,0
245,30,179.819,2026-09-26T13:10:52.525,89,0,0
245,31,180.908,2026-09-26T13:13:53.433,89,0,0
245,32,175.98,2026-09-26T13:16:49.413,88,0,0
245,33,174.748,2026-09-26T13:19:44.161,88,0,0
245,34,184.859,2026-09-26T13:22:49.02,87,0,0
245,35,173.11,2026-09-26T13:25:42.13,87,0,0
245,36,168.372,2026-09-26T13:28:30.502,87,0,0
245,37,168.926,2026-09-26T13:31:19.428,87,0,0
245,38,167.482,2026-09-26T13:34:06.91,86,0,0
245,39,173.673,2026-09-26T13:37:00.583,86,0,0
245,40,178.642,2026-09-26T13:39:59.225,84,0,0
245,41,174.547,2026-09-26T13:42:53.772,83,0,0
245,42,176.269,2026-09-26T13:45:50.041,83,0,0
245,43,181.637,2026-09-26T13:48:51.678,82,0,0
245,44,165.381,2026-09-26T13:51:37.059,82,0,0
245,45,174.662,2026-09-26T13:54:31.721,81,0,0
245,46,163.688,2026-09-26T13:57:15.409,80,0,0
245,47,169.27,2026-09-26T14:00:04.679,80,0,0
245,48,171.883,2026-09-26T14:02:56.562,80,0,0
245,49,166.433,2026-09-26T14:05:42.995,80,0,0
245,50,172.808,2026-09-26T14:08:35.803,78,0,0
245,51,176.943,2026-09-26T14:11:32.746,76,0,0
245,52,169.469,2026-09-26T14:14:22.215,76,0,0
245,53,752.93,2026-09-26T14:26:55.145,80,1,0
245,54,955.243,2026-09-26T14:42:50.388,80,0,0
245,55,182.232,2026-09-26T14:45:52.62,79,0,0
245,56,177.544,2026-09-26T14:48:50.164,79,0,0
245,57,182.374,2026-09-26T14:51:52.538,78,0,0
245,58,180.732,2026-09-26T14:54:53.27,78,0,0
245,59,186.403,2026-09-26T14:57:59.673,77,0,0
245,60,180.302,2026-09-26T15:00:59.975,77,0,0
245,61,178.298,2026-09-26T15:03:58.273,77,0,0
245,62,213.037,2026-09-26T15:07:31.31,76,0,0
245,63,217.632,2026-09-26T15:11:08.942,76,1,0
245,64,440.419,2026-09-26T15:18:29.361,77,0,0
245,65,192.728,2026-09-26T15:21:42.089,76,0,0
245,66,191.833,2026-09-26T15:24:53.922,76,0,0
245,67,198.226,2026-09-26T15:28:12.148,76,0,0
245,68,200.488,2026-09-26T15:31:32.636,76,0,0
245,69,234.073,2026-09-26T15:35:26.709,76,0,0
245,70,186.749,2026-09-26T15:38:33.458,75,0,0
245,71,202.037,2026-09-26T15:41:55.495,74,0,0
245,72,199.01,2026-09-26T15:45:14.505,73,0,0
245,73,195.09,2026-09-26T15:48:29.595,72,0,0
245,74,214.253,2026-09-26T15:52:03.848,71,1,0
245,75,1002.67,2026-09-26T16:08:46.518,71,0,1
245,76,240.003,2026-09-26T16:12:46.521,71,0,1
245,77,266.019,2026-09-26T16:17:12.54,71,0,0
245,78,180.591,2026-09-26T16:20:13.131,71,0,0
245,79,168.207,2026-09-26T16:23:01.338,71,0,0
245,80,162.382,2026-09-26T16:25:43.72,71,0,0
245,81,185.809,2026-09-26T16:28:49.529,70,0,0
245,82,213.102,2026-09-26T16:32:22.631,70,1,0
245,83,799.349,2026-09-26T16:45:41.98,72,0,0
245,84,167.523,2026-09-26T16:48:29.503,72,0,0
245,85,161.768,2026-09-26T16:51:11.271,72,0,0
245,86,170.024,2026-09-26T16:54:01.295,72,0,0
245,87,166.828,2026-09-26T16:56:48.123,72,0,0
245,88,163.654,2026-09-26T16:59:31.777,70,0,0
245,89,165.412,2026-09-26T17:02:17.189,70,0,0
245,90,163.283,2026-09-26T17:05:00.472,70,0,0
245,91,162.98,2026-09-26T17:07:43.452,69,0,0
245,92,177.453,2026-09-26T17:10:40.905,68,0,0
245,93,168.439,2026-09-26T17:13:29.344,68,0,0
245,94,170.661,2026-09-26T17:16:20.005,68,0,0
245,95,165.124,2026-09-26T17:19:05.129,67,0,0
245,96,170.722,2026-09-26T17:21:55.851,67,0,0
245,97,200.606,2026-09-26T17:25:16.457,67,1,0
245,98,383.407,2026-09-26T17:31:39.864,68,0,0
245,99,165.137,2026-09-26T17:34:25.001,68,0,0
245,100,534.231,2026-09-26T17:43:19.232,70,1,0
245,101,215.802,2026-09-26T17:46:55.034,70,0,0
245,102,174.546,2026-09-26T17:49:49.58,69,0,0
245,103,204.686,2026-09-26T17:53:14.266,69,0,1
245,104,233.36,2026-09-26T17:57:07.626,69,0,1
245,105,299.076,2026-09-26T18:02:06.702,69,0,1
245,106,54092.181,2026-09-27T09:03:38.883,69,0,0
245,107,181.45,2026-09-27T09:06:40.333,69,0,0
245,108,180.335,2026-09-27T09:09:40.668,69,0,0
245,109,176.861,2026-09-27T09:12:37.529,69,0,0
245,110,173.703,2026-09-27T09:15:31.232,69,0,0
245,111,170.327,2026-09-27T09:18:21.559,69,0,0
245,112,181.442,2026-09-27T09:21:23.001,69,0,0
245,113,190.429,2026-09-27T09:24:33.43,68,0,0
245,114,172.893,2026-09-27T09:27:26.323,68,0,0
245,115,169.844,2026-09-27T09:30:16.167,68,0,0
245,116,190.524,2026-09-27T09:33:26.691,68,1,0
245,117,4989.229,2026-09-27T10:56:35.92,74,0,0
245,118,199.117,2026-09-27T10:59:55.037,74,1,0
245,119,1128.081,2026-09-27T11:18:43.118,74,0,0
245,120,203.426,2026-09-27T11:22:06.544,74,1,0
245,121,1260.57,2026-09-27T11:43:07.114,75,0,0
245,122,196.918,2026-09-27T11:46:24.032,75,1,0
245,123,3060.009,2026-09-27T12:37:24.041,78,0,0
245,124,198.368,2026-09-27T12:40:42.409,78,1,0
245,125,606.166,2026-09-27T12:50:48.575,77,0,0
245,126,168.104,2026-09-27T12:53:36.679,76,0,0
245,127,169.334,2026-09-27T12:56:26.013,76,0,0
245,128,171.269,2026-09-27T12:59:17.282,76,0,0
245,129,169.329,2026-09-27T13:02:06.611,76,0,0
245,130,169.297,2026-09-27T13:04:55.908,75,0,0
245,131,164.716,2026-09-27T13:07:40.624,75,0,0
245,132,169.994,2026-09-27T13:10:30.618,75,0,0
245,133,168.204,2026-09-27T13:13:18.822,75,0,0
245,134,168.205,2026-09-27T13:16:07.027,75,0,0
245,135,175.435,2026-09-27T13:19:02.462,75,0,0
245,136,168.543,2026-09-27T13:21:51.005,75,0,0
245,137,164.851,2026-09-27T13:24:35.856,74,0,0
245,138,167.732,2026-09-27T13:27:23.588,74,0,0
245,139,166.197,2026-09-27T13:30:09.785,74,0,0
245,140,178.521,2026-09-27T13:33:08.306,73,1,0
245,141,1695.356,2026-09-27T14:01:23.662,74,0,0
245,142,166.526,2026-09-27T14:04:10.188,74,0,0
245,143,163.422,2026-09-27T14:06:53.61,74,0,0
245,144,170.008,2026-09-27T14:09:43.618,74,0,0
245,145,161.216,2026-09-27T14:12:24.834,74,0,0
245,146,167.424,2026-09-27T14:15:12.258,74,0,0
245,147,163.919,2026-09-27T14:17:56.177,74,0,0
245,148,167.2,2026-09-27T14:20:43.377,74,0,0
245,149,165.928,2026-09-27T14:23:29.305,74,0,0
245,150,162.247,2026-09-27T14:26:11.552,74,0,0
245,151,161.59,2026-09-27T14:28:53.142,74,0,0
245,152,167.115,2026-09-27T14:31:40.257,74,0,0
245,153,168.874,2026-09-27T14:34:29.131,73,0,0
245,154,161.621,2026-09-27T14:37:10.752,71,0,0
245,155,164.621,2026-09-27T14:39:55.373,72,0,0
245,156,160.86,2026-09-27T14:42:36.233,72,0,0
245,157,160.648,2026-09-27T14:45:16.881,72,0,0
245,158,178.659,2026-09-27T14:48:15.54,72,1,0
245,159,784.42,2026-09-27T15:01:19.96,72,0,0
245,160,166.53,2026-09-27T15:04:06.49,72,0,0
245,161,166.711,2026-09-27T15:06:53.201,72,0,0
84,1,213.331,2026-09-26T10:05:31.359,23,0,0
84,2,184.421,2026-09-26T10:08:35.78,27,0,0
84,3,181.038,2026-09-26T10:11:36.818,27,0,0
84,4,180.673,2026-09-26T10:14:37.491,27,0,0
84,5,176.455,2026-09-26T10:17:33.946,29,0,0
84,6,176.558,2026-09-26T10:20:30.504,31,0,0
84,7,195.423,2026-09-26T10:23:45.927,32,0,0
84,8,173.407,2026-09-26T10:26:39.334,32,0,0
84,9,190.535,2026-09-26T10:29:49.869,38,1,0
84,10,1577.702,2026-09-26T10:56:07.571,87,0,0
84,11,183.184,2026-09-26T10:59:10.755,83,0,0
84,12,179.018,2026-09-26T11:02:09.773,83,0,0
84,13,180.832,2026-09-26T11:05:10.605,83,0,0
84,14,175.957,2026-09-26T11:08:06.562,82,0,0
84,15,168.803,2026-09-26T11:10:55.365,81,0,0
84,16,175.743,2026-09-26T11:13:51.108,81,0,0
84,17,169.837,2026-09-26T11:16:40.945,80,0,0
84,18,167.948,2026-09-26T11:19:28.893,79,0,0
84,19,168.445,2026-09-26T11:22:17.338,79,0,0
84,20,168.691,2026-09-26T11:25:06.029,78,0,0
84,21,164.657,2026-09-26T11:27:50.686,77,0,0
84,22,210.967,2026-09-26T11:31:21.653,78,0,0
84,23,201.08,2026-09-26T11:34:42.733,78,1,0
84,24,339.181,2026-09-26T11:40:21.914,76,0,0
84,25,174.322,2026-09-26T11:43:16.236,76,0,0
84,26,174.984,2026-09-26T11:46:11.22,76,0,0
84,27,177.582,2026-09-26T11:49:08.802,75,0,0
84,28,170.171,2026-09-26T11:51:58.973,74,0,0
84,29,168.065,2026-09-26T11:54:47.038,74,0,0
84,30,172.447,2026-09-26T11:57:39.485,72,0,0
84,31,173.019,2026-09-26T12:00:32.504,72,0,0
84,32,167.409,2026-09-26T12:03:19.913,71,0,0
84,33,172.247,2026-09-26T12:06:12.16,68,0,0
84,34,6602.29,2026-09-26T13:56:14.45,89,0,0
84,35,178.308,2026-09-26T13:59:12.758,89,0,0
84,36,175.938,2026-09-26T14:02:08.696,89,0,0
84,37,171.707,2026-09-26T14:05:00.403,88,0,0
84,38,168.833,2026-09-26T14:07:49.236,87,0,0
84,39,172.01,2026-09-26T14:10:41.246,87,0,0
84,40,171.729,2026-09-26T14:13:32.975,85,0,0
84,41,168.183,2026-09-26T14:16:21.158,85,0,0
84,42,166.099,2026-09-26T14:19:07.257,85,0,0
84,43,933.364,2026-09-26T14:34:40.621,84,0,0
84,44,174.328,2026-09-26T14:37:34.949,84,0,0
84,45,171.894,2026-09-26T14:40:26.843,83,0,0
84,46,168.582,2026-09-26T14:43:15.425,83,0,0
84,47,171.405,2026-09-26T14:46:06.83,83,0,0
84,48,171.246,2026-09-26T14:48:58.076,83,0,0
84,49,175.639,2026-09-26T14:51:53.715,83,0,0
84,50,176.514,2026-09-26T14:54:50.229,83,0,0
84,51,177.88,2026-09-26T14:57:48.109,83,0,0
84,52,167.628,2026-09-26T15:00:35.737,83,0,0
84,53,172.385,2026-09-26T15:03:28.122,83,0,0
84,54,184.619,2026-09-26T15:06:32.741,83,0,0
84,55,175.979,2026-09-26T15:09:28.72,83,0,0
84,56,180.694,2026-09-26T15:12:29.414,83,0,0
84,57,163.731,2026-09-26T15:15:13.145,82,0,0
84,58,169.131,2026-09-26T15:18:02.276,82,0,0
84,59,168.038,2026-09-26T15:20:50.314,81,0,0
84,60,165.748,2026-09-26T15:23:36.062,81,0,0
84,61,163.807,2026-09-26T15:26:19.869,81,0,0
84,62,161.289,2026-09-26T15:29:01.158,81,0,0
84,63,177.643,2026-09-26T15:31:58.801,80,0,0
84,64,213.189,2026-09-26T15:35:31.99,80,0,0
84,65,167.823,2026-09-26T15:38:19.813,79,0,0
84,66,161.659,2026-09-26T15:41:01.472,79,0,0
84,67,158.532,2026-09-26T15:43:40.004,79,0,0
84,68,167.78,2026-09-26T15:46:27.784,79,0,0
84,69,188.976,2026-09-26T15:49:36.76,79,1,0
84,70,473.529,2026-09-26T15:57:30.289,78,0,1
84,71,270.579,2026-09-26T16:02:00.868,77,0,1
84,72,236.548,2026-09-26T16:05:57.416,77,0,1
84,73,239.701,2026-09-26T16:09:57.117,76,0,1
84,74,245.315,2026-09-26T16:14:02.432,76,0,1
84,75,232.13,2026-09-26T16:17:54.562,75,0,0
84,76,179.763,2026-09-26T16:20:54.325,75,0,0
84,77,160.45,2026-09-26T16:23:34.775,75,0,0
84,78,161.03,2026-09-26T16:26:15.805,74,0,0
84,79,160.462,2026-09-26T16:28:56.267,73,0,0
84,80,166.152,2026-09-26T16:31:42.419,72,0,0
84,81,165.586,2026-09-26T16:34:28.005,72,0,0
84,82,178.429,2026-09-26T16:37:26.434,72,1,0
84,83,639.603,2026-09-26T16:48:06.037,73,0,0
84,84,176.753,2026-09-26T16:51:02.79,73,0,0
84,85,197.182,2026-09-26T16:54:19.972,73,0,0
84,86,177.822,2026-09-26T16:57:17.794,73,0,0
84,87,177.095,2026-09-26T17:00:14.889,73,0,0
84,88,170.683,2026-09-26T17:03:05.572,71,0,0
84,89,209.842,2026-09-26T17:06:35.414,71,1,0
84,90,719.54,2026-09-26T17:18:34.954,72,0,0
84,91,177.605,2026-09-26T17:21:32.559,72,0,0
84,92,186.153,2026-09-26T17:24:38.712,72,0,0
84,93,176.405,2026-09-26T17:27:35.117,72,0,0
84,94,176.335,2026-09-26T17:30:31.452,72,0,0
84,95,172.781,2026-09-26T17:33:24.233,71,0,0
84,96,218.452,2026-09-26T17:37:02.685,71,1,0
84,97,736.898,2026-09-26T17:49:19.583,71,0,0
84,98,216.763,2026-09-26T17:52:56.346,71,0,1
84,99,234.767,2026-09-26T17:56:51.113,71,0,1
84,100,293.205,2026-09-26T18:01:44.318,71,0,1
84,101,53781.069,2026-09-27T08:58:05.387,71,0,0
84,102,200.574,2026-09-27T09:01:25.961,71,0,0
84,103,183.961,2026-09-27T09:04:29.922,71,0,0
84,104,177.949,2026-09-27T09:07:27.871,71,0,0
84,105,183.803,2026-09-27T09:10:31.674,71,0,0
84,106,188.465,2026-09-27T09:13:40.139,71,0,0
84,107,172.489,2026-09-27T09:16:32.628,71,0,0
84,108,2082.617,2026-09-27T09:51:15.245,75,0,0
84,109,172.174,2026-09-27T09:54:07.419,75,0,0
84,110,170.298,2026-09-27T09:56:57.717,75,0,0
84,111,167.311,2026-09-27T09:59:45.028,75,0,0
84,112,172.033,2026-09-27T10:02:37.061,75,0,0
84,113,168.618,2026-09-27T10:05:25.679,74,0,0
84,114,170.9,2026-09-27T10:08:16.579,74,0,0
84,115,174.888,2026-09-27T10:11:11.467,74,1,0
84,116,646.609,2026-09-27T10:21:58.076,74,0,0
84,117,163.795,2026-09-27T10:24:41.871,73,0,0
84,118,1197.874,2026-09-27T10:44:39.745,73,0,0
84,119,166.375,2026-09-27T10:47:26.12,72,0,0
84,120,167.014,2026-09-27T10:50:13.134,72,0,0
84,121,165.694,2026-09-27T10:52:58.828,72,0,0
84,122,160.463,2026-09-27T10:55:39.291,72,0,0
84,123,161.343,2026-09-27T10:58:20.634,71,0,0
84,124,162.005,2026-09-27T11:01:02.639,71,0,0
84,125,159.066,2026-09-27T11:03:41.705,70,0,0
84,126,164.142,2026-09-27T11:06:25.847,70,0,0
84,127,168.405,2026-09-27T11:09:14.252,69,0,0
84,128,158.703,2026-09-27T11:11:52.955,68,0,0
84,129,161.619,2026-09-27T11:14:34.574,68,0,0
84,130,165.946,2026-09-27T11:17:20.52,67,0,0
84,131,159.399,2026-09-27T11:19:59.919,66,0,0
84,132,160.86,2026-09-27T11:22:40.779,66,0,0
84,133,268.285,2026-09-27T11:27:09.064,66,1,0
84,134,1455.88,2026-09-27T11:51:24.944,66,0,0
84,135,167.938,2026-09-27T11:54:12.882,66,0,0
84,136,174.901,2026-09-27T11:57:07.783,66,0,0
84,137,167.094,2026-09-27T11:59:54.877,66,0,0
84,138,177.888,2026-09-27T12:02:52.765,66,0,0
84,139,174.438,2026-09-27T12:05:47.203,66,0,0
84,140,174.229,2026-09-27T12:08:41.432,65,0,0
84,141,162.959,2026-09-27T12:11:24.391,65,0,0
84,142,164.924,2026-09-27T12:14:09.315,65,0,0
84,143,166.628,2026-09-27T12:16:55.943,65,0,0
84,144,166.081,2026-09-27T12:19:42.024,65,0,0
84,145,182.706,2026-09-27T12:22:44.73,65,0,0
84,146,173.471,2026-09-27T12:25:38.201,65,0,0
84,147,175.919,2026-09-27T12:28:34.12,65,0,0
84,148,172.014,2026-09-27T12:31:26.134,65,0,0
84,149,167.233,2026-09-27T12:34:13.367,65,0,0
84,150,171.519,2026-09-27T12:37:04.886,65,0,0
84,151,169.517,2026-09-27T12:39:54.403,65,0,0
84,152,176.008,2026-09-27T12:42:50.411,65,0,0
84,153,196.313,2026-09-27T12:46:06.724,65,1,0
883,1,199.919,2026-09-26T10:05:34.71,28,0,0
883,2,192.005,2026-09-26T10:08:46.715,30,0,0
883,3,190.712,2026-09-26T10:11:57.427,29,0,0
883,4,177.059,2026-09-26T10:14:54.486,32,0,0
883,5,178.646,2026-09-26T10:17:53.132,33,0,0
883,6,176.094,2026-09-26T10:20:49.226,32,0,0
883,7,184.005,2026-09-26T10:23:53.231,33,0,0
883,8,170.899,2026-09-26T10:26:44.13,33,0,0
883,9,172.951,2026-09-26T10:29:37.081,35,0,0
883,10,168.723,2026-09-26T10:32:25.804,37,0,0
883,11,169.6,2026-09-26T10:35:15.404,36,0,0
883,12,174.381,2026-09-26T10:38:09.785,37,0,0
883,13,177.631,2026-09-26T10:41:07.416,40,0,0
883,14,171.68,2026-09-26T10:43:59.096,38,0,0
883,15,167.951,2026-09-26T10:46:47.047,37,0,0
883,16,162.739,2026-09-26T10:49:29.786,36,0,0
883,17,174.739,2026-09-26T10:52:24.525,37,0,0
883,18,165.053,2026-09-26T10:55:09.578,36,0,0
883,19,168.956,2026-09-26T10:57:58.534,35,0,0
883,20,178.239,2026-09-26T11:00:56.773,34,0,0
883,21,175.749,2026-09-26T11:03:52.522,36,0,0
883,22,163.655,2026-09-26T11:06:36.177,35,0,0
883,23,165.277,2026-09-26T11:09:21.454,34,0,0
883,24,166.158,2026-09-26T11:12:07.612,35,0,0
883,25,167.433,2026-09-26T11:14:55.045,35,0,0
883,26,174.799,2026-09-26T11:17:49.844,35,0,0
883,27,167.924,2026-09-26T11:20:37.768,34,0,0
883,28,171.519,2026-09-26T11:23:29.287,33,0,0
883,29,163.581,2026-09-26T11:26:12.868,33,0,0
883,30,167.048,2026-09-26T11:28:59.916,33,0,0
883,31,166.844,2026-09-26T11:31:46.76,32,0,0
883,32,186.388,2026-09-26T11:34:53.148,33,0,0
883,33,170.686,2026-09-26T11:37:43.834,32,0,0
883,34,173.241,2026-09-26T11:40:37.075,31,0,0
883,35,172.642,2026-09-26T11:43:29.717,29,0,0
883,36,164.891,2026-09-26T11:46:14.608,28,0,0
883,37,167.354,2026-09-26T11:49:01.962,28,0,0
883,38,166.236,2026-09-26T11:51:48.198,28,0,0
883,39,173.3,2026-09-26T11:54:41.498,26,0,0
883,40,166.837,2026-09-26T11:57:28.335,25,0,0
883,41,190.315,2026-09-26T12:00:38.65,25,1,0
883,42,802.1,2026-09-26T12:14:00.75,36,0,0
883,43,227.019,2026-09-26T12:17:47.769,36,0,0
883,44,224.59,2026-09-26T12:21:32.359,38,0,0
883,45,219.077,2026-09-26T12:25:11.436,39,0,0
883,46,210.621,2026-09-26T12:28:42.057,40,0,0
883,47,205.64,2026-09-26T12:32:07.697,40,0,0
883,48,208.387,2026-09-26T12:35:36.084,41,0,0
883,49,205.446,2026-09-26T12:39:01.53,42,0,0
883,50,207.954,2026-09-26T12:42:29.484,42,0,0
883,51,203.686,2026-09-26T12:45:53.17,41,0,0
883,52,197.852,2026-09-26T12:49:11.022,42,0,0
883,53,198.614,2026-09-26T12:52:29.636,42,0,0
883,54,200.731,2026-09-26T12:55:50.367,43,0,0
883,55,200.265,2026-09-26T12:59:10.632,45,0,0
883,56,205.166,2026-09-26T13:02:35.798,45,0,0
883,57,202.649,2026-09-26T13:05:58.447,45,0,0
883,58,204.453,2026-09-26T13:09:22.9,43,0,0
883,59,199.361,2026-09-26T13:12:42.261,43,0,0
883,60,212.334,2026-09-26T13:16:14.595,41,0,0
883,61,200.881,2026-09-26T13:19:35.476,41,0,0
883,62,194.333,2026-09-26T13:22:49.809,42,0,0
883,63,192.397,2026-09-26T13:26:02.206,44,0,0
883,64,190.114,2026-09-26T13:29:12.32,44,0,0
883,65,241.594,2026-09-26T13:33:13.914,45,1,0
883,66,428.567,2026-09-26T13:40:22.481,47,0,0
883,67,195.726,2026-09-26T13:43:38.207,47,0,0
883,68,190.561,2026-09-26T13:46:48.768,48,0,0
883,69,188.795,2026-09-26T13:49:57.563,48,0,0
883,70,195.445,2026-09-26T13:53:13.008,47,0,0
883,71,198.161,2026-09-26T13:56:31.169,45,0,0
883,72,221.828,2026-09-26T14:00:12.997,44,1,0
883,73,68345.368,2026-09-27T08:59:18.365,85,0,0
883,74,203.675,2026-09-27T09:02:42.04,84,0,0
883,75,191.465,2026-09-27T09:05:53.505,83,0,0
883,76,195.809,2026-09-27T09:09:09.314,82,0,0
883,77,192.77,2026-09-27T09:12:22.084,82,0,0
883,78,194.556,2026-09-27T09:15:36.64,82,0,0
883,79,194.583,2026-09-27T09:18:51.223,81,0,0
883,80,196.457,2026-09-27T09:22:07.68,81,0,0
883,81,192.781,2026-09-27T09:25:20.461,81,0,0
883,82,201.192,2026-09-27T09:28:41.653,81,0,0
883,83,186.159,2026-09-27T09:31:47.812,81,0,0
883,84,184.274,2026-09-27T09:34:52.086,81,0,0
883,85,190.382,2026-09-27T09:38:02.468,81,0,0
883,86,188.359,2026-09-27T09:41:10.827,81,0,0
883,87,187.058,2026-09-27T09:44:17.885,82,0,0
883,88,183.119,2026-09-27T09:47:21.004,82,0,0
883,89,187.079,2026-09-27T09:50:28.083,82,0,0
883,90,181.206,2026-09-27T09:53:29.289,82,0,0
883,91,186.605,2026-09-27T09:56:35.894,82,0,0
883,92,210.059,2026-09-27T10:00:05.953,82,1,0
883,93,2609.463,2026-09-27T10:43:35.416,82,0,0
883,94,191.097,2026-09-27T10:46:46.513,82,0,0
883,95,192.641,2026-09-27T10:49:59.154,82,0,0
883,96,196.414,2026-09-27T10:53:15.568,82,0,0
883,97,193.699,2026-09-27T10:56:29.267,82,0,0
883,98,192.976,2026-09-27T10:59:42.243,82,0,0
883,99,194.759,2026-09-27T11:02:57.002,82,0,0
883,100,183.775,2026-09-27T11:06:00.777,81,0,0
883,101,192.779,2026-09-27T11:09:13.556,81,0,0
883,102,186.007,2026-09-27T11:12:19.563,81,0,0
883,103,179.465,2026-09-27T11:15:19.028,81,0,0
883,104,181.074,2026-09-27T11:18:20.102,81,0,0
883,105,222.347,2026-09-27T11:22:02.449,81,1,0
883,106,713.447,2026-09-27T11:33:55.896,81,0,0
883,107,195.159,2026-09-27T11:37:11.055,81,0,0
883,108,194.648,2026-09-27T11:40:25.703,81,0,0
883,109,190.579,2026-09-27T11:43:36.282,81,0,0
883,110,188.797,2026-09-27T11:46:45.079,81,0,0
883,111,191.102,2026-09-27T11:49:56.181,81,0,0
883,112,193.761,2026-09-27T11:53:09.942,80,0,0
883,113,188.096,2026-09-27T11:56:18.038,79,0,0
883,114,187.367,2026-09-27T11:59:25.405,79,0,0
883,115,192.132,2026-09-27T12:02:37.537,78,0,0
883,116,189.293,2026-09-27T12:05:46.83,78,0,0
883,117,191.95,2026-09-27T12:08:58.78,78,0,0
883,118,188.062,2026-09-27T12:12:06.842,78,0,0
883,119,179.527,2026-09-27T12:15:06.369,78,0,0
883,120,180.818,2026-09-27T12:18:07.187,78,0,0
883,121,179.822,2026-09-27T12:21:07.009,78,0,0
883,122,184.777,2026-09-27T12:24:11.786,78,0,0
883,123,186.24,2026-09-27T12:27:18.026,76,0,0
883,124,178.463,2026-09-27T12:30:16.489,76,0,0
883,125,177.694,2026-09-27T12:33:14.183,75,0,0
883,126,178.852,2026-09-27T12:36:13.035,74,0,0
883,127,261.35,2026-09-27T12:40:34.385,74,1,0
883,128,590.94,2026-09-27T12:50:25.325,75,0,0
883,129,184.232,2026-09-27T12:53:29.557,75,0,0
883,130,185.64,2026-09-27T12:56:35.197,74,0,0
883,131,194.998,2026-09-27T12:59:50.195,74,0,0
883,132,247.625,2026-09-27T13:03:57.82,74,1,0
883,133,393.817,2026-09-27T13:10:31.637,74,0,0
883,134,211.687,2026-09-27T13:14:03.324,74,0,0
883,135,199.84,2026-09-27T13:17:23.164,74,0,0
883,136,244.249,2026-09-27T13:21:27.413,74,1,0
883,137,235.452,2026-09-27T13:25:22.865,75,0,0
883,138,195.416,2026-09-27T13:28:38.281,75,0,0
883,139,195.96,2026-09-27T13:31:54.241,75,0,0
883,140,194.401,2026-09-27T13:35:08.642,74,0,0
883,141,195.83,2026-09-27T13:38:24.472,73,0,0
883,142,188.043,2026-09-27T13:41:32.515,73,0,0
883,143,192.696,2026-09-27T13:44:45.211,73,0,0
883,144,194.604,2026-09-27T13:47:59.815,73,0,0
883,145,192.223,2026-09-27T13:51:12.038,73,0,0
883,146,191.236,2026-09-27T13:54:23.274,72,0,0
883,147,187.581,2026-09-27T13:57:30.855,72,0,0
883,148,185.238,2026-09-27T14:00:36.093,72,0,0
883,149,188.772,2026-09-27T14:03:44.865,72,0,0
883,150,185.258,2026-09-27T14:06:50.123,72,0,0
883,151,182.081,2026-09-27T14:09:52.204,72,0,0
883,152,186.373,2026-09-27T14:12:58.577,72,0,0
883,153,207.597,2026-09-27T14:16:26.174,72,1,0
250,1,181.988,2026-09-26T10:07:51.778,75,0,0
250,2,177.619,2026-09-26T10:10:49.397,75,0,0
250,3,203.832,2026-09-26T10:14:13.229,73,0,0
250,4,178.945,2026-09-26T10:17:12.174,73,0,0
250,5,175.679,2026-09-26T10:20:07.853,72,0,0
250,6,184.254,2026-09-26T10:23:12.107,68,0,0
250,7,165.448,2026-09-26T10:25:57.555,65,0,0
250,8,164.548,2026-09-26T10:28:42.103,62,0,0
250,9,163.204,2026-09-26T10:31:25.307,61,0,0
250,10,159.888,2026-09-26T10:34:05.195,57,0,0
250,11,80611.527,2026-09-27T08:57:36.722,99,0,0
250,12,165.892,2026-09-27T09:00:22.614,99,0,0
250,13,159.375,2026-09-27T09:03:01.989,99,0,0
250,14,150.147,2026-09-27T09:05:32.136,99,0,0
250,15,151.967,2026-09-27T09:08:04.103,99,0,0
250,16,155.157,2026-09-27T09:10:39.26,99,0,0
250,17,161.648,2026-09-27T09:13:20.908,98,0,0
250,18,147.444,2026-09-27T09:15:48.352,98,0,0
250,19,154.574,2026-09-27T09:18:22.926,98,0,0
250,20,161.386,2026-09-27T09:21:04.312,98,0,0
250,21,159.013,2026-09-27T09:23:43.325,98,0,0
250,22,145.328,2026-09-27T09:26:08.653,98,0,0
250,23,154.164,2026-09-27T09:28:42.817,98,0,0
250,24,151.568,2026-09-27T09:31:14.385,98,0,0
250,25,152.938,2026-09-27T09:33:47.323,98,0,0
250,26,151.168,2026-09-27T09:36:18.491,98,0,0
250,27,144.667,2026-09-27T09:38:43.158,98,0,0
250,28,158.297,2026-09-27T09:41:21.455,98,0,0
250,29,158.944,2026-09-27T09:44:00.399,98,0,0
250,30,168.951,2026-09-27T09:46:49.35,98,0,0
250,31,161.855,2026-09-27T09:49:31.205,98,0,0
250,32,143.674,2026-09-27T09:51:54.879,97,0,0
250,33,148.448,2026-09-27T09:54:23.327,97,0,0
250,34,154.524,2026-09-27T09:56:57.851,97,0,0
250,35,150.24,2026-09-27T09:59:28.091,97,0,0
250,36,583.88,2026-09-27T10:09:11.971,97,1,0
250,37,185.149,2026-09-27T10:12:17.12,97,0,0
250,38,148.262,2026-09-27T10:14:45.382,97,0,0
250,39,149.459,2026-09-27T10:17:14.841,97,0,0
250,40,147.154,2026-09-27T10:19:41.995,97,0,0
250,41,145.92,2026-09-27T10:22:07.915,97,0,0
250,42,148.307,2026-09-27T10:24:36.222,97,0,0
250,43,1209.235,2026-09-27T10:44:45.457,97,1,0
250,44,391.116,2026-09-27T10:51:16.573,97,0,0
250,45,148.479,2026-09-27T10:53:45.052,96,0,0
250,46,149.5,2026-09-27T10:56:14.552,96,0,0
250,47,149.621,2026-09-27T10:58:44.173,96,0,0
250,48,146.164,2026-09-27T11:01:10.337,96,0,0
250,49,150.704,2026-09-27T11:03:41.041,96,0,0
250,50,148.203,2026-09-27T11:06:09.244,96,0,0
250,51,168.8,2026-09-27T11:08:58.044,95,0,0
250,52,147.702,2026-09-27T11:11:25.746,95,0,0
250,53,145.859,2026-09-27T11:13:51.605,94,0,0
250,54,156.454,2026-09-27T11:16:28.059,94,0,0
250,55,151.529,2026-09-27T11:18:59.588,94,0,0
250,56,156.632,2026-09-27T11:21:36.22,93,0,0
250,57,148.392,2026-09-27T11:24:04.612,92,0,0
250,58,151.709,2026-09-27T11:26:36.321,92,0,0
250,59,147.859,2026-09-27T11:29:04.18,92,0,0
250,60,526.837,2026-09-27T11:37:51.017,93,1,0
250,61,201.94,2026-09-27T11:41:12.957,93,0,0
250,62,151.291,2026-09-27T11:43:44.248,93,0,0
250,63,162.842,2026-09-27T11:46:27.09,93,0,0
250,64,161.564,2026-09-27T11:49:08.654,93,0,0
250,65,156.153,2026-09-27T11:51:44.807,93,0,0
250,66,148.777,2026-09-27T11:54:13.584,93,0,0
250,67,155.119,2026-09-27T11:56:48.703,93,0,0
250,68,169.028,2026-09-27T11:59:37.731,93,0,0
250,69,166.561,2026-09-27T12:02:24.292,92,0,0
250,70,148.118,2026-09-27T12:04:52.41,92,0,0
250,71,173.651,2026-09-27T12:07:46.061,92,0,0
250,72,156.708,2026-09-27T12:10:22.769,92,0,0
250,73,149.577,2026-09-27T12:12:52.346,92,0,0
250,74,147.85,2026-09-27T12:15:20.196,91,0,0
250,75,146.146,2026-09-27T12:17:46.342,90,0,0
250,76,149.075,2026-09-27T12:20:15.417,88,0,0
250,77,155.127,2026-09-27T12:22:50.544,88,0,0
250,78,156.175,2026-09-27T12:25:26.719,88,0,0
250,79,159.504,2026-09-27T12:28:06.223,87,0,0
250,80,153.357,2026-09-27T12:30:39.58,87,0,0
250,81,146.636,2026-09-27T12:33:06.216,87,0,0
250,82,143.886,2026-09-27T12:35:30.102,87,0,0
250,83,166.655,2026-09-27T12:38:16.757,87,0,0
250,84,159.916,2026-09-27T12:40:56.673,87,0,0
250,85,154.935,2026-09-27T12:43:31.608,87,0,0
250,86,154.906,2026-09-27T12:46:06.514,87,0,0
250,87,148.027,2026-09-27T12:48:34.541,87,0,0
250,88,161.337,2026-09-27T12:51:15.878,87,0,0
250,89,151.132,2026-09-27T12:53:47.01,87,0,0
250,90,144.983,2026-09-27T12:56:11.993,87,0,0
250,91,149.945,2026-09-27T12:58:41.938,87,0,0
250,92,151.143,2026-09-27T13:01:13.081,87,0,0
250,93,512.012,2026-09-27T13:09:45.093,87,1,0
250,94,218.409,2026-09-27T13:13:23.502,87,0,0
250,95,146.459,2026-09-27T13:15:49.961,86,0,0
250,96,153.103,2026-09-27T13:18:23.064,86,0,0
250,97,151.6,2026-09-27T13:20:54.664,86,0,0
250,98,140.653,2026-09-27T13:23:15.317,86,0,0
250,99,142.457,2026-09-27T13:25:37.774,86,0,0
250,100,141.88,2026-09-27T13:27:59.654,84,0,0
250,101,146.246,2026-09-27T13:30:25.9,84,0,0
250,102,148.479,2026-09-27T13:32:54.379,84,0,0
250,103,144.523,2026-09-27T13:35:18.902,84,0,0
250,104,157.332,2026-09-27T13:37:56.234,84,0,0
250,105,142.776,2026-09-27T13:40:19.01,84,0,0
250,106,144.848,2026-09-27T13:42:43.858,84,0,0
250,107,147.72,2026-09-27T13:45:11.578,84,0,0
250,108,145.891,2026-09-27T13:47:37.469,84,0,0
250,109,141.521,2026-09-27T13:49:58.99,84,0,0
250,110,141.08,2026-09-27T13:52:20.07,84,0,0
250,111,145.323,2026-09-27T13:54:45.393,84,0,0
250,112,144.502,2026-09-27T13:57:09.895,83,0,0
250,113,149.769,2026-09-27T13:59:39.664,83,0,0
250,114,148.347,2026-09-27T14:02:08.011,83,0,0
250,115,136.036,2026-09-27T14:04:24.047,83,0,0
250,116,149.758,2026-09-27T14:06:53.805,83,0,0
250,117,144.792,2026-09-27T14:09:18.597,83,0,0
250,118,137.536,2026-09-27T14:11:36.133,83,0,0
250,119,135.926,2026-09-27T14:13:52.059,83,0,0
250,120,145.571,2026-09-27T14:16:17.63,83,0,0
250,121,509.783,2026-09-27T14:24:47.413,83,1,0
250,122,205.401,2026-09-27T14:28:12.814,83,0,0
250,123,156.066,2026-09-27T14:30:48.88,82,0,0
250,124,152.537,2026-09-27T14:33:21.417,82,0,0
250,125,154.408,2026-09-27T14:35:55.825,81,0,0
250,126,154.912,2026-09-27T14:38:30.737,80,0,0
250,127,154.034,2026-09-27T14:41:04.771,79,0,0
250,128,157.562,2026-09-27T14:43:42.333,79,0,0
250,129,151.378,2026-09-27T14:46:13.711,79,0,0
250,130,149.725,2026-09-27T14:48:43.436,78,0,0
250,131,149.272,2026-09-27T14:51:12.708,77,0,0
250,132,151.787,2026-09-27T14:53:44.495,77,0,0
250,133,154.013,2026-09-27T14:56:18.508,77,0,0
250,134,147.656,2026-09-27T14:58:46.164,77,0,0
250,135,151.634,2026-09-27T15:01:17.798,77,0,0
250,136,153.381,2026-09-27T15:03:51.179,77,0,0
250,137,149.425,2026-09-27T15:06:20.604,77,0,0
250,138,147.192,2026-09-27T15:08:47.796,77,0,0
250,139,152.859,2026-09-27T15:11:20.655,77,0,0
250,140,149.339,2026-09-27T15:13:49.994,76,0,0
250,141,155.701,2026-09-27T15:16:25.695,76,0,0
250,142,154.322,2026-09-27T15:19:00.017,76,0,0
250,143,146.509,2026-09-27T15:21:26.526,76,0,0
250,144,148.924,2026-09-27T15:23:55.45,76,0,0
250,145,152.388,2026-09-27T15:26:27.838,75,0,0
250,146,146.267,2026-09-27T15:28:54.105,75,0,0
250,147,153.361,2026-09-27T15:31:27.466,75,0,0
90,1,179.429,2026-09-26T10:11:36.054,90,0,0
90,2,181.697,2026-09-26T10:14:37.751,90,0,0
90,3,179.886,2026-09-26T10:17:37.637,89,0,0
90,4,173.646,2026-09-26T10:20:31.283,87,0,0
90,5,197.394,2026-09-26T10:23:48.677,87,0,0
90,6,173.705,2026-09-26T10:26:42.382,85,0,0
90,7,185.288,2026-09-26T10:29:47.67,86,0,0
90,8,176.585,2026-09-26T10:32:44.255,83,0,0
90,9,178.33,2026-09-26T10:35:42.585,80,0,0
90,10,598.504,2026-09-26T10:45:41.089,81,1,0
90,11,2281.779,2026-09-26T11:23:42.868,88,0,0
90,12,196.997,2026-09-26T11:26:59.865,88,0,0
90,13,185.364,2026-09-26T11:30:05.229,87,0,0
90,14,177.543,2026-09-26T11:33:02.772,87,0,0
90,15,181.529,2026-09-26T11:36:04.301,87,0,0
90,16,191.817,2026-09-26T11:39:16.118,87,0,0
90,17,170.339,2026-09-26T11:42:06.457,86,0,0
90,18,172.668,2026-09-26T11:44:59.125,86,0,0
90,19,182.6,2026-09-26T11:48:01.725,86,0,0
90,20,186.97,2026-09-26T11:51:08.695,85,0,0
90,21,532.979,2026-09-26T12:00:01.674,85,0,0
90,22,175.395,2026-09-26T12:02:57.069,85,0,0
90,23,183.814,2026-09-26T12:06:00.883,85,0,0
90,24,175.651,2026-09-26T12:08:56.534,84,0,0
90,25,171.48,2026-09-26T12:11:48.014,84,0,0
90,26,177.303,2026-09-26T12:14:45.317,84,0,0
90,27,177.753,2026-09-26T12:17:43.07,84,0,0
90,28,636.549,2026-09-26T12:28:19.619,84,1,0
90,29,250.43,2026-09-26T12:32:30.049,85,0,0
90,30,186.284,2026-09-26T12:35:36.333,84,0,0
90,31,181.909,2026-09-26T12:38:38.242,84,0,0
90,32,182.231,2026-09-26T12:41:40.473,84,0,0
90,33,175.106,2026-09-26T12:44:35.579,83,0,0
90,34,184.597,2026-09-26T12:47:40.176,82,0,0
90,35,173.511,2026-09-26T12:50:33.687,82,0,0
90,36,175.819,2026-09-26T12:53:29.506,82,0,0
90,37,173.282,2026-09-26T12:56:22.788,82,0,0
90,38,174.767,2026-09-26T12:59:17.555,81,0,0
90,39,184.757,2026-09-26T13:02:22.312,81,0,0
90,40,175.142,2026-09-26T13:05:17.454,78,0,0
90,41,174.2,2026-09-26T13:08:11.654,76,0,0
90,42,184.685,2026-09-26T13:11:16.339,76,0,0
90,43,1508.038,2026-09-26T13:36:24.377,77,0,0
90,44,186.231,2026-09-26T13:39:30.608,77,0,0
90,45,831.1,2026-09-26T13:53:21.708,80,1,0
90,46,250.177,2026-09-26T13:57:31.885,81,0,0
90,47,180.925,2026-09-26T14:00:32.81,81,0,0
90,48,184.138,2026-09-26T14:03:36.948,81,0,0
90,49,194.131,2026-09-26T14:06:51.079,81,0,0
90,50,189.158,2026-09-26T14:10:00.237,79,0,0
90,51,174.824,2026-09-26T14:12:55.061,78,0,0
90,52,175.34,2026-09-26T14:15:50.401,78,0,0
90,53,175.335,2026-09-26T14:18:45.736,77,0,0
90,54,173.773,2026-09-26T14:21:39.509,77,0,0
90,55,196.727,2026-09-26T14:24:56.236,76,0,0
90,56,566.413,2026-09-26T14:34:22.649,77,1,0
90,57,466.506,2026-09-26T14:42:09.155,77,0,0
90,58,165.095,2026-09-26T14:44:54.25,77,0,0
90,59,163.331,2026-09-26T14:47:37.581,76,0,0
90,60,172.057,2026-09-26T14:50:29.638,76,0,0
90,61,190.257,2026-09-26T14:53:39.895,76,0,0
90,62,1135.03,2026-09-26T15:12:34.925,78,1,0
90,63,1906.828,2026-09-26T15:44:21.753,81,0,0
90,64,159.733,2026-09-26T15:47:01.486,81,0,0
90,65,165.395,2026-09-26T15:49:46.881,80,0,0
90,66,169.708,2026-09-26T15:52:36.589,80,0,0
90,67,180.721,2026-09-26T15:55:37.31,80,0,0
90,68,279.343,2026-09-26T16:00:16.653,80,1,1
90,69,3249.267,2026-09-26T16:54:25.92,84,0,0
90,70,640.344,2026-09-26T17:05:06.264,84,1,0
90,71,253.89,2026-09-26T17:09:20.154,83,0,0
90,72,171.705,2026-09-26T17:12:11.859,82,0,0
90,73,174.406,2026-09-26T17:15:06.265,81,0,0
90,74,173.214,2026-09-26T17:17:59.479,80,0,0
90,75,180.587,2026-09-26T17:21:00.066,79,1,0
90,76,302.984,2026-09-26T17:26:03.05,78,0,0
90,77,165.063,2026-09-26T17:28:48.113,78,0,0
90,78,254.796,2026-09-26T17:33:02.909,78,1,0
90,79,1931.123,2026-09-26T18:05:14.032,78,0,1
90,80,53624.713,2026-09-27T08:58:58.745,78,0,0
90,81,183.022,2026-09-27T09:02:01.767,78,0,0
90,82,175.205,2026-09-27T09:04:56.972,78,0,0
90,83,173.866,2026-09-27T09:07:50.838,78,0,0
90,84,168.856,2026-09-27T09:10:39.694,78,0,0
90,85,175.015,2026-09-27T09:13:34.709,78,0,0
90,86,169.852,2026-09-27T09:16:24.561,78,0,0
90,87,198.867,2026-09-27T09:19:43.428,78,0,0
90,88,217.365,2026-09-27T09:23:20.793,78,1,0
90,89,334.068,2026-09-27T09:28:54.861,78,0,0
90,90,171.19,2026-09-27T09:31:46.051,78,0,0
90,91,171.52,2026-09-27T09:34:37.571,78,0,0
90,92,202.723,2026-09-27T09:38:00.294,78,1,0
90,93,329.61,2026-09-27T09:43:29.904,78,0,0
90,94,183.599,2026-09-27T09:46:33.503,78,0,0
90,95,183.836,2026-09-27T09:49:37.339,78,0,0
90,96,178.025,2026-09-27T09:52:35.364,78,0,0
90,97,179.88,2026-09-27T09:55:35.244,78,0,0
90,98,496.429,2026-09-27T10:03:51.673,79,1,0
90,99,276.386,2026-09-27T10:08:28.059,79,0,0
90,100,160.017,2026-09-27T10:11:08.076,79,0,0
90,101,344.443,2026-09-27T10:16:52.519,79,1,0
90,102,2328.292,2026-09-27T10:55:40.811,80,0,0
90,103,161.346,2026-09-27T10:58:22.157,80,0,0
90,104,161.032,2026-09-27T11:01:03.189,80,0,0
90,105,173.04,2026-09-27T11:03:56.229,80,0,0
90,106,186.0,2026-09-27T11:07:02.229,80,0,0
90,107,1252.662,2026-09-27T11:27:54.891,80,1,0
90,108,195.724,2026-09-27T11:31:10.615,80,0,0
90,109,173.053,2026-09-27T11:34:03.668,80,0,0
90,110,218.027,2026-09-27T11:37:41.695,80,0,0
90,111,173.195,2026-09-27T11:40:34.89,80,0,0
90,112,232.732,2026-09-27T11:44:27.622,79,1,0
90,113,1520.885,2026-09-27T12:09:48.507,80,0,0
90,114,161.2,2026-09-27T12:12:29.707,80,0,0
90,115,158.014,2026-09-27T12:15:07.721,80,0,0
90,116,163.566,2026-09-27T12:17:51.287,80,0,0
90,117,169.128,2026-09-27T12:20:40.415,80,0,0
90,118,171.693,2026-09-27T12:23:32.108,80,0,0
90,119,166.625,2026-09-27T12:26:18.733,80,0,0
90,120,212.21,2026-09-27T12:29:50.943,80,0,0
90,121,198.871,2026-09-27T12:33:09.814,80,1,0
90,122,5535.627,2026-09-27T14:05:25.441,81,1,0
90,123,228.8,2026-09-27T14:09:14.241,80,0,0
90,124,180.534,2026-09-27T14:12:14.775,80,0,0
90,125,184.198,2026-09-27T14:15:18.973,79,0,0
90,126,179.914,2026-09-27T14:18:18.887,78,0,0
90,127,178.236,2026-09-27T14:21:17.123,78,0,0
90,128,176.975,2026-09-27T14:24:14.098,78,0,0
90,129,179.056,2026-09-27T14:27:13.154,78,0,0
90,130,176.79,2026-09-27T14:30:09.944,77,0,0
90,131,178.052,2026-09-27T14:33:07.996,76,0,0
90,132,180.591,2026-09-27T14:36:08.587,76,0,0
90,133,182.01,2026-09-27T14:39:10.597,76,0,0
90,134,175.197,2026-09-27T14:42:05.794,76,0,0
90,135,493.451,2026-09-27T14:50:19.245,76,1,0
90,136,202.841,2026-09-27T14:53:42.086,76,0,0
90,137,359.106,2026-09-27T14:59:41.192,76,1,0
90,138,208.776,2026-09-27T15:03:09.968,76,0,0
90,139,163.429,2026-09-27T15:05:53.397,76,0,0
90,140,163.733,2026-09-27T15:08:37.13,75,0,0
90,141,164.175,2026-09-27T15:11:21.305,75,0,0
90,142,158.432,2026-09-27T15:13:59.737,75,0,0
90,143,153.027,2026-09-27T15:16:32.764,75,0,0
90,144,251.604,2026-09-27T15:20:44.368,75,1,0
316,1,171.743,2026-09-26T10:06:58.098,54,0,0
316,2,162.741,2026-09-26T10:09:40.839,56,0,0
316,3,190.611,2026-09-26T10:12:51.45,52,0,0
316,4,169.169,2026-09-26T10:15:40.619,50,0,0
316,5,197.466,2026-09-26T10:18:58.085,45,0,0
316,6,180.839,2026-09-26T10:21:58.924,46,0,0
316,7,168.376,2026-09-26T10:24:47.3,46,0,0
316,8,158.733,2026-09-26T10:27:26.033,43,0,0
316,9,167.227,2026-09-26T10:30:13.26,43,0,0
316,10,161.485,2026-09-26T10:32:54.745,42,0,0
316,11,156.817,2026-09-26T10:35:31.562,41,0,0
316,12,163.115,2026-09-26T10:38:14.677,40,0,0
316,13,169.978,2026-09-26T10:41:04.655,39,0,0
316,14,165.924,2026-09-26T10:43:50.579,36,0,0
316,15,169.263,2026-09-26T10:46:39.842,35,0,0
316,16,159.238,2026-09-26T10:49:19.08,35,0,0
316,17,178.606,2026-09-26T10:52:17.686,34,0,0
316,18,161.427,2026-09-26T10:54:59.113,33,0,0
316,19,165.401,2026-09-26T10:57:44.514,33,0,0
316,20,180.568,2026-09-26T11:00:45.082,31,0,0
316,21,154.868,2026-09-26T11:03:19.95,30,0,0
316,22,156.179,2026-09-26T11:05:56.129,30,0,0
316,23,159.245,2026-09-26T11:08:35.374,29,0,0
316,24,161.015,2026-09-26T11:11:16.389,29,0,0
316,25,157.562,2026-09-26T11:13:53.951,28,0,0
316,26,159.738,2026-09-26T11:16:33.689,29,0,0
316,27,158.472,2026-09-26T11:19:12.161,27,0,0
316,28,162.153,2026-09-26T11:21:54.314,27,0,0
316,29,161.047,2026-09-26T11:24:35.361,27,0,0
316,30,159.473,2026-09-26T11:27:14.834,27,0,0
316,31,160.099,2026-09-26T11:29:54.933,27,0,0
316,32,162.435,2026-09-26T11:32:37.368,27,0,0
316,33,165.411,2026-09-26T11:35:22.779,27,0,0
316,34,212.741,2026-09-26T11:38:55.52,29,1,0
316,35,902.964,2026-09-26T11:53:58.484,47,0,0
316,36,189.316,2026-09-26T11:57:07.8,47,0,0
316,37,183.979,2026-09-26T12:00:11.779,46,0,0
316,38,178.005,2026-09-26T12:03:09.784,43,0,0
316,39,180.674,2026-09-26T12:06:10.458,42,0,0
316,40,179.171,2026-09-26T12:09:09.629,40,0,0
316,41,172.163,2026-09-26T12:12:01.792,38,0,0
316,42,177.232,2026-09-26T12:14:59.024,37,0,0
316,43,173.475,2026-09-26T12:17:52.499,37,0,0
316,44,191.062,2026-09-26T12:21:03.561,36,0,0
316,45,176.812,2026-09-26T12:24:00.373,36,0,0
316,46,172.53,2026-09-26T12:26:52.903,37,0,0
316,47,175.628,2026-09-26T12:29:48.531,37,0,0
316,48,170.185,2026-09-26T12:32:38.716,38,0,0
316,49,177.778,2026-09-26T12:35:36.494,38,0,0
316,50,179.731,2026-09-26T12:38:36.225,38,0,0
316,51,172.876,2026-09-26T12:41:29.101,37,0,0
316,52,162.144,2026-09-26T12:44:11.245,37,0,0
316,53,161.416,2026-09-26T12:46:52.661,37,0,0
316,54,161.534,2026-09-26T12:49:34.195,36,0,0
316,55,170.491,2026-09-26T12:52:24.686,36,0,0
316,56,169.31,2026-09-26T12:55:13.996,36,0,0
316,57,164.845,2026-09-26T12:57:58.841,36,0,0
316,58,160.676,2026-09-26T13:00:39.517,34,0,0
316,59,161.451,2026-09-26T13:03:20.968,33,0,0
316,60,163.765,2026-09-26T13:06:04.733,33,0,0
316,61,165.346,2026-09-26T13:08:50.079,33,0,0
316,62,170.5,2026-09-26T13:11:40.579,33,0,0
316,63,170.068,2026-09-26T13:14:30.647,32,0,0
316,64,165.954,2026-09-26T13:17:16.601,32,0,0
316,65,159.263,2026-09-26T13:19:55.864,32,0,0
316,66,159.421,2026-09-26T13:22:35.285,32,0,0
316,67,174.833,2026-09-26T13:25:30.118,32,1,0
316,68,318.466,2026-09-26T13:30:48.584,34,0,0
316,69,171.394,2026-09-26T13:33:39.978,33,0,0
316,70,170.751,2026-09-26T13:36:30.729,33,0,0
316,71,158.694,2026-09-26T13:39:09.423,31,0,0
316,72,158.487,2026-09-26T13:41:47.91,31,0,0
316,73,158.002,2026-09-26T13:44:25.912,30,0,0
316,74,157.473,2026-09-26T13:47:03.385,28,0,0
316,75,172.024,2026-09-26T13:49:55.409,28,0,0
316,76,163.423,2026-09-26T13:52:38.832,27,0,0
316,77,176.1,2026-09-26T13:55:34.932,27,1,0
316,78,909.967,2026-09-26T14:10:44.899,34,0,0
316,79,240.069,2026-09-26T14:14:44.968,35,0,0
316,80,233.495,2026-09-26T14:18:38.463,34,0,0
316,81,231.732,2026-09-26T14:22:30.195,35,0,0
316,82,231.464,2026-09-26T14:26:21.659,35,0,0
316,83,223.093,2026-09-26T14:30:04.752,35,0,0
316,84,233.294,2026-09-26T14:33:58.046,35,0,0
316,85,227.177,2026-09-26T14:37:45.223,36,0,0
316,86,225.949,2026-09-26T14:41:31.172,35,0,0
316,87,225.501,2026-09-26T14:45:16.673,35,0,0
316,88,226.338,2026-09-26T14:49:03.011,36,0,0
316,89,225.736,2026-09-26T14:52:48.747,36,0,0
316,90,221.577,2026-09-26T14:56:30.324,36,0,0
316,91,225.819,2026-09-26T15:00:16.143,36,0,0
316,92,218.34,2026-09-26T15:03:54.483,37,0,0
316,93,210.385,2026-09-26T15:07:24.868,36,0,0
316,94,207.727,2026-09-26T15:10:52.595,36,0,0
316,95,215.139,2026-09-26T15:14:27.734,37,0,0
316,96,212.332,2026-09-26T15:18:00.066,37,0,0
316,97,213.714,2026-09-26T15:21:33.78,37,0,0
316,98,214.878,2026-09-26T15:25:08.658,37,0,0
316,99,213.41,2026-09-26T15:28:42.068,39,0,0
316,100,210.153,2026-09-26T15:32:12.221,39,0,0
316,101,216.861,2026-09-26T15:35:49.082,39,0,0
316,102,207.191,2026-09-26T15:39:16.273,38,0,0
316,103,209.603,2026-09-26T15:42:45.876,38,0,0
316,104,212.584,2026-09-26T15:46:18.46,37,0,0
316,105,212.579,2026-09-26T15:49:51.039,39,0,0
316,106,222.678,2026-09-26T15:53:33.717,39,0,0
316,107,222.004,2026-09-26T15:57:15.721,39,0,1
316,108,273.184,2026-09-26T16:01:48.905,38,0,1
316,109,225.677,2026-09-26T16:05:34.582,38,0,1
316,110,241.65,2026-09-26T16:09:36.232,38,0,1
316,111,235.228,2026-09-26T16:13:31.46,38,0,1
316,112,253.394,2026-09-26T16:17:44.854,38,0,0
316,113,210.403,2026-09-26T16:21:15.257,36,0,0
316,114,236.768,2026-09-26T16:25:12.025,37,1,0
316,115,499.727,2026-09-26T16:33:31.752,38,0,0
316,116,167.804,2026-09-26T16:36:19.556,37,0,0
316,117,162.849,2026-09-26T16:39:02.405,37,0,0
316,118,163.158,2026-09-26T16:41:45.563,37,0,0
316,119,175.368,2026-09-26T16:44:40.931,37,0,0
316,120,168.207,2026-09-26T16:47:29.138,36,0,0
316,121,159.24,2026-09-26T16:50:08.378,35,0,0
316,122,161.611,2026-09-26T16:52:49.989,35,0,0
316,123,166.845,2026-09-26T16:55:36.834,35,0,0
316,124,162.969,2026-09-26T16:58:19.803,34,0,0
316,125,160.426,2026-09-26T17:01:00.229,34,0,0
316,126,158.16,2026-09-26T17:03:38.389,34,0,0
316,127,162.903,2026-09-26T17:06:21.292,34,0,0
316,128,170.531,2026-09-26T17:09:11.823,34,0,0
316,129,169.363,2026-09-26T17:12:01.186,34,0,0
316,130,168.848,2026-09-26T17:14:50.034,33,0,0
316,131,177.7,2026-09-26T17:17:47.734,33,0,0
316,132,161.338,2026-09-26T17:20:29.072,33,0,0
316,133,158.785,2026-09-26T17:23:07.857,33,0,0
316,134,167.091,2026-09-26T17:25:54.948,33,0,0
316,135,164.482,2026-09-26T17:28:39.43,33,0,0
316,136,166.416,2026-09-26T17:31:25.846,33,0,0
316,137,178.217,2026-09-26T17:34:24.063,33,0,0
316,138,1013.446,2026-09-26T17:51:17.509,35,0,1
316,139,202.57,2026-09-26T17:54:40.079,35,0,1
182,1,188.107,2026-09-26T10:07:12.356,62,0,0
182,2,186.038,2026-09-26T10:10:18.394,65,0,0
182,3,192.719,2026-09-26T10:13:31.113,69,0,0
182,4,184.954,2026-09-26T10:16:36.067,67,0,0
182,5,192.096,2026-09-26T10:19:48.163,66,0,0
182,6,205.43,2026-09-26T10:23:13.593,69,0,0
182,7,178.819,2026-09-26T10:26:12.412,69,0,0
182,8,174.08,2026-09-26T10:29:06.492,65,0,0
182,9,12076.611,2026-09-26T13:50:23.103,99,0,0
182,10,185.802,2026-09-26T13:53:28.905,98,0,0
182,11,189.539,2026-09-26T13:56:38.444,96,0,0
182,12,187.959,2026-09-26T13:59:46.403,96,0,0
182,13,179.336,2026-09-26T14:02:45.739,96,0,0
182,14,175.308,2026-09-26T14:05:41.047,96,0,0
182,15,172.735,2026-09-26T14:08:33.782,96,0,0
182,16,176.891,2026-09-26T14:11:30.673,96,0,0
182,17,172.382,2026-09-26T14:14:23.055,94,0,0
182,18,172.788,2026-09-26T14:17:15.843,94,0,0
182,19,572.649,2026-09-26T14:26:48.492,94,1,0
182,20,1991.023,2026-09-26T14:59:59.515,94,0,0
182,21,165.464,2026-09-26T15:02:44.979,94,0,0
182,22,164.548,2026-09-26T15:05:29.527,94,0,0
182,23,165.533,2026-09-26T15:08:15.06,94,0,0
182,24,161.604,2026-09-26T15:10:56.664,94,0,0
182,25,195.961,2026-09-26T15:14:12.625,94,0,0
182,26,155.818,2026-09-26T15:16:48.443,93,0,0
182,27,175.448,2026-09-26T15:19:43.891,93,0,0
182,28,160.536,2026-09-26T15:22:24.427,93,0,0
182,29,165.606,2026-09-26T15:25:10.033,93,0,0
182,30,177.452,2026-09-26T15:28:07.485,93,0,0
182,31,193.094,2026-09-26T15:31:20.579,93,0,0
182,32,216.719,2026-09-26T15:34:57.298,93,0,0
182,33,167.209,2026-09-26T15:37:44.507,93,0,0
182,34,227.86,2026-09-26T15:41:32.367,93,1,0
182,35,2963.886,2026-09-26T16:30:56.253,93,0,0
182,36,159.683,2026-09-26T16:33:35.936,93,0,0
182,37,159.65,2026-09-26T16:36:15.586,93,0,0
182,38,152.586,2026-09-26T16:38:48.172,93,0,0
182,39,152.291,2026-09-26T16:41:20.463,93,0,0
182,40,156.156,2026-09-26T16:43:56.619,92,0,0
182,41,160.248,2026-09-26T16:46:36.867,92,0,0
182,42,158.153,2026-09-26T16:49:15.02,91,0,0
182,43,148.501,2026-09-26T16:51:43.521,91,0,0
182,44,161.628,2026-09-26T16:54:25.149,91,0,0
182,45,152.033,2026-09-26T16:56:57.182,90,0,0
182,46,160.427,2026-09-26T16:59:37.609,90,0,0
182,47,158.423,2026-09-26T17:02:16.032,90,0,0
182,48,148.981,2026-09-26T17:04:45.013,90,0,0
182,49,158.609,2026-09-26T17:07:23.622,90,0,0
182,50,57045.047,2026-09-27T08:58:08.669,91,0,0
182,51,198.513,2026-09-27T09:01:27.182,91,0,0
182,52,170.419,2026-09-27T09:04:17.601,90,0,0
182,53,193.353,2026-09-27T09:07:30.954,89,1,0
182,54,648.469,2026-09-27T09:18:19.423,89,0,0
182,55,181.703,2026-09-27T09:21:21.126,89,0,0
182,56,186.588,2026-09-27T09:24:27.714,89,0,0
182,57,169.061,2026-09-27T09:27:16.775,88,0,0
182,58,174.49,2026-09-27T09:30:11.265,88,0,0
182,59,180.653,2026-09-27T09:33:11.918,88,0,0
182,60,167.517,2026-09-27T09:35:59.435,88,0,0
182,61,168.436,2026-09-27T09:38:47.871,88,0,0
182,62,173.397,2026-09-27T09:41:41.268,88,0,0
182,63,183.045,2026-09-27T09:44:44.313,88,0,0
182,64,180.87,2026-09-27T09:47:45.183,88,0,0
182,65,180.6,2026-09-27T09:50:45.783,88,0,0
182,66,171.909,2026-09-27T09:53:37.692,88,0,0
182,67,173.277,2026-09-27T09:56:30.969,88,0,0
182,68,171.386,2026-09-27T09:59:22.355,88,0,0
182,69,168.777,2026-09-27T10:02:11.132,88,0,0
182,70,171.749,2026-09-27T10:05:02.881,88,0,0
182,71,196.312,2026-09-27T10:08:19.193,88,1,0
182,72,1981.064,2026-09-27T10:41:20.257,89,0,1
182,73,202.33,2026-09-27T10:44:42.587,89,0,0
182,74,165.278,2026-09-27T10:47:27.865,88,0,0
182,75,164.119,2026-09-27T10:50:11.984,87,0,0
182,76,161.716,2026-09-27T10:52:53.7,85,0,0
182,77,159.025,2026-09-27T10:55:32.725,85,0,0
182,78,627.281,2026-09-27T11:06:00.006,85,1,0
182,79,219.513,2026-09-27T11:09:39.519,84,0,0
182,80,167.173,2026-09-27T11:12:26.692,84,0,0
182,81,173.973,2026-09-27T11:15:20.665,84,0,0
182,82,168.097,2026-09-27T11:18:08.762,84,0,0
182,83,162.804,2026-09-27T11:20:51.566,84,0,0
182,84,165.078,2026-09-27T11:23:36.644,84,0,0
182,85,170.977,2026-09-27T11:26:27.621,84,0,0
182,86,172.882,2026-09-27T11:29:20.503,84,0,0
182,87,168.716,2026-09-27T11:32:09.219,84,0,0
182,88,168.143,2026-09-27T11:34:57.362,84,0,0
182,89,164.674,2026-09-27T11:37:42.036,84,0,0
182,90,159.795,2026-09-27T11:40:21.831,84,0,0
182,91,163.365,2026-09-27T11:43:05.196,84,0,0
182,92,165.215,2026-09-27T11:45:50.411,84,0,0
182,93,160.335,2026-09-27T11:48:30.746,84,0,0
182,94,165.472,2026-09-27T11:51:16.218,84,0,0
182,95,166.473,2026-09-27T11:54:02.691,83,0,0
182,96,159.189,2026-09-27T11:56:41.88,83,0,0
182,97,166.276,2026-09-27T11:59:28.156,83,0,0
182,98,162.811,2026-09-27T12:02:10.967,83,0,0
182,99,158.83,2026-09-27T12:04:49.797,83,0,0
182,100,176.127,2026-09-27T12:07:45.924,82,0,0
182,101,167.026,2026-09-27T12:10:32.95,82,0,0
182,102,159.902,2026-09-27T12:13:12.852,82,0,0
182,103,175.421,2026-09-27T12:16:08.273,82,1,0
182,104,1126.928,2026-09-27T12:34:55.201,82,0,0
182,105,162.506,2026-09-27T12:37:37.707,82,0,0
182,106,175.04,2026-09-27T12:40:32.747,82,0,0
182,107,170.818,2026-09-27T12:43:23.565,82,0,0
182,108,160.484,2026-09-27T12:46:04.049,82,0,0
182,109,157.264,2026-09-27T12:48:41.313,82,0,0
182,110,163.188,2026-09-27T12:51:24.501,82,0,0
182,111,160.77,2026-09-27T12:54:05.271,82,0,0
182,112,161.361,2026-09-27T12:56:46.632,81,0,0
182,113,167.18,2026-09-27T12:59:33.812,81,0,0
182,114,165.258,2026-09-27T13:02:19.07,81,0,0
182,115,196.252,2026-09-27T13:05:35.322,81,1,0
182,116,1470.94,2026-09-27T13:30:06.262,81,0,0
182,117,154.869,2026-09-27T13:32:41.131,81,0,0
182,118,153.981,2026-09-27T13:35:15.112,81,0,0
182,119,156.628,2026-09-27T13:37:51.74,81,0,0
182,120,147.688,2026-09-27T13:40:19.428,81,0,0
182,121,149.271,2026-09-27T13:42:48.699,81,0,0
182,122,149.824,2026-09-27T13:45:18.523,80,0,0
182,123,155.688,2026-09-27T13:47:54.211,79,0,0
182,124,151.208,2026-09-27T13:50:25.419,79,0,0
182,125,147.63,2026-09-27T13:52:53.049,78,0,0
182,126,152.084,2026-09-27T13:55:25.133,77,0,0
182,127,147.011,2026-09-27T13:57:52.144,77,0,0
182,128,150.015,2026-09-27T14:00:22.159,77,0,0
182,129,156.661,2026-09-27T14:02:58.82,77,0,0
182,130,172.64,2026-09-27T14:05:51.46,76,1,0
670,1,184.176,2026-09-26T10:05:46.609,39,0,0
670,2,207.577,2026-09-26T10:09:14.186,39,0,0
670,3,199.832,2026-09-26T10:12:34.018,43,0,0
670,4,180.789,2026-09-26T10:15:34.807,44,0,0
670,5,202.465,2026-09-26T10:18:57.272,44,0,0
670,6,182.836,2026-09-26T10:22:00.108,47,0,0
670,7,168.371,2026-09-26T10:24:48.479,47,0,0
670,8,168.972,2026-09-26T10:27:37.451,47,0,0
670,9,169.655,2026-09-26T10:30:27.106,47,0,0
670,10,160.983,2026-09-26T10:33:08.089,46,0,0
670,11,161.511,2026-09-26T10:35:49.6,44,0,0
670,12,168.867,2026-09-26T10:38:38.467,41,0,0
670,13,162.539,2026-09-26T10:41:21.006,41,0,0
670,14,171.227,2026-09-26T10:44:12.233,39,0,0
670,15,171.529,2026-09-26T10:47:03.762,38,0,0
670,16,159.942,2026-09-26T10:49:43.704,39,0,0
670,17,163.149,2026-09-26T10:52:26.853,39,0,0
670,18,168.106,2026-09-26T10:55:14.959,37,0,0
670,19,162.275,2026-09-26T10:57:57.234,34,0,0
670,20,174.914,2026-09-26T11:00:52.148,33,0,0
670,21,169.154,2026-09-26T11:03:41.302,31,0,0
670,22,160.687,2026-09-26T11:06:21.989,32,0,0
670,23,158.429,2026-09-26T11:09:00.418,31,0,0
670,24,161.959,2026-09-26T11:11:42.377,31,0,0
670,25,173.075,2026-09-26T11:14:35.452,30,0,0
670,26,162.856,2026-09-26T11:17:18.308,31,0,0
670,27,164.358,2026-09-26T11:20:02.666,29,0,0
670,28,168.64,2026-09-26T11:22:51.306,30,0,0
670,29,162.334,2026-09-26T11:25:33.64,30,0,0
670,30,166.761,2026-09-26T11:28:20.401,31,0,0
670,31,162.596,2026-09-26T11:31:02.997,31,0,0
670,32,167.038,2026-09-26T11:33:50.035,31,0,0
670,33,161.584,2026-09-26T11:36:31.619,31,0,0
670,34,180.848,2026-09-26T11:39:32.467,30,0,0
670,35,164.399,2026-09-26T11:42:16.866,28,0,0
670,36,161.682,2026-09-26T11:44:58.548,27,0,0
670,37,174.361,2026-09-26T11:47:52.909,27,0,0
670,38,162.496,2026-09-26T11:50:35.405,26,0,0
670,39,158.512,2026-09-26T11:53:13.917,25,0,0
670,40,159.857,2026-09-26T11:55:53.774,24,0,0
670,41,159.736,2026-09-26T11:58:33.51,23,0,0
670,42,652.078,2026-09-26T12:09:25.588,31,1,0
670,43,234.014,2026-09-26T12:13:19.602,32,0,0
670,44,158.926,2026-09-26T12:15:58.528,30,0,0
670,45,163.684,2026-09-26T12:18:42.212,30,0,0
670,46,168.983,2026-09-26T12:21:31.195,30,0,0
670,47,174.074,2026-09-26T12:24:25.269,30,0,0
670,48,160.543,2026-09-26T12:27:05.812,29,0,0
670,49,161.564,2026-09-26T12:29:47.376,29,0,0
670,50,162.685,2026-09-26T12:32:30.061,29,0,0
670,51,162.073,2026-09-26T12:35:12.134,29,0,0
670,52,158.639,2026-09-26T12:37:50.773,29,0,0
670,53,158.556,2026-09-26T12:40:29.329,29,0,0
670,54,157.654,2026-09-26T12:43:06.983,29,0,0
670,55,162.574,2026-09-26T12:45:49.557,29,0,0
670,56,159.444,2026-09-26T12:48:29.001,29,0,0
670,57,162.7,2026-09-26T12:51:11.701,28,0,0
670,58,159.37,2026-09-26T12:53:51.071,27,0,0
670,59,161.846,2026-09-26T12:56:32.917,28,0,0
670,60,173.991,2026-09-26T12:59:26.908,28,0,0
670,61,170.26,2026-09-26T13:02:17.168,27,0,0
670,62,163.523,2026-09-26T13:05:00.691,27,0,0
670,63,164.636,2026-09-26T13:07:45.327,27,0,0
670,64,162.186,2026-09-26T13:10:27.513,25,0,0
670,65,161.242,2026-09-26T13:13:08.755,25,0,0
670,66,163.444,2026-09-26T13:15:52.199,25,0,0
670,67,159.522,2026-09-26T13:18:31.721,26,0,0
670,68,156.541,2026-09-26T13:21:08.262,26,0,0
670,69,154.323,2026-09-26T13:23:42.585,25,0,0
670,70,154.24,2026-09-26T13:26:16.825,24,0,0
670,71,157.022,2026-09-26T13:28:53.847,23,0,0
670,72,158.865,2026-09-26T13:31:32.712,24,0,0
670,73,158.761,2026-09-26T13:34:11.473,21,0,0
670,74,158.418,2026-09-26T13:36:49.891,21,0,0
670,75,164.327,2026-09-26T13:39:34.218,22,0,0
670,76,158.354,2026-09-26T13:42:12.572,22,0,0
670,77,156.622,2026-09-26T13:44:49.194,22,0,0
670,78,157.166,2026-09-26T13:47:26.36,22,0,0
670,79,155.25,2026-09-26T13:50:01.61,22,0,0
670,80,157.101,2026-09-26T13:52:38.711,21,0,0
670,81,158.03,2026-09-26T13:55:16.741,21,0,0
670,82,154.536,2026-09-26T13:57:51.277,20,0,0
670,83,155.503,2026-09-26T14:00:26.78,19,0,0
670,84,581.597,2026-09-26T14:10:08.377,21,1,0
670,85,212.771,2026-09-26T14:13:41.148,21,0,0
670,86,164.629,2026-09-26T14:16:25.777,21,0,0
670,87,165.284,2026-09-26T14:19:11.061,21,0,0
670,88,162.98,2026-09-26T14:21:54.041,21,0,0
670,89,164.256,2026-09-26T14:24:38.297,21,0,0
670,90,160.941,2026-09-26T14:27:19.238,21,0,0
670,91,170.716,2026-09-26T14:30:09.954,21,0,0
670,92,164.771,2026-09-26T14:32:54.725,21,0,0
670,93,163.803,2026-09-26T14:35:38.528,21,0,0
670,94,159.87,2026-09-26T14:38:18.398,21,0,0
670,95,162.139,2026-09-26T14:41:00.537,21,0,0
670,96,163.358,2026-09-26T14:43:43.895,21,0,0
670,97,168.105,2026-09-26T14:46:32,21,0,0
670,98,163.39,2026-09-26T14:49:15.39,21,0,0
670,99,186.972,2026-09-26T14:52:22.362,21,0,0
670,100,172.803,2026-09-26T14:55:15.165,21,0,0
670,101,175.745,2026-09-26T14:58:10.91,21,0,0
670,102,201.199,2026-09-26T15:01:32.109,21,1,0
670,103,1273.19,2026-09-26T15:22:45.299,28,0,0
670,104,226.706,2026-09-26T15:26:32.005,29,0,0
670,105,254.63,2026-09-26T15:30:46.635,30,0,0
670,106,248.136,2026-09-26T15:34:54.771,30,0,0
670,107,207.458,2026-09-26T15:38:22.229,31,0,0
670,108,204.161,2026-09-26T15:41:46.39,31,0,0
670,109,205.549,2026-09-26T15:45:11.939,31,0,0
670,110,194.417,2026-09-26T15:48:26.356,31,0,0
670,111,197.556,2026-09-26T15:51:43.912,31,0,0
670,112,186.806,2026-09-26T15:54:50.718,30,0,0
670,113,181.344,2026-09-26T15:57:52.062,29,0,1
670,114,257.021,2026-09-26T16:02:09.083,29,0,1
670,115,232.068,2026-09-26T16:06:01.151,28,0,1
670,116,240.9,2026-09-26T16:10:02.051,27,0,1
670,117,244.439,2026-09-26T16:14:06.49,27,0,1
670,118,237.934,2026-09-26T16:18:04.424,27,0,0
670,119,188.436,2026-09-26T16:21:12.86,26,0,0
670,120,188.58,2026-09-26T16:24:21.44,26,0,0
670,121,176.734,2026-09-26T16:27:18.174,28,0,0
670,122,181.993,2026-09-26T16:30:20.167,28,0,0
670,123,710.088,2026-09-26T16:42:10.255,28,1,0
670,124,215.46,2026-09-26T16:45:45.715,28,0,0
670,125,177.018,2026-09-26T16:48:42.733,28,0,0
670,126,169.07,2026-09-26T16:51:31.803,28,0,0
670,127,172.905,2026-09-26T16:54:24.708,28,0,0
670,128,254.278,2026-09-26T16:58:38.986,28,1,0
670,129,215.095,2026-09-26T17:02:14.081,29,0,0
111,1,178.243,2026-09-26T10:06:59.478,56,0,0
111,2,164.676,2026-09-26T10:09:44.154,58,0,0
111,3,202.415,2026-09-26T10:13:06.569,54,0,0
111,4,169.088,2026-09-26T10:15:55.657,55,0,0
111,5,194.29,2026-09-26T10:19:09.947,55,0,0
111,6,182.681,2026-09-26T10:22:12.628,56,0,0
111,7,160.128,2026-09-26T10:24:52.756,51,0,0
111,8,163.037,2026-09-26T10:27:35.793,46,0,0
111,9,167.763,2026-09-26T10:30:23.556,46,0,0
111,10,160.73,2026-09-26T10:33:04.286,45,0,0
111,11,158.699,2026-09-26T10:35:42.985,42,0,0
111,12,205.912,2026-09-26T10:39:08.897,49,1,0
111,13,342.384,2026-09-26T10:44:51.281,61,0,0
111,14,180.565,2026-09-26T10:47:51.846,59,1,0
111,15,1461.93,2026-09-26T11:12:13.776,82,0,0
111,16,162.517,2026-09-26T11:14:56.293,82,0,0
111,17,171.121,2026-09-26T11:17:47.414,81,0,0
111,18,159.348,2026-09-26T11:20:26.762,81,0,0
111,19,172.784,2026-09-26T11:23:19.546,81,0,0
111,20,152.428,2026-09-26T11:25:51.974,80,0,0
111,21,187.889,2026-09-26T11:28:59.863,80,1,0
111,22,576.216,2026-09-26T11:38:36.079,80,0,0
111,23,166.272,2026-09-26T11:41:22.351,80,0,0
111,24,189.359,2026-09-26T11:44:31.71,78,0,0
111,25,164.425,2026-09-26T11:47:16.135,78,0,0
111,26,153.377,2026-09-26T11:49:49.512,78,0,0
111,27,150.582,2026-09-26T11:52:20.094,77,0,0
111,28,150.871,2026-09-26T11:54:50.965,75,0,0
111,29,154.846,2026-09-26T11:57:25.811,75,0,0
111,30,155.806,2026-09-26T12:00:01.617,73,0,0
111,31,148.399,2026-09-26T12:02:30.016,73,0,0
111,32,156.965,2026-09-26T12:05:06.981,72,0,0
111,33,156.9,2026-09-26T12:07:43.881,70,0,0
111,34,153.236,2026-09-26T12:10:17.117,68,0,0
111,35,708.998,2026-09-26T12:22:06.115,71,1,0
111,36,1687.123,2026-09-26T12:50:13.238,79,0,0
111,37,180.927,2026-09-26T12:53:14.165,79,0,0
111,38,176.46,2026-09-26T12:56:10.625,78,0,0
111,39,181.534,2026-09-26T12:59:12.159,78,0,0
111,40,174.87,2026-09-26T13:02:07.029,75,0,0
111,41,172.884,2026-09-26T13:04:59.913,74,0,0
111,42,176.056,2026-09-26T13:07:55.969,74,0,0
111,43,171.124,2026-09-26T13:10:47.093,73,0,0
111,44,173.68,2026-09-26T13:13:40.773,72,0,0
111,45,165.887,2026-09-26T13:16:26.66,71,0,0
111,46,167.862,2026-09-26T13:19:14.522,71,0,0
111,47,163.55,2026-09-26T13:21:58.072,70,0,0
111,48,159.926,2026-09-26T13:24:37.998,69,0,0
111,49,163.106,2026-09-26T13:27:21.104,69,0,0
111,50,161.979,2026-09-26T13:30:03.083,66,0,0
111,51,161.995,2026-09-26T13:32:45.078,66,0,0
111,52,159.547,2026-09-26T13:35:24.625,66,0,0
111,53,161.427,2026-09-26T13:38:06.052,66,0,0
111,54,161.291,2026-09-26T13:40:47.343,65,0,0
111,55,169.582,2026-09-26T13:43:36.925,64,0,0
111,56,171.742,2026-09-26T13:46:28.667,64,0,0
111,57,167.914,2026-09-26T13:49:16.581,63,0,0
111,58,188.72,2026-09-26T13:52:25.301,63,1,0
111,59,1314.94,2026-09-26T14:14:20.241,68,0,0
111,60,170.467,2026-09-26T14:17:10.708,66,0,0
111,61,169.154,2026-09-26T14:19:59.862,66,0,0
111,62,161.264,2026-09-26T14:22:41.126,65,0,0
111,63,159.606,2026-09-26T14:25:20.732,65,0,0
111,64,166.649,2026-09-26T14:28:07.381,65,0,0
111,65,156.965,2026-09-26T14:30:44.346,65,0,0
111,66,163.545,2026-09-26T14:33:27.891,65,0,0
111,67,154.298,2026-09-26T14:36:02.189,65,0,0
111,68,158.419,2026-09-26T14:38:40.608,65,0,0
111,69,160.429,2026-09-26T14:41:21.037,65,0,0
111,70,3001.437,2026-09-26T15:31:22.474,73,0,0
111,71,217.0,2026-09-26T15:34:59.474,72,0,0
111,72,736.453,2026-09-26T15:47:15.927,74,1,0
111,73,1169.507,2026-09-26T16:06:45.434,75,0,1
111,74,215.471,2026-09-26T16:10:20.905,75,0,1
111,75,240.79,2026-09-26T16:14:21.695,74,0,1
111,76,224.293,2026-09-26T16:18:05.988,74,0,0
111,77,177.561,2026-09-26T16:21:03.549,74,0,0
111,78,169.815,2026-09-26T16:23:53.364,73,0,0
111,79,59914.388,2026-09-27T09:02:27.752,79,0,0
111,80,150.415,2026-09-27T09:04:58.167,79,0,0
111,81,161.058,2026-09-27T09:07:39.225,79,0,0
111,82,162.773,2026-09-27T09:10:21.998,79,0,0
111,83,155.152,2026-09-27T09:12:57.15,79,0,0
111,84,155.445,2026-09-27T09:15:32.595,79,0,0
111,85,160.382,2026-09-27T09:18:12.977,79,0,0
111,86,340.764,2026-09-27T09:23:53.741,79,1,0
111,87,379.82,2026-09-27T09:30:13.561,79,0,0
111,88,160.826,2026-09-27T09:32:54.387,79,0,0
111,89,149.91,2026-09-27T09:35:24.297,79,0,0
111,90,159.171,2026-09-27T09:38:03.468,79,0,0
111,91,159.923,2026-09-27T09:40:43.391,79,0,0
111,92,281.362,2026-09-27T09:45:24.753,79,1,0
111,93,1083.784,2026-09-27T10:03:28.537,81,0,0
111,94,152.424,2026-09-27T10:06:00.961,81,0,0
111,95,152.811,2026-09-27T10:08:33.772,81,0,0
111,96,148.623,2026-09-27T10:11:02.395,81,0,0
111,97,152.684,2026-09-27T10:13:35.079,81,0,0
111,98,148.0,2026-09-27T10:16:03.079,81,0,0
111,99,189.46,2026-09-27T10:19:12.539,81,1,0
111,100,12775.053,2026-09-27T13:52:07.592,86,0,0
111,101,163.727,2026-09-27T13:54:51.319,86,0,0
111,102,158.755,2026-09-27T13:57:30.074,86,0,0
111,103,157.715,2026-09-27T14:00:07.789,86,0,0
111,104,156.013,2026-09-27T14:02:43.802,86,0,0
111,105,155.358,2026-09-27T14:05:19.16,86,0,0
111,106,158.684,2026-09-27T14:07:57.844,86,0,0
111,107,156.891,2026-09-27T14:10:34.735,86,0,0
111,108,162.006,2026-09-27T14:13:16.741,86,0,0
111,109,169.194,2026-09-27T14:16:05.935,86,0,0
111,110,158.777,2026-09-27T14:18:44.712,86,0,0
111,111,158.95,2026-09-27T14:21:23.662,86,0,0
111,112,159.823,2026-09-27T14:24:03.485,85,0,0
111,113,569.209,2026-09-27T14:33:32.694,85,1,0
111,114,1198.744,2026-09-27T14:53:31.438,85,0,0
111,115,176.828,2026-09-27T14:56:28.266,85,0,0
111,116,172.199,2026-09-27T14:59:20.465,85,0,0
111,117,168.173,2026-09-27T15:02:08.638,85,0,0
111,118,168.718,2026-09-27T15:04:57.356,85,0,0
111,119,166.479,2026-09-27T15:07:43.835,85,0,0
111,120,170.854,2026-09-27T15:10:34.689,84,0,0
111,121,181.352,2026-09-27T15:13:36.041,84,0,0
111,122,176.19,2026-09-27T15:16:32.231,84,0,0
111,123,179.321,2026-09-27T15:19:31.552,83,0,0
111,124,160.517,2026-09-27T15:22:12.069,83,0,0
111,125,167.645,2026-09-27T15:24:59.714,82,0,0
111,126,163.97,2026-09-27T15:27:43.684,81,0,0
111,127,158.569,2026-09-27T15:30:22.253,80,0,0
81,1,168.984,2026-09-26T10:07:06.406,61,0,0
81,2,160.945,2026-09-26T10:09:47.351,59,0,0
81,3,198.197,2026-09-26T10:13:05.548,53,0,0
81,4,163.088,2026-09-26T10:15:48.636,52,0,0
81,5,197.984,2026-09-26T10:19:06.62,51,0,0
81,6,182.486,2026-09-26T10:22:09.106,54,0,0
81,7,170.267,2026-09-26T10:24:59.373,55,0,0
81,8,178.167,2026-09-26T10:27:57.54,57,0,0
81,9,188.729,2026-09-26T10:31:06.269,58,1,0
81,10,11033.576,2026-09-26T13:34:59.845,97,0,0
81,11,10274.062,2026-09-26T16:26:13.907,97,0,0
81,12,170.298,2026-09-26T16:29:04.205,97,0,0
81,13,174.148,2026-09-26T16:31:58.353,97,0,0
81,14,166.011,2026-09-26T16:34:44.364,97,0,0
81,15,172.734,2026-09-26T16:37:37.098,97,0,0
81,16,172.793,2026-09-26T16:40:29.891,97,0,0
81,17,157.898,2026-09-26T16:43:07.789,96,0,0
81,18,165.474,2026-09-26T16:45:53.263,96,0,0
81,19,172.84,2026-09-26T16:48:46.103,96,0,0
81,20,166.031,2026-09-26T16:51:32.134,96,0,0
81,21,166.609,2026-09-26T16:54:18.743,96,0,0
81,22,158.334,2026-09-26T16:56:57.077,96,0,0
81,23,990.026,2026-09-26T17:13:27.103,96,0,0
81,24,176.695,2026-09-26T17:16:23.798,96,0,0
81,25,166.385,2026-09-26T17:19:10.183,96,0,0
81,26,164.47,2026-09-26T17:21:54.653,96,0,0
81,27,164.169,2026-09-26T17:24:38.822,96,0,0
81,28,160.922,2026-09-26T17:27:19.744,96,0,0
81,29,167.081,2026-09-26T17:30:06.825,96,0,0
81,30,176.031,2026-09-26T17:33:02.856,96,0,0
81,31,158.884,2026-09-26T17:35:41.74,96,0,0
81,32,159.825,2026-09-26T17:38:21.565,96,0,0
81,33,159.392,2026-09-26T17:41:00.957,96,0,0
81,34,160.883,2026-09-26T17:43:41.84,96,0,0
81,35,172.78,2026-09-26T17:46:34.62,96,0,0
81,36,164.507,2026-09-26T17:49:19.127,96,0,0
81,37,210.709,2026-09-26T17:52:49.836,96,0,1
81,38,54813.336,2026-09-27T09:06:23.172,96,0,0
81,39,179.014,2026-09-27T09:09:22.186,96,0,0
81,40,180.897,2026-09-27T09:12:23.083,96,0,0
81,41,177.933,2026-09-27T09:15:21.016,96,0,0
81,42,170.004,2026-09-27T09:18:11.02,96,0,0
81,43,179.316,2026-09-27T09:21:10.336,96,0,0
81,44,191.33,2026-09-27T09:24:21.666,96,0,0
81,45,170.88,2026-09-27T09:27:12.546,95,0,0
81,46,169.378,2026-09-27T09:30:01.924,95,0,0
81,47,170.914,2026-09-27T09:32:52.838,95,0,0
81,48,168.903,2026-09-27T09:35:41.741,95,0,0
81,49,165.729,2026-09-27T09:38:27.47,95,0,0
81,50,168.235,2026-09-27T09:41:15.705,94,0,0
81,51,177.502,2026-09-27T09:44:13.207,93,0,0
81,52,177.398,2026-09-27T09:47:10.605,93,0,0
81,53,203.084,2026-09-27T09:50:33.689,92,1,0
81,54,346.09,2026-09-27T09:56:19.779,92,0,0
81,55,169.394,2026-09-27T09:59:09.173,92,0,0
81,56,170.746,2026-09-27T10:01:59.919,92,0,0
81,57,169.542,2026-09-27T10:04:49.461,91,0,0
81,58,168.148,2026-09-27T10:07:37.609,91,0,0
81,59,172.883,2026-09-27T10:10:30.492,91,0,0
81,60,165.661,2026-09-27T10:13:16.153,91,0,0
81,61,167.111,2026-09-27T10:16:03.264,91,0,0
81,62,168.107,2026-09-27T10:18:51.371,91,0,0
81,63,191.437,2026-09-27T10:22:02.808,91,1,0
81,64,1819.289,2026-09-27T10:52:22.097,91,0,0
81,65,164.519,2026-09-27T10:55:06.616,91,0,0
81,66,162.934,2026-09-27T10:57:49.55,91,0,0
81,67,161.523,2026-09-27T11:00:31.073,91,0,0
81,68,155.802,2026-09-27T11:03:06.875,91,0,0
81,69,162.409,2026-09-27T11:05:49.284,91,0,0
81,70,178.271,2026-09-27T11:08:47.555,90,0,0
81,71,159.227,2026-09-27T11:11:26.782,90,0,0
81,72,159.338,2026-09-27T11:14:06.12,90,0,0
81,73,156.639,2026-09-27T11:16:42.759,90,0,0
81,74,158.453,2026-09-27T11:19:21.212,89,0,0
81,75,158.198,2026-09-27T11:21:59.41,88,0,0
81,76,172.996,2026-09-27T11:24:52.406,86,0,0
81,77,157.438,2026-09-27T11:27:29.844,86,0,0
81,78,160.367,2026-09-27T11:30:10.211,86,0,0
81,79,156.515,2026-09-27T11:32:46.726,85,0,0
81,80,162.175,2026-09-27T11:35:28.901,85,0,0
81,81,154.219,2026-09-27T11:38:03.12,85,0,0
81,82,159.716,2026-09-27T11:40:42.836,85,0,0
81,83,157.699,2026-09-27T11:43:20.535,85,0,0
81,84,164.438,2026-09-27T11:46:04.973,85,0,0
81,85,168.122,2026-09-27T11:48:53.095,85,0,0
81,86,157.374,2026-09-27T11:51:30.469,85,0,0
81,87,157.851,2026-09-27T11:54:08.32,85,0,0
81,88,156.704,2026-09-27T11:56:45.024,85,0,0
81,89,159.783,2026-09-27T11:59:24.807,85,0,0
81,90,155.843,2026-09-27T12:02:00.65,85,0,0
81,91,154.832,2026-09-27T12:04:35.482,85,0,0
81,92,177.902,2026-09-27T12:07:33.384,85,0,0
81,93,171.999,2026-09-27T12:10:25.383,85,1,0
81,94,1964.624,2026-09-27T12:43:10.007,85,0,0
81,95,167.087,2026-09-27T12:45:57.094,84,0,0
81,96,165.584,2026-09-27T12:48:42.678,84,0,0
81,97,166.149,2026-09-27T12:51:28.827,84,0,0
81,98,167.119,2026-09-27T12:54:15.946,84,0,0
81,99,162.408,2026-09-27T12:56:58.354,84,0,0
81,100,163.782,2026-09-27T12:59:42.136,83,0,0
81,101,162.242,2026-09-27T13:02:24.378,83,0,0
81,102,166.575,2026-09-27T13:05:10.953,83,0,0
81,103,161.7,2026-09-27T13:07:52.653,83,0,0
81,104,166.897,2026-09-27T13:10:39.55,83,0,0
81,105,166.978,2026-09-27T13:13:26.528,83,0,0
81,106,160.192,2026-09-27T13:16:06.72,83,0,0
81,107,164.174,2026-09-27T13:18:50.894,83,0,0
81,108,166.162,2026-09-27T13:21:37.056,83,0,0
81,109,163.955,2026-09-27T13:24:21.011,83,0,0
81,110,159.473,2026-09-27T13:27:00.484,83,0,0
81,111,163.609,2026-09-27T13:29:44.093,83,0,0
81,112,161.084,2026-09-27T13:32:25.177,82,0,0
81,113,162.44,2026-09-27T13:35:07.617,82,0,0
81,114,157.161,2026-09-27T13:37:44.778,82,0,0
81,115,159.187,2026-09-27T13:40:23.965,82,0,0
81,116,155.674,2026-09-27T13:42:59.639,82,0,0
81,117,157.33,2026-09-27T13:45:36.969,82,0,0
81,118,159.371,2026-09-27T13:48:16.34,82,0,0
81,119,159.417,2026-09-27T13:50:55.757,82,0,0
81,120,161.336,2026-09-27T13:53:37.093,82,0,0
81,121,175.531,2026-09-27T13:56:32.624,82,1,0
81,122,1449.603,2026-09-27T14:20:42.227,82,0,0
81,123,164.476,2026-09-27T14:23:26.703,81,0,0
81,124,152.248,2026-09-27T14:25:58.951,81,0,0
81,125,159.09,2026-09-27T14:28:38.041,80,0,0
81,126,217.574,2026-09-27T14:32:15.615,79,1,0
333,1,169.867,2026-09-26T10:15:18.853,93,0,0
333,2,191.547,2026-09-26T10:18:30.4,91,0,0
333,3,149.706,2026-09-26T10:21:00.106,91,0,0
333,4,168.595,2026-09-26T10:23:48.701,89,0,0
333,5,162.071,2026-09-26T10:26:30.772,89,0,0
333,6,154.91,2026-09-26T10:29:05.682,88,0,0
333,7,152.266,2026-09-26T10:31:37.948,88,0,0
333,8,147.852,2026-09-26T10:34:05.8,85,0,0
333,9,154.365,2026-09-26T10:36:40.165,83,0,0
333,10,163.99,2026-09-26T10:39:24.155,79,0,0
333,11,163.354,2026-09-26T10:42:07.509,73,0,0
333,12,191.123,2026-09-26T10:45:18.632,72,1,0
333,13,652.597,2026-09-26T10:56:11.229,75,0,0
333,14,150.868,2026-09-26T10:58:42.097,74,0,0
333,15,159.954,2026-09-26T11:01:22.051,73,0,0
333,16,154.492,2026-09-26T11:03:56.543,73,0,0
333,17,146.447,2026-09-26T11:06:22.99,72,0,0
333,18,145.711,2026-09-26T11:08:48.701,71,0,0
333,19,165.362,2026-09-26T11:11:34.063,71,0,0
333,20,152.946,2026-09-26T11:14:07.009,71,0,0
333,21,151.153,2026-09-26T11:16:38.162,71,0,0
333,22,153.112,2026-09-26T11:19:11.274,69,0,0
333,23,158.474,2026-09-26T11:21:49.748,63,0,0
333,24,154.6,2026-09-26T11:24:24.348,61,0,0
333,25,155.02,2026-09-26T11:26:59.368,60,0,0
333,26,157.848,2026-09-26T11:29:37.216,57,0,0
333,27,148.526,2026-09-26T11:32:05.742,57,0,0
333,28,167.352,2026-09-26T11:34:53.094,55,0,0
333,29,159.187,2026-09-26T11:37:32.281,53,0,0
333,30,161.317,2026-09-26T11:40:13.598,52,0,0
333,31,152.801,2026-09-26T11:42:46.399,51,0,0
333,32,147.714,2026-09-26T11:45:14.113,50,0,0
333,33,170.406,2026-09-26T11:48:04.519,49,0,0
333,34,158.613,2026-09-26T11:50:43.132,48,0,0
333,35,571.507,2026-09-26T12:00:14.639,53,1,0
333,36,224.17,2026-09-26T12:03:58.809,53,0,0
333,37,144.175,2026-09-26T12:06:22.984,52,0,0
333,38,158.808,2026-09-26T12:09:01.792,50,0,0
333,39,149.404,2026-09-26T12:11:31.196,50,0,0
333,40,153.077,2026-09-26T12:14:04.273,50,0,0
333,41,153.327,2026-09-26T12:16:37.6,48,0,0
333,42,160.984,2026-09-26T12:19:18.584,44,0,0
333,43,166.953,2026-09-26T12:22:05.537,44,0,0
333,44,181.039,2026-09-26T12:25:06.576,44,1,0
333,45,476.873,2026-09-26T12:33:03.449,49,0,0
333,46,152.647,2026-09-26T12:35:36.096,48,0,0
333,47,156.411,2026-09-26T12:38:12.507,48,0,0
333,48,148.208,2026-09-26T12:40:40.715,48,0,0
333,49,151.24,2026-09-26T12:43:11.955,48,0,0
333,50,157.061,2026-09-26T12:45:49.016,47,0,0
333,51,153.364,2026-09-26T12:48:22.38,46,0,0
333,52,146.652,2026-09-26T12:50:49.032,46,0,0
333,53,158.422,2026-09-26T12:53:27.454,45,0,0
333,54,154.404,2026-09-26T12:56:01.858,44,0,0
333,55,147.953,2026-09-26T12:58:29.811,43,0,0
333,56,147.665,2026-09-26T13:00:57.476,42,0,0
333,57,148.671,2026-09-26T13:03:26.147,42,0,0
333,58,151.994,2026-09-26T13:05:58.141,41,0,0
333,59,154.343,2026-09-26T13:08:32.484,38,0,0
333,60,156.402,2026-09-26T13:11:08.886,37,0,0
333,61,154.574,2026-09-26T13:13:43.46,37,0,0
333,62,150.773,2026-09-26T13:16:14.233,37,0,0
333,63,142.878,2026-09-26T13:18:37.111,36,0,0
333,64,156.368,2026-09-26T13:21:13.479,36,0,0
333,65,151.142,2026-09-26T13:23:44.621,36,0,0
333,66,147.89,2026-09-26T13:26:12.511,36,0,0
333,67,146.142,2026-09-26T13:28:38.653,36,0,0
333,68,156.822,2026-09-26T13:31:15.475,36,0,0
333,69,145.953,2026-09-26T13:33:41.428,35,0,0
333,70,150.227,2026-09-26T13:36:11.655,32,0,0
333,71,146.843,2026-09-26T13:38:38.498,30,0,0
333,72,151.819,2026-09-26T13:41:10.317,30,0,0
333,73,532.756,2026-09-26T13:50:03.073,32,1,0
333,74,7542.169,2026-09-26T15:55:45.242,72,0,0
333,75,284.474,2026-09-26T16:00:29.716,70,0,1
333,76,248.408,2026-09-26T16:04:38.124,70,0,1
333,77,235.147,2026-09-26T16:08:33.271,70,0,1
333,78,240.624,2026-09-26T16:12:33.895,70,0,1
333,79,269.664,2026-09-26T16:17:03.559,70,0,0
333,80,149.66,2026-09-26T16:19:33.219,69,0,0
333,81,151.911,2026-09-26T16:22:05.13,68,0,0
333,82,150.724,2026-09-26T16:24:35.854,68,0,0
333,83,162.289,2026-09-26T16:27:18.143,67,0,0
333,84,152.051,2026-09-26T16:29:50.194,67,0,0
333,85,153.393,2026-09-26T16:32:23.587,67,0,0
333,86,149.454,2026-09-26T16:34:53.041,67,0,0
333,87,159.833,2026-09-26T16:37:32.874,67,0,0
333,88,147.339,2026-09-26T16:40:00.213,66,0,0
333,89,149.516,2026-09-26T16:42:29.729,66,0,0
333,90,153.367,2026-09-26T16:45:03.096,66,0,0
333,91,158.757,2026-09-26T16:47:41.853,65,0,0
333,92,146.317,2026-09-26T16:50:08.17,64,0,0
333,93,147.176,2026-09-26T16:52:35.346,64,0,0
333,94,144.819,2026-09-26T16:55:00.165,64,0,0
333,95,151.862,2026-09-26T16:57:32.027,63,0,0
333,96,146.503,2026-09-26T16:59:58.53,63,0,0
333,97,149.431,2026-09-26T17:02:27.961,63,0,0
333,98,152.279,2026-09-26T17:05:00.24,63,0,0
333,99,148.521,2026-09-26T17:07:28.761,63,0,0
333,100,155.331,2026-09-26T17:10:04.092,63,0,0
333,101,169.828,2026-09-26T17:12:53.92,63,0,0
333,102,159.299,2026-09-26T17:15:33.219,63,0,0
333,103,161.104,2026-09-26T17:18:14.323,63,0,0
333,104,153.549,2026-09-26T17:20:47.872,63,0,0
333,105,156.727,2026-09-26T17:23:24.599,61,0,0
333,106,150.48,2026-09-26T17:25:55.079,61,0,0
333,107,150.052,2026-09-26T17:28:25.131,60,0,0
333,108,152.77,2026-09-26T17:30:57.901,59,0,0
333,109,152.114,2026-09-26T17:33:30.015,59,0,0
333,110,150.469,2026-09-26T17:36:00.484,59,0,0
333,111,158.189,2026-09-26T17:38:38.673,59,0,0
333,112,153.987,2026-09-26T17:41:12.66,59,0,0
333,113,152.918,2026-09-26T17:43:45.578,58,0,0
333,114,167.36,2026-09-26T17:46:32.938,58,0,0
333,115,164.142,2026-09-26T17:49:17.08,58,0,0
333,116,194.596,2026-09-26T17:52:31.676,57,0,1
333,117,256.232,2026-09-26T17:56:47.908,57,0,1
333,118,291.419,2026-09-26T18:01:39.327,56,0,1
333,119,64883.895,2026-09-27T12:03:03.222,77,0,0
333,120,162.978,2026-09-27T12:05:46.2,77,0,0
333,121,169.11,2026-09-27T12:08:35.31,77,0,0
333,122,163.767,2026-09-27T12:11:19.077,77,0,0
333,123,171.622,2026-09-27T12:14:10.699,75,0,0
333,124,164.991,2026-09-27T12:16:55.69,75,0,0
333,125,189.287,2026-09-27T12:20:04.977,74,1,0
33,1,183.717,2026-09-26T10:05:29.238,22,0,0
33,2,178.762,2026-09-26T10:08:28,23,0,0
33,3,177.531,2026-09-26T10:11:25.531,24,0,0
33,4,180.156,2026-09-26T10:14:25.687,23,0,0
33,5,169.767,2026-09-26T10:17:15.454,18,0,0
33,6,175.698,2026-09-26T10:20:11.152,19,0,0
33,7,187.229,2026-09-26T10:23:18.381,21,0,0
33,8,166.518,2026-09-26T10:26:04.899,23,0,0
33,9,159.188,2026-09-26T10:28:44.087,24,0,0
33,10,157.926,2026-09-26T10:31:22.013,23,0,0
33,11,152.585,2026-09-26T10:33:54.598,23,0,0
33,12,150.865,2026-09-26T10:36:25.463,22,0,0
33,13,176.353,2026-09-26T10:39:21.816,22,0,0
33,14,162.496,2026-09-26T10:42:04.312,22,0,0
33,15,177.017,2026-09-26T10:45:01.329,23,0,0
33,16,161.049,2026-09-26T10:47:42.378,23,0,0
33,17,151.645,2026-09-26T10:50:14.023,22,0,0
33,18,153.728,2026-09-26T10:52:47.751,21,0,0
33,19,159.162,2026-09-26T10:55:26.913,21,0,0
33,20,159.092,2026-09-26T10:58:06.005,21,0,0
33,21,168.87,2026-09-26T11:00:54.875,21,0,0
33,22,161.593,2026-09-26T11:03:36.468,21,0,0
33,23,146.841,2026-09-26T11:06:03.309,21,0,0
33,24,157.469,2026-09-26T11:08:40.778,21,0,0
33,25,174.441,2026-09-26T11:11:35.219,20,0,0
33,26,162.331,2026-09-26T11:14:17.55,20,0,0
33,27,153.917,2026-09-26T11:16:51.467,19,0,0
33,28,151.973,2026-09-26T11:19:23.44,19,0,0
33,29,162.03,2026-09-26T11:22:05.47,19,0,0
33,30,152.291,2026-09-26T11:24:37.761,20,0,0
33,31,158.703,2026-09-26T11:27:16.464,20,0,0
33,32,165.012,2026-09-26T11:30:01.476,20,0,0
33,33,153.869,2026-09-26T11:32:35.345,20,0,0
33,34,158.038,2026-09-26T11:35:13.383,19,0,0
33,35,177.09,2026-09-26T11:38:10.473,19,0,0
33,36,173.475,2026-09-26T11:41:03.948,19,0,0
33,37,157.688,2026-09-26T11:43:41.636,18,0,0
33,38,459.759,2026-09-26T11:51:21.395,27,1,0
33,39,519.891,2026-09-26T12:00:01.286,34,0,0
33,40,153.298,2026-09-26T12:02:34.584,33,0,0
33,41,157.449,2026-09-26T12:05:12.033,31,0,0
33,42,162.038,2026-09-26T12:07:54.071,29,0,0
33,43,159.869,2026-09-26T12:10:33.94,29,0,0
33,44,163.62,2026-09-26T12:13:17.56,28,0,0
33,45,154.795,2026-09-26T12:15:52.355,27,0,0
33,46,162.957,2026-09-26T12:18:35.312,25,0,0
33,47,170.271,2026-09-26T12:21:25.583,26,0,0
33,48,174.052,2026-09-26T12:24:19.635,26,0,0
33,49,153.579,2026-09-26T12:26:53.214,25,0,0
33,50,161.691,2026-09-26T12:29:34.905,26,0,0
33,51,157.11,2026-09-26T12:32:12.015,25,0,0
33,52,151.002,2026-09-26T12:34:43.017,25,0,0
33,53,150.537,2026-09-26T12:37:13.554,25,0,0
33,54,151.181,2026-09-26T12:39:44.735,25,0,0
33,55,174.13,2026-09-26T12:42:38.865,25,0,0
33,56,169.629,2026-09-26T12:45:28.494,24,0,0
33,57,158.631,2026-09-26T12:48:07.125,25,0,0
33,58,157.36,2026-09-26T12:50:44.485,23,0,0
33,59,160.354,2026-09-26T12:53:24.839,22,0,0
33,60,176.077,2026-09-26T12:56:20.916,24,1,0
33,61,659.393,2026-09-26T13:07:20.309,30,0,0
33,62,163.288,2026-09-26T13:10:03.597,30,0,0
33,63,162.464,2026-09-26T13:12:46.061,30,0,0
33,64,155.262,2026-09-26T13:15:21.323,30,0,0
33,65,161.059,2026-09-26T13:18:02.382,30,0,0
33,66,185.394,2026-09-26T13:21:07.776,30,1,0
33,67,239.356,2026-09-26T13:25:07.132,31,1,0
33,68,349.943,2026-09-26T13:30:57.075,35,0,0
33,69,164.795,2026-09-26T13:33:41.87,36,0,0
33,70,221.907,2026-09-26T13:37:23.777,35,1,0
33,71,6998.839,2026-09-26T15:34:02.616,70,0,0
33,72,166.771,2026-09-26T15:36:49.387,70,0,0
33,73,154.288,2026-09-26T15:39:23.675,70,0,0
33,74,157.535,2026-09-26T15:42:01.21,69,0,0
33,75,161.386,2026-09-26T15:44:42.596,68,0,0
33,76,155.93,2026-09-26T15:47:18.526,68,0,0
33,77,160.679,2026-09-26T15:49:59.205,68,0,0
33,78,181.311,2026-09-26T15:53:00.516,67,0,0
33,79,165.486,2026-09-26T15:55:46.002,67,0,0
33,80,285.895,2026-09-26T16:00:31.897,67,0,1
33,81,248.058,2026-09-26T16:04:39.955,66,0,1
33,82,234.555,2026-09-26T16:08:34.51,66,0,1
33,83,240.774,2026-09-26T16:12:35.284,65,0,1
33,84,269.392,2026-09-26T16:17:04.676,65,0,0
33,85,155.95,2026-09-26T16:19:40.626,65,0,0
33,86,157.959,2026-09-26T16:22:18.585,65,0,0
33,87,159.029,2026-09-26T16:24:57.614,65,0,0
33,88,156.631,2026-09-26T16:27:34.245,64,0,0
33,89,156.351,2026-09-26T16:30:10.596,64,0,0
33,90,159.37,2026-09-26T16:32:49.966,64,0,0
33,91,156.007,2026-09-26T16:35:25.973,64,0,0
33,92,702.883,2026-09-26T16:47:08.856,63,1,0
33,93,215.622,2026-09-26T16:50:44.478,63,0,0
33,94,156.973,2026-09-26T16:53:21.451,63,0,0
33,95,156.468,2026-09-26T16:55:57.919,62,0,0
33,96,156.287,2026-09-26T16:58:34.206,62,0,0
33,97,157.701,2026-09-26T17:01:11.907,62,0,0
33,98,153.248,2026-09-26T17:03:45.155,62,0,0
33,99,151.995,2026-09-26T17:06:17.15,62,0,0
33,100,173.598,2026-09-26T17:09:10.748,62,0,0
33,101,168.426,2026-09-26T17:11:59.174,62,0,0
33,102,170.473,2026-09-26T17:14:49.647,62,0,0
33,103,187.275,2026-09-26T17:17:56.922,62,0,0
33,104,167.493,2026-09-26T17:20:44.415,62,0,0
33,105,168.271,2026-09-26T17:23:32.686,62,0,0
33,106,163.706,2026-09-26T17:26:16.392,62,0,0
33,107,166.775,2026-09-26T17:29:03.167,61,0,0
33,108,159.084,2026-09-26T17:31:42.251,60,0,0
33,109,156.766,2026-09-26T17:34:19.017,60,0,0
33,110,156.252,2026-09-26T17:36:55.269,60,0,0
33,111,160.836,2026-09-26T17:39:36.105,60,0,0
33,112,163.447,2026-09-26T17:42:19.552,60,0,0
33,113,54940.406,2026-09-27T08:57:59.958,64,0,0
33,114,174.607,2026-09-27T09:00:54.565,64,0,0
33,115,173.081,2026-09-27T09:03:47.646,64,0,0
33,116,162.788,2026-09-27T09:06:30.434,64,0,0
33,117,159.855,2026-09-27T09:09:10.289,62,0,0
33,118,152.36,2026-09-27T09:11:42.649,62,0,0
33,119,156.748,2026-09-27T09:14:19.397,61,0,0
33,120,156.457,2026-09-27T09:16:55.854,61,0,0
33,121,163.625,2026-09-27T09:19:39.479,61,0,0
33,122,166.992,2026-09-27T09:22:26.471,61,0,0
33,123,161.155,2026-09-27T09:25:07.626,60,0,0
33,124,190.564,2026-09-27T09:28:18.19,60,1,0
136,1,175.853,2026-09-26T10:05:34.003,26,0,0
136,2,174.541,2026-09-26T10:08:28.544,24,0,0
136,3,163.072,2026-09-26T10:11:11.616,20,0,0
136,4,184.647,2026-09-26T10:14:16.263,16,0,0
136,5,169.48,2026-09-26T10:17:05.743,15,0,0
136,6,164.263,2026-09-26T10:19:50.006,15,0,0
136,7,180.16,2026-09-26T10:22:50.166,15,0,0
136,8,145.766,2026-09-26T10:25:15.932,15,0,0
136,9,153.846,2026-09-26T10:27:49.778,15,0,0
136,10,155.209,2026-09-26T10:30:24.987,13,0,0
136,11,154.634,2026-09-26T10:32:59.621,11,0,0
136,12,147.366,2026-09-26T10:35:26.987,11,0,0
136,13,158.838,2026-09-26T10:38:05.825,11,0,0
136,14,167.117,2026-09-26T10:40:52.942,11,0,0
136,15,158.443,2026-09-26T10:43:31.385,11,0,0
136,16,153.662,2026-09-26T10:46:05.047,10,0,0
136,17,142.644,2026-09-26T10:48:27.691,10,0,0
136,18,157.232,2026-09-26T10:51:04.923,10,0,0
136,19,146.097,2026-09-26T10:53:31.02,10,0,0
136,20,159.467,2026-09-26T10:56:10.487,10,0,0
136,21,149.038,2026-09-26T10:58:39.525,9,0,0
136,22,150.784,2026-09-26T11:01:10.309,8,0,0
136,23,148.259,2026-09-26T11:03:38.568,7,0,0
136,24,144.394,2026-09-26T11:06:02.962,7,0,0
136,25,153.806,2026-09-26T11:08:36.768,8,0,0
136,26,141.642,2026-09-26T11:10:58.41,8,0,0
136,27,155.062,2026-09-26T11:13:33.472,7,0,0
136,28,142.139,2026-09-26T11:15:55.611,6,0,0
136,29,155.048,2026-09-26T11:18:30.659,6,0,0
136,30,157.667,2026-09-26T11:21:08.326,6,0,0
136,31,150.265,2026-09-26T11:23:38.591,6,0,0
136,32,145.941,2026-09-26T11:26:04.532,6,0,0
136,33,146.902,2026-09-26T11:28:31.434,6,0,0
136,34,146.844,2026-09-26T11:30:58.278,5,0,0
136,35,146.58,2026-09-26T11:33:24.858,5,0,0
136,36,148.166,2026-09-26T11:35:53.024,5,0,0
136,37,154.814,2026-09-26T11:38:27.838,5,0,0
136,38,165.259,2026-09-26T11:41:13.097,5,0,0
136,39,153.826,2026-09-26T11:43:46.923,5,0,0
136,40,147.501,2026-09-26T11:46:14.424,4,0,0
136,41,140.084,2026-09-26T11:48:34.508,4,0,0
136,42,146.188,2026-09-26T11:51:00.696,4,0,0
136,43,150.502,2026-09-26T11:53:31.198,4,0,0
136,44,142.749,2026-09-26T11:55:53.947,4,0,0
136,45,146.647,2026-09-26T11:58:20.594,3,0,0
136,46,412.842,2026-09-26T12:05:13.436,10,1,0
136,47,178.604,2026-09-26T12:08:12.04,10,0,0
136,48,155.911,2026-09-26T12:10:47.951,9,0,0
136,49,157.337,2026-09-26T12:13:25.288,9,0,0
136,50,150.525,2026-09-26T12:15:55.813,8,0,0
136,51,160.782,2026-09-26T12:18:36.595,8,0,0
136,52,167.989,2026-09-26T12:21:24.584,8,0,0
136,53,173.329,2026-09-26T12:24:17.913,6,0,0
136,54,153.721,2026-09-26T12:26:51.634,6,0,0
136,55,160.134,2026-09-26T12:29:31.768,6,0,0
136,56,159.204,2026-09-26T12:32:10.972,6,0,0
136,57,150.938,2026-09-26T12:34:41.91,6,0,0
136,58,149.417,2026-09-26T12:37:11.327,6,0,0
136,59,151.595,2026-09-26T12:39:42.922,6,0,0
136,60,173.711,2026-09-26T12:42:36.633,6,0,0
136,61,160.243,2026-09-26T12:45:16.876,5,0,0
136,62,151.227,2026-09-26T12:47:48.103,4,0,0
136,63,156.046,2026-09-26T12:50:24.149,4,0,0
136,64,156.282,2026-09-26T12:53:00.431,5,0,0
136,65,165.274,2026-09-26T12:55:45.705,5,0,0
136,66,155.011,2026-09-26T12:58:20.716,4,0,0
136,67,156.982,2026-09-26T13:00:57.698,4,0,0
136,68,151.558,2026-09-26T13:03:29.256,4,0,0
136,69,155.268,2026-09-26T13:06:04.524,4,0,0
136,70,162.494,2026-09-26T13:08:47.018,4,0,0
136,71,157.715,2026-09-26T13:11:24.733,3,0,0
136,72,158.511,2026-09-26T13:14:03.244,3,0,0
136,73,152.862,2026-09-26T13:16:36.106,3,0,0
136,74,161.293,2026-09-26T13:19:17.399,4,0,0
136,75,158.687,2026-09-26T13:21:56.086,4,0,0
136,76,152.072,2026-09-26T13:24:28.158,4,0,0
136,77,152.18,2026-09-26T13:27:00.338,4,0,0
136,78,153.356,2026-09-26T13:29:33.694,4,0,0
136,79,159.989,2026-09-26T13:32:13.683,4,0,0
136,80,156.634,2026-09-26T13:34:50.317,4,0,0
136,81,154.29,2026-09-26T13:37:24.607,5,0,0
136,82,157.002,2026-09-26T13:40:01.609,5,0,0
136,83,158.976,2026-09-26T13:42:40.585,5,0,0
136,84,161.06,2026-09-26T13:45:21.645,6,0,0
136,85,157.17,2026-09-26T13:47:58.815,6,0,0
136,86,152.704,2026-09-26T13:50:31.519,6,0,0
136,87,158.425,2026-09-26T13:53:09.944,6,0,0
136,88,158.847,2026-09-26T13:55:48.791,6,0,0
136,89,151.195,2026-09-26T13:58:19.986,6,0,0
136,90,155.437,2026-09-26T14:00:55.423,6,0,0
136,91,428.046,2026-09-26T14:08:03.469,8,1,0
136,92,196.619,2026-09-26T14:11:20.088,8,0,0
136,93,154.072,2026-09-26T14:13:54.16,8,0,0
136,94,151.893,2026-09-26T14:16:26.053,8,0,0
136,95,152.4,2026-09-26T14:18:58.453,8,0,0
136,96,155.535,2026-09-26T14:21:33.988,8,0,0
136,97,150.911,2026-09-26T14:24:04.899,8,0,0
136,98,155.903,2026-09-26T14:26:40.802,8,0,0
136,99,159.276,2026-09-26T14:29:20.078,7,0,0
136,100,146.004,2026-09-26T14:31:46.082,7,0,0
136,101,150.416,2026-09-26T14:34:16.498,7,0,0
136,102,157.317,2026-09-26T14:36:53.815,8,0,0
136,103,155.111,2026-09-26T14:39:28.926,7,0,0
136,104,152.845,2026-09-26T14:42:01.771,7,0,0
136,105,162.917,2026-09-26T14:44:44.688,7,0,0
136,106,159.974,2026-09-26T14:47:24.662,7,0,0
136,107,152.91,2026-09-26T14:49:57.572,7,0,0
136,108,175.39,2026-09-26T14:52:52.962,7,0,0
136,109,167.68,2026-09-26T14:55:40.642,6,0,0
136,110,159.739,2026-09-26T14:58:20.381,6,0,0
136,111,165.729,2026-09-26T15:01:06.11,6,0,0
136,112,162.031,2026-09-26T15:03:48.141,6,0,0
136,113,167.747,2026-09-26T15:06:35.888,6,0,0
136,114,173.719,2026-09-26T15:09:29.607,6,0,0
136,115,177.22,2026-09-26T15:12:26.827,5,0,0
136,116,161.139,2026-09-26T15:15:07.966,5,0,0
136,117,160.664,2026-09-26T15:17:48.63,4,0,0
136,118,172.194,2026-09-26T15:20:40.824,4,0,0
136,119,4837.413,2026-09-26T16:41:18.237,36,0,0
136,120,58710.532,2026-09-27T08:59:48.769,54,0,0
136,121,157.244,2026-09-27T09:02:26.013,54,0,0
136,122,153.918,2026-09-27T09:04:59.931,54,0,0
711,1,220.929,2026-09-26T10:09:14.137,84,0,0
711,2,206.387,2026-09-26T10:12:40.524,84,0,0
711,3,198.376,2026-09-26T10:15:58.9,81,0,0
711,4,204.981,2026-09-26T10:19:23.881,79,0,0
711,5,188.743,2026-09-26T10:22:32.624,79,0,0
711,6,178.063,2026-09-26T10:25:30.687,79,0,0
711,7,177.929,2026-09-26T10:28:28.616,80,0,0
711,8,174.652,2026-09-26T10:31:23.268,78,0,0
711,9,292.801,2026-09-26T10:36:16.069,82,0,0
711,10,3464.609,2026-09-26T11:34:00.678,94,0,0
711,11,197.312,2026-09-26T11:37:17.99,93,0,0
711,12,1244.231,2026-09-26T11:58:02.221,94,0,0
711,13,191.833,2026-09-26T12:01:14.054,92,0,0
711,14,193.022,2026-09-26T12:04:27.076,92,0,0
711,15,193.236,2026-09-26T12:07:40.312,91,0,0
711,16,183.256,2026-09-26T12:10:43.568,91,0,0
711,17,269.47,2026-09-26T12:15:13.038,90,0,0
711,18,210.557,2026-09-26T12:18:43.595,90,0,0
711,19,223.652,2026-09-26T12:22:27.247,90,1,0
711,20,831.578,2026-09-26T12:36:18.825,91,0,0
711,21,189.983,2026-09-26T12:39:28.808,89,0,0
711,22,198.558,2026-09-26T12:42:47.366,89,0,0
711,23,194.46,2026-09-26T12:46:01.826,89,0,0
711,24,189.207,2026-09-26T12:49:11.033,89,0,0
711,25,190.255,2026-09-26T12:52:21.288,89,0,0
711,26,3403.385,2026-09-26T13:49:04.673,91,0,0
711,27,229.084,2026-09-26T13:52:53.757,91,0,0
711,28,223.57,2026-09-26T13:56:37.327,91,0,0
711,29,206.403,2026-09-26T14:00:03.73,91,0,0
711,30,203.754,2026-09-26T14:03:27.484,91,0,0
711,31,205.774,2026-09-26T14:06:53.258,91,0,0
711,32,210.739,2026-09-26T14:10:23.997,91,0,0
711,33,205.6,2026-09-26T14:13:49.597,91,0,0
711,34,201.541,2026-09-26T14:17:11.138,91,0,0
711,35,200.976,2026-09-26T14:20:32.114,90,0,0
711,36,200.279,2026-09-26T14:23:52.393,90,0,0
711,37,193.882,2026-09-26T14:27:06.275,89,0,0
711,38,194.985,2026-09-26T14:30:21.26,88,0,0
711,39,258.826,2026-09-26T14:34:40.086,88,1,0
711,40,66345.964,2026-09-27T09:00:26.05,95,0,0
711,41,232.659,2026-09-27T09:04:18.709,95,0,0
711,42,221.292,2026-09-27T09:08:00.001,94,0,0
711,43,206.693,2026-09-27T09:11:26.694,95,0,0
711,44,204.152,2026-09-27T09:14:50.846,95,0,0
711,45,191.427,2026-09-27T09:18:02.273,94,0,0
711,46,214.743,2026-09-27T09:21:37.016,94,0,0
711,47,195.622,2026-09-27T09:24:52.638,94,0,0
711,48,186.571,2026-09-27T09:27:59.209,94,0,0
711,49,184.524,2026-09-27T09:31:03.733,94,0,0
711,50,186.859,2026-09-27T09:34:10.592,93,0,0
711,51,181.055,2026-09-27T09:37:11.647,92,0,0
711,52,187.181,2026-09-27T09:40:18.828,92,0,0
711,53,183.307,2026-09-27T09:43:22.135,91,0,0
711,54,186.656,2026-09-27T09:46:28.791,91,0,0
711,55,183.753,2026-09-27T09:49:32.544,91,0,0
711,56,178.535,2026-09-27T09:52:31.079,91,0,0
711,57,180.601,2026-09-27T09:55:31.68,90,0,0
711,58,177.621,2026-09-27T09:58:29.301,90,0,0
711,59,191.138,2026-09-27T10:01:40.439,90,0,0
711,60,177.532,2026-09-27T10:04:37.971,90,0,0
711,61,178.434,2026-09-27T10:07:36.405,90,0,0
711,62,171.278,2026-09-27T10:10:27.683,90,0,0
711,63,269.279,2026-09-27T10:14:56.962,90,1,0
711,64,431.834,2026-09-27T10:22:08.796,90,0,0
711,65,1223.842,2026-09-27T10:42:32.638,90,1,1
711,66,317.711,2026-09-27T10:47:50.349,90,0,0
711,67,195.699,2026-09-27T10:51:06.048,90,0,0
711,68,207.222,2026-09-27T10:54:33.27,90,0,0
711,69,228.769,2026-09-27T10:58:22.039,90,1,0
711,70,1270.511,2026-09-27T11:19:32.55,91,0,0
711,71,198.52,2026-09-27T11:22:51.07,91,0,0
711,72,189.981,2026-09-27T11:26:01.051,91,0,0
711,73,248.955,2026-09-27T11:30:10.006,91,1,0
711,74,358.43,2026-09-27T11:36:08.436,90,0,0
711,75,203.151,2026-09-27T11:39:31.587,89,0,0
711,76,209.347,2026-09-27T11:43:00.934,87,0,0
711,77,206.888,2026-09-27T11:46:27.822,87,0,0
711,78,202.854,2026-09-27T11:49:50.676,87,0,0
711,79,197.617,2026-09-27T11:53:08.293,86,0,0
711,80,199.046,2026-09-27T11:56:27.339,86,0,0
711,81,198.898,2026-09-27T11:59:46.237,86,0,0
711,82,198.419,2026-09-27T12:03:04.656,86,0,0
711,83,191.273,2026-09-27T12:06:15.929,86,0,0
711,84,206.976,2026-09-27T12:09:42.905,86,0,0
711,85,189.687,2026-09-27T12:12:52.592,86,0,0
711,86,182.685,2026-09-27T12:15:55.277,86,0,0
711,87,179.374,2026-09-27T12:18:54.651,86,0,0
711,88,181.278,2026-09-27T12:21:55.929,86,0,0
711,89,177.603,2026-09-27T12:24:53.532,86,0,0
711,90,184.228,2026-09-27T12:27:57.76,86,0,0
711,91,196.811,2026-09-27T12:31:14.571,86,1,0
711,92,927.08,2026-09-27T12:46:41.651,86,1,0
711,93,1108.015,2026-09-27T13:05:09.666,86,0,0
711,94,221.846,2026-09-27T13:08:51.512,86,0,0
711,95,211.275,2026-09-27T13:12:22.787,85,0,0
711,96,194.45,2026-09-27T13:15:37.237,85,0,0
711,97,196.611,2026-09-27T13:18:53.848,85,0,0
711,98,194.902,2026-09-27T13:22:08.75,85,0,0
711,99,187.425,2026-09-27T13:25:16.175,85,0,0
711,100,182.696,2026-09-27T13:28:18.871,85,0,0
711,101,190.131,2026-09-27T13:31:29.002,85,0,0
711,102,210.797,2026-09-27T13:34:59.799,85,1,0
711,103,748.602,2026-09-27T13:47:28.401,85,0,0
711,104,193.853,2026-09-27T13:50:42.254,85,0,0
711,105,188.017,2026-09-27T13:53:50.271,85,0,0
711,106,188.634,2026-09-27T13:56:58.905,85,0,0
711,107,187.889,2026-09-27T14:00:06.794,85,0,0
711,108,184.695,2026-09-27T14:03:11.489,85,0,0
711,109,185.347,2026-09-27T14:06:16.836,85,0,0
711,110,182.533,2026-09-27T14:09:19.369,85,0,0
711,111,182.125,2026-09-27T14:12:21.494,85,0,0
711,112,183.851,2026-09-27T14:15:25.345,84,0,0
711,113,181.065,2026-09-27T14:18:26.41,84,0,0
711,114,179.331,2026-09-27T14:21:25.741,84,0,0
711,115,181.824,2026-09-27T14:24:27.565,84,0,0
711,116,181.784,2026-09-27T14:27:29.349,84,0,0
711,117,180.835,2026-09-27T14:30:30.184,84,0,0
711,118,178.13,2026-09-27T14:33:28.314,84,0,0
711,119,281.652,2026-09-27T14:38:09.966,84,1,0
544,1,169.827,2026-09-26T10:05:08.683,13,0,0
544,2,173.768,2026-09-26T10:08:02.451,10,0,0
544,3,159.821,2026-09-26T10:10:42.272,7,0,0
544,4,164.496,2026-09-26T10:13:26.768,7,0,0
544,5,156.91,2026-09-26T10:16:03.678,6,0,0
544,6,186.768,2026-09-26T10:19:10.446,6,0,0
544,7,173.086,2026-09-26T10:22:03.532,6,0,0
544,8,162.331,2026-09-26T10:24:45.863,6,0,0
544,9,152.478,2026-09-26T10:27:18.341,6,0,0
544,10,161.758,2026-09-26T10:30:00.099,7,0,0
544,11,148.629,2026-09-26T10:32:28.728,7,0,0
544,12,161.236,2026-09-26T10:35:09.964,8,0,0
544,13,155.078,2026-09-26T10:37:45.042,8,0,0
544,14,157.204,2026-09-26T10:40:22.246,8,0,0
544,15,154.966,2026-09-26T10:42:57.212,8,0,0
544,16,156.737,2026-09-26T10:45:33.949,8,0,0
544,17,157.77,2026-09-26T10:48:11.719,8,0,0
544,18,156.064,2026-09-26T10:50:47.783,8,0,0
544,19,156.273,2026-09-26T10:53:24.056,9,0,0
544,20,164.724,2026-09-26T10:56:08.78,8,0,0
544,21,150.555,2026-09-26T10:58:39.335,8,0,0
544,22,155.228,2026-09-26T11:01:14.563,9,0,0
544,23,148.696,2026-09-26T11:03:43.259,10,0,0
544,24,148.048,2026-09-26T11:06:11.307,10,0,0
544,25,152.642,2026-09-26T11:08:43.949,10,0,0
544,26,158.437,2026-09-26T11:11:22.386,10,0,0
544,27,150.978,2026-09-26T11:13:53.364,9,0,0
544,28,146.894,2026-09-26T11:16:20.258,9,0,0
544,29,154.875,2026-09-26T11:18:55.133,8,0,0
544,30,164.098,2026-09-26T11:21:39.231,8,0,0
544,31,147.801,2026-09-26T11:24:07.032,8,0,0
544,32,154.762,2026-09-26T11:26:41.794,8,0,0
544,33,144.316,2026-09-26T11:29:06.11,7,0,0
544,34,155.189,2026-09-26T11:31:41.299,7,0,0
544,35,154.907,2026-09-26T11:34:16.206,7,0,0
544,36,156.686,2026-09-26T11:36:52.892,7,0,0
544,37,155.898,2026-09-26T11:39:28.79,6,0,0
544,38,153.845,2026-09-26T11:42:02.635,7,0,0
544,39,171.024,2026-09-26T11:44:53.659,7,0,0
544,40,169.991,2026-09-26T11:47:43.65,7,0,0
544,41,153.96,2026-09-26T11:50:17.61,6,0,0
544,42,151.386,2026-09-26T11:52:48.996,6,0,0
544,43,146.897,2026-09-26T11:55:15.893,6,0,0
544,44,150.528,2026-09-26T11:57:46.421,6,0,0
544,45,151.32,2026-09-26T12:00:17.741,5,0,0
544,46,158.674,2026-09-26T12:02:56.415,3,0,0
544,47,144.925,2026-09-26T12:05:21.34,3,0,0
544,48,152.686,2026-09-26T12:07:54.026,3,0,0
544,49,156.27,2026-09-26T12:10:30.296,2,0,0
544,50,146.234,2026-09-26T12:12:56.53,2,0,0
544,51,151.2,2026-09-26T12:15:27.73,2,0,0
544,52,159.921,2026-09-26T12:18:07.651,2,0,0
544,53,173.632,2026-09-26T12:21:01.283,1,0,0
544,54,159.95,2026-09-26T12:23:41.233,1,0,0
544,55,150.085,2026-09-26T12:26:11.318,1,0,0
544,56,156.745,2026-09-26T12:28:48.063,1,0,0
544,57,146.482,2026-09-26T12:31:14.545,1,0,0
544,58,150.215,2026-09-26T12:33:44.76,1,0,0
544,59,154.105,2026-09-26T12:36:18.865,1,0,0
544,60,148.024,2026-09-26T12:38:46.889,1,0,0
544,61,530.377,2026-09-26T12:47:37.266,8,1,0
544,62,210.764,2026-09-26T12:51:08.03,10,0,0
544,63,153.52,2026-09-26T12:53:41.55,10,0,0
544,64,160.484,2026-09-26T12:56:22.034,11,0,0
544,65,163.691,2026-09-26T12:59:05.725,11,0,0
544,66,648.801,2026-09-26T13:09:54.526,19,0,0
544,67,157.897,2026-09-26T13:12:32.423,19,0,0
544,68,157.817,2026-09-26T13:15:10.24,20,0,0
544,69,170.903,2026-09-26T13:18:01.143,19,0,0
544,70,187.876,2026-09-26T13:21:09.019,18,1,0
544,71,70958.726,2026-09-27T09:03:47.745,87,0,0
544,72,154.734,2026-09-27T09:06:22.479,87,0,0
544,73,149.42,2026-09-27T09:08:51.899,87,0,0
544,74,148.848,2026-09-27T09:11:20.747,86,0,0
544,75,151.849,2026-09-27T09:13:52.596,85,0,0
544,76,148.604,2026-09-27T09:16:21.2,84,0,0
544,77,145.78,2026-09-27T09:18:46.98,84,0,0
544,78,160.184,2026-09-27T09:21:27.164,84,0,0
544,79,197.707,2026-09-27T09:24:44.871,83,1,0
544,80,317.34,2026-09-27T09:30:02.211,83,0,0
544,81,146.543,2026-09-27T09:32:28.754,83,0,0
544,82,151.195,2026-09-27T09:34:59.949,83,0,0
544,83,151.022,2026-09-27T09:37:30.971,83,0,0
544,84,143.013,2026-09-27T09:39:53.984,83,0,0
544,85,149.667,2026-09-27T09:42:23.651,83,0,0
544,86,154.841,2026-09-27T09:44:58.492,83,0,0
544,87,149.005,2026-09-27T09:47:27.497,83,0,0
544,88,166.878,2026-09-27T09:50:14.375,83,0,0
544,89,171.061,2026-09-27T09:53:05.436,83,1,0
544,90,3527.679,2026-09-27T10:51:53.115,83,0,0
544,91,152.159,2026-09-27T10:54:25.274,83,0,0
544,92,154.22,2026-09-27T10:56:59.494,83,0,0
544,93,155.475,2026-09-27T10:59:34.969,83,0,0
544,94,213.016,2026-09-27T11:03:07.985,83,1,0
544,95,12580.237,2026-09-27T14:32:48.222,89,0,0
544,96,152.059,2026-09-27T14:35:20.281,89,0,0
544,97,148.224,2026-09-27T14:37:48.505,89,0,0
544,98,145.119,2026-09-27T14:40:13.624,89,0,0
544,99,143.963,2026-09-27T14:42:37.587,89,0,0
544,100,149.7,2026-09-27T14:45:07.287,89,0,0
544,101,148.136,2026-09-27T14:47:35.423,89,0,0
544,102,145.967,2026-09-27T14:50:01.39,89,0,0
544,103,150.826,2026-09-27T14:52:32.216,89,0,0
544,104,157.193,2026-09-27T14:55:09.409,89,0,0
544,105,158.171,2026-09-27T14:57:47.58,89,0,0
544,106,332.39,2026-09-27T15:03:19.97,89,1,0
544,107,212.971,2026-09-27T15:06:52.941,89,0,0
544,108,155.847,2026-09-27T15:09:28.788,89,0,0
544,109,160.479,2026-09-27T15:12:09.267,87,0,0
544,110,157.908,2026-09-27T15:14:47.175,87,0,0
544,111,159.69,2026-09-27T15:17:26.865,87,0,0
544,112,164.9,2026-09-27T15:20:11.765,86,0,0
544,113,160.758,2026-09-27T15:22:52.523,86,0,0
544,114,152.969,2026-09-27T15:25:25.492,86,0,0
544,115,154.269,2026-09-27T15:27:59.761,86,0,0
544,116,150.36,2026-09-27T15:30:30.121,86,0,0
900,1,802.668,2026-09-26T10:32:20.022,98,0,0
900,2,169.658,2026-09-26T10:35:09.68,97,0,0
900,3,171.799,2026-09-26T10:38:01.479,97,0,0
900,4,177.044,2026-09-26T10:40:58.523,97,0,0
900,5,191.241,2026-09-26T10:44:09.764,97,1,0
900,6,990.995,2026-09-26T11:00:40.759,97,0,0
900,7,191.123,2026-09-26T11:03:51.882,97,0,0
900,8,179.286,2026-09-26T11:06:51.168,96,0,0
900,9,198.702,2026-09-26T11:10:09.87,95,1,0
900,10,913.818,2026-09-26T11:25:23.688,91,0,0
900,11,218.411,2026-09-26T11:29:02.099,89,0,0
900,12,215.017,2026-09-26T11:32:37.116,90,0,0
900,13,218.558,2026-09-26T11:36:15.674,89,0,0
900,14,226.392,2026-09-26T11:40:02.066,89,1,0
900,15,1999.484,2026-09-26T12:13:21.55,92,0,0
900,16,222.499,2026-09-26T12:17:04.049,92,0,0
900,17,218.672,2026-09-26T12:20:42.721,91,0,0
900,18,214.711,2026-09-26T12:24:17.432,91,0,0
900,19,208.979,2026-09-26T12:27:46.411,91,0,0
900,20,223.987,2026-09-26T12:31:30.398,90,1,0
900,21,669.627,2026-09-26T12:42:40.025,90,0,0
900,22,175.118,2026-09-26T12:45:35.143,90,0,0
900,23,163.945,2026-09-26T12:48:19.088,90,0,0
900,24,161.085,2026-09-26T12:51:00.173,90,0,0
900,25,161.299,2026-09-26T12:53:41.472,90,0,0
900,26,166.328,2026-09-26T12:56:27.8,89,0,0
900,27,193.559,2026-09-26T12:59:41.359,89,0,0
900,28,166.672,2026-09-26T13:02:28.031,88,0,0
900,29,171.412,2026-09-26T13:05:19.443,88,0,0
900,30,170.011,2026-09-26T13:08:09.454,88,0,0
900,31,197.134,2026-09-26T13:11:26.588,88,1,0
900,32,1228.644,2026-09-26T13:31:55.232,89,0,0
900,33,173.788,2026-09-26T13:34:49.02,89,0,0
900,34,175.599,2026-09-26T13:37:44.619,88,0,0
900,35,173.259,2026-09-26T13:40:37.878,88,0,0
900,36,198.702,2026-09-26T13:43:56.58,88,1,0
900,37,7368.884,2026-09-26T15:46:45.464,92,0,0
900,38,215.57,2026-09-26T15:50:21.034,92,0,0
900,39,217.051,2026-09-26T15:53:58.085,92,0,0
900,40,209.082,2026-09-26T15:57:27.167,91,0,1
900,41,264.302,2026-09-26T16:01:51.469,91,1,1
900,42,941.984,2026-09-26T16:17:33.453,90,0,0
900,43,212.776,2026-09-26T16:21:06.229,90,0,0
900,44,214.88,2026-09-26T16:24:41.109,90,0,0
900,45,205.313,2026-09-26T16:28:06.422,89,0,0
900,46,203.642,2026-09-26T16:31:30.064,89,0,0
900,47,227.271,2026-09-26T16:35:17.335,89,1,0
900,48,1393.534,2026-09-26T16:58:30.869,89,0,0
900,49,163.955,2026-09-26T17:01:14.824,89,0,0
900,50,164.08,2026-09-26T17:03:58.904,89,0,0
900,51,160.898,2026-09-26T17:06:39.802,89,0,0
900,52,171.086,2026-09-26T17:09:30.888,89,0,0
900,53,66728.295,2026-09-27T11:41:39.183,95,0,0
900,54,167.206,2026-09-27T11:44:26.389,95,0,0
900,55,171.485,2026-09-27T11:47:17.874,95,0,0
900,56,165.397,2026-09-27T11:50:03.271,95,0,0
900,57,168.701,2026-09-27T11:52:51.972,94,0,0
900,58,166.855,2026-09-27T11:55:38.827,94,0,0
900,59,170.101,2026-09-27T11:58:28.928,94,0,0
900,60,163.623,2026-09-27T12:01:12.551,94,0,0
900,61,171.668,2026-09-27T12:04:04.219,94,0,0
900,62,182.564,2026-09-27T12:07:06.783,94,1,0
900,63,1078.189,2026-09-27T12:25:04.972,94,0,0
900,64,204.11,2026-09-27T12:28:29.082,94,0,0
900,65,198.68,2026-09-27T12:31:47.762,94,0,0
900,66,195.546,2026-09-27T12:35:03.308,94,0,0
900,67,192.311,2026-09-27T12:38:15.619,94,0,0
900,68,193.36,2026-09-27T12:41:28.979,94,0,0
900,69,214.633,2026-09-27T12:45:03.612,94,0,0
900,70,194.393,2026-09-27T12:48:18.005,94,0,0
900,71,184.699,2026-09-27T12:51:22.704,94,0,0
900,72,181.763,2026-09-27T12:54:24.467,94,0,0
900,73,181.274,2026-09-27T12:57:25.741,94,0,0
900,74,203.883,2026-09-27T13:00:49.624,93,1,0
900,75,730.23,2026-09-27T13:12:59.854,92,0,0
900,76,186.375,2026-09-27T13:16:06.229,90,0,0
900,77,186.027,2026-09-27T13:19:12.256,90,0,0
900,78,183.249,2026-09-27T13:22:15.505,90,0,0
900,79,181.719,2026-09-27T13:25:17.224,89,0,0
900,80,182.078,2026-09-27T13:28:19.302,89,0,0
900,81,181.549,2026-09-27T13:31:20.851,89,0,0
900,82,170.254,2026-09-27T13:34:11.105,89,0,0
900,83,169.726,2026-09-27T13:37:00.831,89,0,0
900,84,174.701,2026-09-27T13:39:55.532,89,0,0
900,85,172.704,2026-09-27T13:42:48.236,89,0,0
900,86,162.463,2026-09-27T13:45:30.699,89,0,0
900,87,160.479,2026-09-27T13:48:11.178,89,0,0
900,88,166.445,2026-09-27T13:50:57.623,89,0,0
900,89,174.742,2026-09-27T13:53:52.365,89,0,0
900,90,172.876,2026-09-27T13:56:45.241,89,0,0
900,91,172.636,2026-09-27T13:59:37.877,88,0,0
900,92,184.079,2026-09-27T14:02:41.956,88,1,0
900,93,848.027,2026-09-27T14:16:49.983,88,0,0
900,94,159.33,2026-09-27T14:19:29.313,88,0,0
900,95,150.012,2026-09-27T14:21:59.325,87,0,0
900,96,149.726,2026-09-27T14:24:29.051,87,0,0
900,97,157.734,2026-09-27T14:27:06.785,87,0,0
900,98,152.963,2026-09-27T14:29:39.748,87,0,0
900,99,153.445,2026-09-27T14:32:13.193,87,0,0
900,100,155.858,2026-09-27T14:34:49.051,87,0,0
900,101,148.777,2026-09-27T14:37:17.828,87,0,0
900,102,149.628,2026-09-27T14:39:47.456,87,0,0
900,103,153.445,2026-09-27T14:42:20.901,87,0,0
900,104,149.886,2026-09-27T14:44:50.787,87,0,0
900,105,147.555,2026-09-27T14:47:18.342,87,0,0
900,106,144.583,2026-09-27T14:49:42.925,87,0,0
900,107,157.437,2026-09-27T14:52:20.362,87,0,0
900,108,179.666,2026-09-27T14:55:20.028,87,1,0
900,109,1022.584,2026-09-27T15:12:22.612,88,0,0
900,110,172.783,2026-09-27T15:15:15.395,88,0,0
900,111,163.504,2026-09-27T15:17:58.899,88,0,0
900,112,161.273,2026-09-27T15:20:40.172,87,0,0
900,113,161.876,2026-09-27T15:23:22.048,87,0,0
900,114,167.731,2026-09-27T15:26:09.779,87,0,0
900,115,160.419,2026-09-27T15:28:50.198,87,0,0
900,116,160.187,2026-09-27T15:31:30.385,87,0,0
77,1,157.816,2026-09-26T10:06:34.491,51,0,0
77,2,177.139,2026-09-26T10:09:31.63,47,0,0
77,3,194.521,2026-09-26T10:12:46.151,47,0,0
77,4,169.965,2026-09-26T10:15:36.116,45,0,0
77,5,192.918,2026-09-26T10:18:49.034,40,0,0
77,6,173.735,2026-09-26T10:21:42.769,36,0,0
77,7,153.908,2026-09-26T10:24:16.677,36,0,0
77,8,6644.348,2026-09-26T12:15:01.025,99,0,0
77,9,163.422,2026-09-26T12:17:44.447,98,0,0
77,10,173.481,2026-09-26T12:20:37.928,96,0,0
77,11,161.969,2026-09-26T12:23:19.897,95,0,0
77,12,156.381,2026-09-26T12:25:56.278,95,0,0
77,13,160.222,2026-09-26T12:28:36.5,93,0,0
77,14,154.579,2026-09-26T12:31:11.079,93,0,0
77,15,151.054,2026-09-26T12:33:42.133,93,0,0
77,16,530.3,2026-09-26T12:42:32.433,94,1,0
77,17,8998.031,2026-09-26T15:12:30.464,95,0,0
77,18,191.742,2026-09-26T15:15:42.206,95,0,0
77,19,201.61,2026-09-26T15:19:03.816,95,0,0
77,20,173.82,2026-09-26T15:21:57.636,95,0,0
77,21,185.315,2026-09-26T15:25:02.951,95,0,0
77,22,172.787,2026-09-26T15:27:55.738,95,0,0
77,23,202.423,2026-09-26T15:31:18.161,95,0,0
77,24,220.103,2026-09-26T15:34:58.264,95,0,0
77,25,174.309,2026-09-26T15:37:52.573,95,0,0
77,26,177.185,2026-09-26T15:40:49.758,95,0,0
77,27,160.802,2026-09-26T15:43:30.56,95,0,0
77,28,530.35,2026-09-26T15:52:20.91,95,1,0
77,29,222.155,2026-09-26T15:56:03.065,95,0,1
77,30,272.814,2026-09-26T16:00:35.879,95,1,1
77,31,1507.756,2026-09-26T16:25:43.635,95,0,0
77,32,158.062,2026-09-26T16:28:21.697,94,0,0
77,33,159.029,2026-09-26T16:31:00.726,94,0,0
77,34,151.049,2026-09-26T16:33:31.775,94,0,0
77,35,204.515,2026-09-26T16:36:56.29,94,1,0
77,36,2127.044,2026-09-26T17:12:23.334,95,0,0
77,37,167.138,2026-09-26T17:15:10.472,95,0,0
77,38,170.968,2026-09-26T17:18:01.44,95,0,0
77,39,202.028,2026-09-26T17:21:23.468,95,1,0
77,40,517.221,2026-09-26T17:30:00.689,94,0,0
77,41,156.111,2026-09-26T17:32:36.8,94,0,0
77,42,155.926,2026-09-26T17:35:12.726,93,0,0
77,43,150.606,2026-09-26T17:37:43.332,93,0,0
77,44,55200.412,2026-09-27T08:57:43.744,93,0,0
77,45,170.429,2026-09-27T09:00:34.173,92,0,0
77,46,167.862,2026-09-27T09:03:22.035,92,0,0
77,47,154.815,2026-09-27T09:05:56.85,92,0,0
77,48,159.319,2026-09-27T09:08:36.169,92,0,0
77,49,274.73,2026-09-27T09:13:10.899,92,1,0
77,50,3612.312,2026-09-27T10:13:23.211,95,0,0
77,51,168.147,2026-09-27T10:16:11.358,94,0,0
77,52,165.894,2026-09-27T10:18:57.252,94,0,0
77,53,165.802,2026-09-27T10:21:43.054,93,0,0
77,54,167.259,2026-09-27T10:24:30.313,93,0,0
77,55,1226.981,2026-09-27T10:44:57.294,93,1,0
77,56,2448.535,2026-09-27T11:25:45.829,94,0,0
77,57,151.137,2026-09-27T11:28:16.966,93,0,0
77,58,155.605,2026-09-27T11:30:52.571,93,0,0
77,59,160.229,2026-09-27T11:33:32.8,93,0,0
77,60,171.879,2026-09-27T11:36:24.679,92,0,0
77,61,150.485,2026-09-27T11:38:55.164,92,0,0
77,62,144.661,2026-09-27T11:41:19.825,92,0,0
77,63,146.047,2026-09-27T11:43:45.872,92,0,0
77,64,159.618,2026-09-27T11:46:25.49,92,0,0
77,65,160.327,2026-09-27T11:49:05.817,92,0,0
77,66,148.573,2026-09-27T11:51:34.39,92,0,0
77,67,153.717,2026-09-27T11:54:08.107,92,0,0
77,68,168.919,2026-09-27T11:56:57.026,92,1,0
77,69,1801.935,2026-09-27T12:26:58.961,93,0,0
77,70,167.349,2026-09-27T12:29:46.31,93,0,0
77,71,159.614,2026-09-27T12:32:25.924,93,0,0
77,72,161.701,2026-09-27T12:35:07.625,93,0,0
77,73,529.364,2026-09-27T12:43:56.989,93,1,0
77,74,203.475,2026-09-27T12:47:20.464,92,0,0
77,75,155.96,2026-09-27T12:49:56.424,91,0,0
77,76,155.777,2026-09-27T12:52:32.201,89,0,0
77,77,154.57,2026-09-27T12:55:06.771,89,0,0
77,78,163.172,2026-09-27T12:57:49.943,89,0,0
77,79,158.027,2026-09-27T13:00:27.97,88,0,0
77,80,160.284,2026-09-27T13:03:08.254,88,0,0
77,81,176.412,2026-09-27T13:06:04.666,88,1,0
77,82,1207.56,2026-09-27T13:26:12.226,88,0,0
77,83,149.488,2026-09-27T13:28:41.714,88,0,0
77,84,148.865,2026-09-27T13:31:10.579,88,0,0
77,85,145.073,2026-09-27T13:33:35.652,88,0,0
77,86,145.122,2026-09-27T13:36:00.774,88,0,0
77,87,149.861,2026-09-27T13:38:30.635,88,0,0
77,88,151.248,2026-09-27T13:41:01.883,88,0,0
77,89,153.566,2026-09-27T13:43:35.449,88,0,0
77,90,166.286,2026-09-27T13:46:21.735,88,1,0
77,91,1769.316,2026-09-27T14:15:51.051,89,1,0
77,92,247.53,2026-09-27T14:19:58.581,89,0,0
77,93,154.255,2026-09-27T14:22:32.836,89,0,0
77,94,147.34,2026-09-27T14:25:00.176,89,0,0
77,95,146.377,2026-09-27T14:27:26.553,88,0,0
77,96,148.21,2026-09-27T14:29:54.763,88,0,0
77,97,153.424,2026-09-27T14:32:28.187,88,0,0
77,98,146.883,2026-09-27T14:34:55.07,88,0,0
77,99,154.88,2026-09-27T14:37:29.95,88,0,0
77,100,145.394,2026-09-27T14:39:55.344,88,0,0
77,101,148.911,2026-09-27T14:42:24.255,88,0,0
77,102,156.255,2026-09-27T14:45:00.51,88,0,0
77,103,144.684,2026-09-27T14:47:25.194,88,0,0
77,104,145.174,2026-09-27T14:49:50.368,88,0,0
77,105,150.334,2026-09-27T14:52:20.702,88,0,0
77,106,151.845,2026-09-27T14:54:52.547,88,0,0
77,107,148.825,2026-09-27T14:57:21.372,88,0,0
77,108,159.824,2026-09-27T15:00:01.196,88,1,0
77,109,872.573,2026-09-27T15:14:33.769,89,0,0
77,110,151.111,2026-09-27T15:17:04.88,89,0,0
77,111,151.401,2026-09-27T15:19:36.281,89,0,0
77,112,151.169,2026-09-27T15:22:07.45,88,0,0
77,113,145.107,2026-09-27T15:24:32.557,88,0,0
77,114,146.052,2026-09-27T15:26:58.609,88,0,0
77,115,151.436,2026-09-27T15:29:30.045,88,0,0
77,116,147.629,2026-09-27T15:31:57.674,88,0,0
707,1,172.541,2026-09-26T10:07:30.306,64,0,0
707,2,157.259,2026-09-26T10:10:07.565,63,0,0
707,3,185.149,2026-09-26T10:13:12.714,56,0,0
707,4,163.958,2026-09-26T10:15:56.672,56,0,0
707,5,192.517,2026-09-26T10:19:09.189,54,0,0
707,6,173.231,2026-09-26T10:22:02.42,48,0,0
707,7,162.426,2026-09-26T10:24:44.846,43,0,0
707,8,180.531,2026-09-26T10:27:45.377,52,1,0
707,9,1515.79,2026-09-26T10:53:01.167,91,1,0
707,10,2227.146,2026-09-26T11:30:08.313,93,0,0
707,11,163.666,2026-09-26T11:32:51.979,91,0,0
707,12,194.489,2026-09-26T11:36:06.468,91,1,0
707,13,7928.884,2026-09-26T13:48:15.352,95,0,0
707,14,161.763,2026-09-26T13:50:57.115,95,0,0
707,15,164.61,2026-09-26T13:53:41.725,95,0,0
707,16,168.114,2026-09-26T13:56:29.839,95,0,0
707,17,162.771,2026-09-26T13:59:12.61,93,0,0
707,18,157.667,2026-09-26T14:01:50.277,93,0,0
707,19,159.804,2026-09-26T14:04:30.081,93,0,0
707,20,155.747,2026-09-26T14:07:05.828,93,0,0
707,21,165.112,2026-09-26T14:09:50.94,92,0,0
707,22,160.506,2026-09-26T14:12:31.446,92,0,0
707,23,159.684,2026-09-26T14:15:11.13,92,0,0
707,24,161.312,2026-09-26T14:17:52.442,92,0,0
707,25,156.998,2026-09-26T14:20:29.44,92,0,0
707,26,160.568,2026-09-26T14:23:10.008,92,0,0
707,27,156.794,2026-09-26T14:25:46.802,92,0,0
707,28,156.112,2026-09-26T14:28:22.914,92,0,0
707,29,157.144,2026-09-26T14:31:00.058,92,0,0
707,30,159.68,2026-09-26T14:33:39.738,92,0,0
707,31,156.902,2026-09-26T14:36:16.64,92,0,0
707,32,157.047,2026-09-26T14:38:53.687,92,0,0
707,33,159.518,2026-09-26T14:41:33.205,92,0,0
707,34,154.027,2026-09-26T14:44:07.232,92,0,0
707,35,156.818,2026-09-26T14:46:44.05,92,0,0
707,36,185.335,2026-09-26T14:49:49.385,92,1,0
707,37,309.747,2026-09-26T14:54:59.132,91,0,0
707,38,172.398,2026-09-26T14:57:51.53,90,0,0
707,39,164.271,2026-09-26T15:00:35.801,90,0,0
707,40,168.593,2026-09-26T15:03:24.394,87,0,0
707,41,171.882,2026-09-26T15:06:16.276,87,0,0
707,42,172.224,2026-09-26T15:09:08.5,87,0,0
707,43,160.253,2026-09-26T15:11:48.753,87,0,0
707,44,670.115,2026-09-26T15:22:58.868,87,1,0
707,45,216.567,2026-09-26T15:26:35.435,86,0,0
707,46,172.572,2026-09-26T15:29:28.007,86,0,0
707,47,171.792,2026-09-26T15:32:19.799,86,0,0
707,48,197.297,2026-09-26T15:35:37.096,86,0,0
707,49,167.693,2026-09-26T15:38:24.789,86,0,0
707,50,158.727,2026-09-26T15:41:03.516,86,0,0
707,51,157.734,2026-09-26T15:43:41.25,86,0,0
707,52,166.792,2026-09-26T15:46:28.042,86,0,0
707,53,166.48,2026-09-26T15:49:14.522,86,0,0
707,54,178.123,2026-09-26T15:52:12.645,86,0,0
707,55,165.257,2026-09-26T15:54:57.902,86,0,0
707,56,176.251,2026-09-26T15:57:54.153,86,0,1
707,57,257.051,2026-09-26T16:02:11.204,85,0,1
707,58,231.013,2026-09-26T16:06:02.217,84,0,1
707,59,240.992,2026-09-26T16:10:03.209,83,0,1
707,60,244.991,2026-09-26T16:14:08.2,83,0,1
707,61,232.559,2026-09-26T16:18:00.759,83,0,0
707,62,176.287,2026-09-26T16:20:57.046,83,0,0
707,63,182.394,2026-09-26T16:23:59.44,83,1,0
707,64,524.321,2026-09-26T16:32:43.761,84,0,0
707,65,163.974,2026-09-26T16:35:27.735,84,0,0
707,66,158.564,2026-09-26T16:38:06.299,84,0,0
707,67,165.815,2026-09-26T16:40:52.114,83,0,0
707,68,164.888,2026-09-26T16:43:37.002,83,0,0
707,69,906.369,2026-09-26T16:58:43.371,85,1,0
707,70,215.069,2026-09-26T17:02:18.44,83,0,0
707,71,164.773,2026-09-26T17:05:03.213,82,0,0
707,72,158.661,2026-09-26T17:07:41.874,81,0,0
707,73,273.232,2026-09-26T17:12:15.106,80,1,0
707,74,56718.15,2026-09-27T08:57:33.256,83,0,0
707,75,171.847,2026-09-27T09:00:25.103,82,0,0
707,76,171.666,2026-09-27T09:03:16.769,81,0,0
707,77,158.627,2026-09-27T09:05:55.396,81,0,0
707,78,163.53,2026-09-27T09:08:38.926,81,0,0
707,79,155.852,2026-09-27T09:11:14.778,80,0,0
707,80,160.721,2026-09-27T09:13:55.499,80,0,0
707,81,163.743,2026-09-27T09:16:39.242,80,0,0
707,82,159.308,2026-09-27T09:19:18.55,80,0,0
707,83,165.945,2026-09-27T09:22:04.495,80,0,0
707,84,165.036,2026-09-27T09:24:49.531,80,0,0
707,85,161.685,2026-09-27T09:27:31.216,80,0,0
707,86,160.86,2026-09-27T09:30:12.076,80,0,0
707,87,164.266,2026-09-27T09:32:56.342,80,0,0
707,88,161.439,2026-09-27T09:35:37.781,80,0,0
707,89,153.557,2026-09-27T09:38:11.338,80,0,0
707,90,161.093,2026-09-27T09:40:52.431,80,0,0
707,91,172.605,2026-09-27T09:43:45.036,80,0,0
707,92,164.591,2026-09-27T09:46:29.627,80,0,0
707,93,159.884,2026-09-27T09:49:09.511,79,0,0
707,94,160.349,2026-09-27T09:51:49.86,79,0,0
707,95,155.046,2026-09-27T09:54:24.906,79,0,0
707,96,158.797,2026-09-27T09:57:03.703,79,0,0
707,97,158.816,2026-09-27T09:59:42.519,79,0,0
707,98,157.542,2026-09-27T10:02:20.061,78,0,0
707,99,160.576,2026-09-27T10:05:00.637,78,0,0
707,100,157.861,2026-09-27T10:07:38.498,78,0,0
707,101,162.394,2026-09-27T10:10:20.892,78,0,0
707,102,156.505,2026-09-27T10:12:57.397,78,0,0
707,103,155.127,2026-09-27T10:15:32.524,78,0,0
707,104,156.174,2026-09-27T10:18:08.698,78,0,0
707,105,158.799,2026-09-27T10:20:47.497,78,0,0
707,106,154.644,2026-09-27T10:23:22.141,78,0,0
707,107,1192.74,2026-09-27T10:43:14.881,78,0,0
707,108,159.624,2026-09-27T10:45:54.505,78,0,0
707,109,166.141,2026-09-27T10:48:40.646,78,0,0
707,110,169.901,2026-09-27T10:51:30.547,78,0,0
707,111,191.009,2026-09-27T10:54:41.556,78,1,0
36,1,175.999,2026-09-26T10:07:31.488,65,0,0
36,2,168.579,2026-09-26T10:10:20.067,68,0,0
36,3,178.656,2026-09-26T10:13:18.723,64,0,0
36,4,168.953,2026-09-26T10:16:07.676,62,0,0
36,5,191.735,2026-09-26T10:19:19.411,58,0,0
36,6,175.179,2026-09-26T10:22:14.59,58,0,0
36,7,194.957,2026-09-26T10:25:29.547,62,1,0
36,8,293.385,2026-09-26T10:30:22.932,73,0,0
36,9,160.359,2026-09-26T10:33:03.291,71,0,0
36,10,162.876,2026-09-26T10:35:46.167,69,0,0
36,11,174.684,2026-09-26T10:38:40.851,63,0,0
36,12,165.338,2026-09-26T10:41:26.189,60,0,0
36,13,169.125,2026-09-26T10:44:15.314,58,0,0
36,14,160.302,2026-09-26T10:46:55.616,56,0,0
36,15,157.541,2026-09-26T10:49:33.157,51,0,0
36,16,168.329,2026-09-26T10:52:21.486,49,0,0
36,17,156.28,2026-09-26T10:54:57.766,47,0,0
36,18,165.452,2026-09-26T10:57:43.218,46,0,0
36,19,184.003,2026-09-26T11:00:47.221,43,0,0
36,20,157.766,2026-09-26T11:03:24.987,43,0,0
36,21,155.944,2026-09-26T11:06:00.931,42,0,0
36,22,163.654,2026-09-26T11:08:44.585,41,0,0
36,23,168.998,2026-09-26T11:11:33.583,39,0,0
36,24,156.593,2026-09-26T11:14:10.176,39,0,0
36,25,1300.894,2026-09-26T11:35:51.07,71,1,0
36,26,218.862,2026-09-26T11:39:29.932,71,0,0
36,27,170.557,2026-09-26T11:42:20.489,70,0,0
36,28,166.439,2026-09-26T11:45:06.928,69,0,0
36,29,176.907,2026-09-26T11:48:03.835,69,0,0
36,30,173.185,2026-09-26T11:50:57.02,67,0,0
36,31,163.022,2026-09-26T11:53:40.042,67,0,0
36,32,162.299,2026-09-26T11:56:22.341,65,0,0
36,33,165.533,2026-09-26T11:59:07.874,63,0,0
36,34,160.961,2026-09-26T12:01:48.835,61,0,0
36,35,164.008,2026-09-26T12:04:32.843,61,0,0
36,36,171.994,2026-09-26T12:07:24.837,60,0,0
36,37,160.514,2026-09-26T12:10:05.351,57,0,0
36,38,161.973,2026-09-26T12:12:47.324,56,0,0
36,39,170.955,2026-09-26T12:15:38.279,57,0,0
36,40,13106.523,2026-09-26T15:54:04.802,90,0,0
36,41,177.037,2026-09-26T15:57:01.839,90,0,1
36,42,274.763,2026-09-26T16:01:36.602,89,0,1
36,43,214.18,2026-09-26T16:05:10.782,89,0,1
36,44,249.512,2026-09-26T16:09:20.294,89,0,1
36,45,228.47,2026-09-26T16:13:08.764,88,0,1
36,46,255.216,2026-09-26T16:17:23.98,88,0,0
36,47,174.976,2026-09-26T16:20:18.956,88,0,0
36,48,162.182,2026-09-26T16:23:01.138,88,0,0
36,49,153.832,2026-09-26T16:25:34.97,88,0,0
36,50,152.168,2026-09-26T16:28:07.138,88,0,0
36,51,156.746,2026-09-26T16:30:43.884,88,0,0
36,52,153.343,2026-09-26T16:33:17.227,88,0,0
36,53,153.907,2026-09-26T16:35:51.134,88,0,0
36,54,150.41,2026-09-26T16:38:21.544,88,0,0
36,55,482.627,2026-09-26T16:46:24.171,88,1,0
36,56,193.435,2026-09-26T16:49:37.606,88,0,0
36,57,153.272,2026-09-26T16:52:10.878,87,0,0
36,58,157.172,2026-09-26T16:54:48.05,87,0,0
36,59,152.965,2026-09-26T16:57:21.015,87,0,0
36,60,149.95,2026-09-26T16:59:50.965,87,0,0
36,61,151.5,2026-09-26T17:02:22.465,87,0,0
36,62,156.911,2026-09-26T17:04:59.376,87,0,0
36,63,154.576,2026-09-26T17:07:33.952,87,0,0
36,64,160.462,2026-09-26T17:10:14.414,87,0,0
36,65,164.468,2026-09-26T17:12:58.882,87,0,0
36,66,155.722,2026-09-26T17:15:34.604,87,0,0
36,67,160.941,2026-09-26T17:18:15.545,87,0,0
36,68,167.351,2026-09-26T17:21:02.896,87,0,0
36,69,150.234,2026-09-26T17:23:33.13,87,0,0
36,70,149.918,2026-09-26T17:26:03.048,86,0,0
36,71,158.337,2026-09-26T17:28:41.385,84,0,0
36,72,151.318,2026-09-26T17:31:12.703,83,0,0
36,73,153.667,2026-09-26T17:33:46.37,82,0,0
36,74,342.015,2026-09-26T17:39:28.385,81,1,0
36,75,743.275,2026-09-26T17:51:51.66,81,0,1
36,76,217.443,2026-09-26T17:55:29.103,80,0,1
36,77,217.961,2026-09-26T17:59:07.064,80,0,1
36,78,235.383,2026-09-26T18:03:02.447,80,0,1
96,1,178.368,2026-09-26T10:07:38.224,72,0,0
96,2,162.959,2026-09-26T10:10:21.183,70,0,0
96,3,179.229,2026-09-26T10:13:20.412,65,0,0
96,4,169.08,2026-09-26T10:16:09.492,63,0,0
96,5,193.991,2026-09-26T10:19:23.483,61,0,0
96,6,173.66,2026-09-26T10:22:17.143,60,0,0
96,7,167.174,2026-09-26T10:25:04.317,58,0,0
96,8,168.546,2026-09-26T10:27:52.863,54,0,0
96,9,166.234,2026-09-26T10:30:39.097,50,0,0
96,10,161.847,2026-09-26T10:33:20.944,47,0,0
96,11,155.975,2026-09-26T10:35:56.919,46,0,0
96,12,168.992,2026-09-26T10:38:45.911,45,0,0
96,13,167.836,2026-09-26T10:41:33.747,45,0,0
96,14,167.636,2026-09-26T10:44:21.383,42,0,0
96,15,165.025,2026-09-26T10:47:06.408,42,0,0
96,16,158.495,2026-09-26T10:49:44.903,40,0,0
96,17,159.61,2026-09-26T10:52:24.513,36,0,0
96,18,155.567,2026-09-26T10:55:00.08,34,0,0
96,19,164.226,2026-09-26T10:57:44.306,32,0,0
96,20,223.945,2026-09-26T11:01:28.251,39,1,0
96,21,188.553,2026-09-26T11:04:36.804,38,0,0
96,22,152.447,2026-09-26T11:07:09.251,37,0,0
96,23,678.057,2026-09-26T11:18:27.308,54,1,0
96,24,239.599,2026-09-26T11:22:26.907,56,0,0
96,25,193.585,2026-09-26T11:25:40.492,55,0,0
96,26,185.633,2026-09-26T11:28:46.125,54,0,0
96,27,181.543,2026-09-26T11:31:47.668,55,0,0
96,28,191.563,2026-09-26T11:34:59.231,56,0,0
96,29,183.909,2026-09-26T11:38:03.14,55,0,0
96,30,178.586,2026-09-26T11:41:01.726,54,0,0
96,31,183.249,2026-09-26T11:44:04.975,55,0,0
96,32,191.47,2026-09-26T11:47:16.445,56,1,0
96,33,697.762,2026-09-26T11:58:54.207,61,0,0
96,34,171.336,2026-09-26T12:01:45.543,60,0,0
96,35,169.399,2026-09-26T12:04:34.942,62,0,0
96,36,180.086,2026-09-26T12:07:35.028,62,0,0
96,37,177.09,2026-09-26T12:10:32.118,61,0,0
96,38,757.546,2026-09-26T12:23:09.664,64,1,0
96,39,238.832,2026-09-26T12:27:08.496,64,0,0
96,40,181.573,2026-09-26T12:30:10.069,62,0,0
96,41,170.941,2026-09-26T12:33:01.01,60,0,0
96,42,170.405,2026-09-26T12:35:51.415,59,0,0
96,43,8520.269,2026-09-26T14:57:51.684,86,0,0
96,44,229.08,2026-09-26T15:01:40.764,86,0,0
96,45,221.457,2026-09-26T15:05:22.221,85,0,0
96,46,226.161,2026-09-26T15:09:08.382,85,0,0
96,47,219.0,2026-09-26T15:12:47.382,85,0,0
96,48,216.312,2026-09-26T15:16:23.694,85,0,0
96,49,218.091,2026-09-26T15:20:01.785,85,0,0
96,50,207.112,2026-09-26T15:23:28.897,84,0,0
96,51,213.298,2026-09-26T15:27:02.195,84,0,0
96,52,242.989,2026-09-26T15:31:05.184,84,0,0
96,53,246.586,2026-09-26T15:35:11.77,84,0,0
96,54,197.732,2026-09-26T15:38:29.502,84,0,0
96,55,204.443,2026-09-26T15:41:53.945,84,0,0
96,56,205.613,2026-09-26T15:45:19.558,84,0,0
96,57,207.551,2026-09-26T15:48:47.109,83,0,0
96,58,1833.7,2026-09-26T16:19:20.809,85,0,0
96,59,155.365,2026-09-26T16:21:56.174,85,0,0
96,60,154.29,2026-09-26T16:24:30.464,85,0,0
96,61,166.216,2026-09-26T16:27:16.68,85,0,0
96,62,153.671,2026-09-26T16:29:50.351,85,0,0
96,63,162.432,2026-09-26T16:32:32.783,85,0,0
96,64,152.956,2026-09-26T16:35:05.739,85,0,0
96,65,153.202,2026-09-26T16:37:38.941,85,0,0
96,66,171.005,2026-09-26T16:40:29.946,85,0,0
96,67,158.591,2026-09-26T16:43:08.537,85,0,0
96,68,161.091,2026-09-26T16:45:49.628,84,0,0
96,69,166.488,2026-09-26T16:48:36.116,82,0,0
96,70,154.83,2026-09-26T16:51:10.946,81,0,0
96,71,162.043,2026-09-26T16:53:52.989,80,0,0
96,72,160.246,2026-09-26T16:56:33.235,80,0,0
96,73,155.346,2026-09-26T16:59:08.581,79,0,0
96,74,177.353,2026-09-26T17:02:05.934,79,1,0
96,75,462.89,2026-09-26T17:09:48.824,78,1,0
5,1,210.294,2026-09-26T10:08:22.853,80,0,0
5,2,214.883,2026-09-26T10:11:57.736,80,0,0
5,3,230.235,2026-09-26T10:15:47.971,79,1,0
5,4,801.42,2026-09-26T10:29:09.391,93,0,0
5,5,175.098,2026-09-26T10:32:04.489,93,0,0
5,6,177.588,2026-09-26T10:35:02.077,91,0,0
5,7,163.799,2026-09-26T10:37:45.876,91,0,0
5,8,165.905,2026-09-26T10:40:31.781,89,0,0
5,9,174.442,2026-09-26T10:43:26.223,87,0,0
5,10,165.644,2026-09-26T10:46:11.867,82,0,0
5,11,172.736,2026-09-26T10:49:04.603,76,0,0
5,12,170.05,2026-09-26T10:51:54.653,75,0,0
5,13,175.549,2026-09-26T10:54:50.202,74,0,0
5,14,169.498,2026-09-26T10:57:39.7,73,0,0
5,15,183.622,2026-09-26T11:00:43.322,72,0,0
5,16,159.652,2026-09-26T11:03:22.974,72,0,0
5,17,170.79,2026-09-26T11:06:13.764,71,0,0
5,18,160.485,2026-09-26T11:08:54.249,72,0,0
5,19,165.861,2026-09-26T11:11:40.11,72,0,0
5,20,170.519,2026-09-26T11:14:30.629,72,0,0
5,21,12950.455,2026-09-26T14:50:21.084,93,0,0
5,22,198.673,2026-09-26T14:53:39.757,93,0,0
5,23,253.073,2026-09-26T14:57:52.83,93,0,0
5,24,278.783,2026-09-26T15:02:31.613,93,0,0
5,25,286.026,2026-09-26T15:07:17.639,93,1,0
5,26,1433.077,2026-09-26T15:31:10.716,94,0,0
5,27,243.787,2026-09-26T15:35:14.503,94,0,0
5,28,191.271,2026-09-26T15:38:25.774,94,0,0
5,29,194.87,2026-09-26T15:41:40.644,94,0,0
5,30,188.538,2026-09-26T15:44:49.182,94,0,0
5,31,190.832,2026-09-26T15:48:00.014,94,0,0
5,32,3723.094,2026-09-26T16:50:03.108,95,0,0
5,33,177.307,2026-09-26T16:53:00.415,95,0,0
5,34,180.846,2026-09-26T16:56:01.261,95,0,0
5,35,179.85,2026-09-26T16:59:01.111,95,0,0
5,36,184.616,2026-09-26T17:02:05.727,94,0,0
5,37,189.297,2026-09-26T17:05:15.024,94,0,0
5,38,187.359,2026-09-26T17:08:22.383,94,0,0
5,39,202.499,2026-09-26T17:11:44.882,94,0,0
5,40,184.195,2026-09-26T17:14:49.077,93,0,0
5,41,196.13,2026-09-26T17:18:05.207,93,0,0
5,42,194.425,2026-09-26T17:21:19.632,92,0,0
5,43,196.907,2026-09-26T17:24:36.539,92,0,0
5,44,184.259,2026-09-26T17:27:40.798,92,0,0
5,45,181.865,2026-09-26T17:30:42.663,91,0,0
5,46,182.057,2026-09-26T17:33:44.72,91,0,0
5,47,181.748,2026-09-26T17:36:46.468,91,0,0
5,48,187.709,2026-09-26T17:39:54.177,91,0,0
5,49,194.16,2026-09-26T17:43:08.337,91,0,0
5,50,213.04,2026-09-26T17:46:41.377,90,0,0
5,51,245.983,2026-09-26T17:50:47.36,90,1,1
5,52,55353.665,2026-09-27T09:13:21.025,91,0,0
5,53,187.118,2026-09-27T09:16:28.143,90,0,0
5,54,185.885,2026-09-27T09:19:34.028,90,0,0
5,55,192.707,2026-09-27T09:22:46.735,90,0,0
5,56,191.979,2026-09-27T09:25:58.714,90,0,0
5,57,185.456,2026-09-27T09:29:04.17,89,0,0
5,58,177.661,2026-09-27T09:32:01.831,89,0,0
5,59,177.658,2026-09-27T09:34:59.489,89,0,0
5,60,185.597,2026-09-27T09:38:05.086,89,0,0
5,61,179.834,2026-09-27T09:41:04.92,89,0,0
5,62,183.203,2026-09-27T09:44:08.123,89,0,0
5,63,187.507,2026-09-27T09:47:15.63,89,0,0
5,64,185.769,2026-09-27T09:50:21.399,89,0,0
5,65,172.326,2026-09-27T09:53:13.725,89,0,0
5,66,173.652,2026-09-27T09:56:07.377,89,0,0
5,67,173.534,2026-09-27T09:59:00.911,89,0,0
5,68,174.468,2026-09-27T10:01:55.379,89,0,0
5,69,177.859,2026-09-27T10:04:53.238,89,0,0
5,70,174.226,2026-09-27T10:07:47.464,89,0,0
5,71,173.095,2026-09-27T10:10:40.559,89,0,0
5,72,174.851,2026-09-27T10:13:35.41,88,0,0
5,73,172.865,2026-09-27T10:16:28.275,88,0,0
5,74,171.96,2026-09-27T10:19:20.235,87,0,0
5,75,173.177,2026-09-27T10:22:13.412,86,0,0
78,1,167.426,2026-09-26T10:07:02.489,58,0,0
78,2,158.561,2026-09-26T10:09:41.05,57,0,0
78,3,184.558,2026-09-26T10:12:45.608,46,0,0
78,4,166.927,2026-09-26T10:15:32.535,42,0,0
78,5,190.437,2026-09-26T10:18:42.972,37,0,0
78,6,178.692,2026-09-26T10:21:41.664,35,0,0
78,7,149.26,2026-09-26T10:24:10.924,34,0,0
78,8,153.715,2026-09-26T10:26:44.639,34,0,0
78,9,159.922,2026-09-26T10:29:24.561,33,0,0
78,10,162.781,2026-09-26T10:32:07.342,32,0,0
78,11,164.046,2026-09-26T10:34:51.388,29,0,0
78,12,157.077,2026-09-26T10:37:28.465,28,0,0
78,13,163.747,2026-09-26T10:40:12.212,29,0,0
78,14,188.671,2026-09-26T10:43:20.883,28,0,0
78,15,168.721,2026-09-26T10:46:09.604,31,0,0
78,16,172.814,2026-09-26T10:49:02.418,30,0,0
78,17,170.005,2026-09-26T10:51:52.423,31,0,0
78,18,171.736,2026-09-26T10:54:44.159,31,0,0
78,19,173.09,2026-09-26T10:57:37.249,31,0,0
78,20,192.219,2026-09-26T11:00:49.468,32,0,0
78,21,172.644,2026-09-26T11:03:42.112,32,0,0
78,22,167.895,2026-09-26T11:06:30.007,34,0,0
78,23,162.532,2026-09-26T11:09:12.539,33,0,0
78,24,168.676,2026-09-26T11:12:01.215,34,0,0
78,25,167.932,2026-09-26T11:14:49.147,34,0,0
78,26,177.878,2026-09-26T11:17:47.025,34,0,0
78,27,165.924,2026-09-26T11:20:32.949,32,0,0
78,28,172.064,2026-09-26T11:23:25.013,32,0,0
78,29,164.525,2026-09-26T11:26:09.538,32,0,0
78,30,168.616,2026-09-26T11:28:58.154,32,0,0
78,31,171.287,2026-09-26T11:31:49.441,33,0,0
78,32,183.238,2026-09-26T11:34:52.679,32,0,0
78,33,172.201,2026-09-26T11:37:44.88,33,0,0
78,34,174.428,2026-09-26T11:40:39.308,32,0,0
78,35,179.038,2026-09-26T11:43:38.346,30,0,0
78,36,170.749,2026-09-26T11:46:29.095,29,0,0
78,37,172.518,2026-09-26T11:49:21.613,29,0,0
78,38,175.034,2026-09-26T11:52:16.647,29,0,0
78,39,163.927,2026-09-26T11:55:00.574,27,0,0
78,40,167.794,2026-09-26T11:57:48.368,26,0,0
78,41,169.789,2026-09-26T12:00:38.157,24,0,0
78,42,166.555,2026-09-26T12:03:24.712,22,0,0
78,43,170.118,2026-09-26T12:06:14.83,21,0,0
78,44,171.116,2026-09-26T12:09:05.946,21,0,0
78,45,166.417,2026-09-26T12:11:52.363,21,0,0
78,46,175.513,2026-09-26T12:14:47.876,21,0,0
78,47,173.991,2026-09-26T12:17:41.867,22,0,0
78,48,187.667,2026-09-26T12:20:49.534,22,0,0
78,49,175.084,2026-09-26T12:23:44.618,21,0,0
78,50,171.659,2026-09-26T12:26:36.277,21,0,0
78,51,170.69,2026-09-26T12:29:26.967,20,0,0
78,52,180.906,2026-09-26T12:32:27.873,20,0,0
78,53,174.794,2026-09-26T12:35:22.667,20,0,0
78,54,173.235,2026-09-26T12:38:15.902,20,0,0
78,55,167.131,2026-09-26T12:41:03.033,20,0,0
78,56,172.133,2026-09-26T12:43:55.166,22,0,0
78,57,188.546,2026-09-26T12:47:03.712,22,1,0
78,58,922.42,2026-09-26T13:02:26.132,37,0,0
78,59,170.57,2026-09-26T13:05:16.702,35,0,0
78,60,169.314,2026-09-26T13:08:06.016,35,0,0
78,61,177.01,2026-09-26T13:11:03.026,35,0,0
78,62,166.241,2026-09-26T13:13:49.267,36,0,0
78,63,164.333,2026-09-26T13:16:33.6,35,0,0
78,64,181.456,2026-09-26T13:19:35.056,35,0,0
78,65,164.264,2026-09-26T13:22:19.32,35,0,0
78,66,164.479,2026-09-26T13:25:03.799,35,0,0
78,67,164.166,2026-09-26T13:27:47.965,35,0,0
78,68,177.846,2026-09-26T13:30:45.811,33,0,0
78,69,175.389,2026-09-26T13:33:41.2,34,0,0
78,70,177.604,2026-09-26T13:36:38.804,34,0,0
78,71,183.437,2026-09-26T13:39:42.241,32,0,0
78,72,177.146,2026-09-26T13:42:39.387,32,0,0
78,73,174.054,2026-09-26T13:45:33.441,31,0,0
78,74,215.244,2026-09-26T13:49:08.685,29,1,0
170,1,175.77,2026-09-26T10:04:52.673,7,0,0
170,2,192.138,2026-09-26T10:08:04.811,13,0,0
170,3,166.107,2026-09-26T10:10:50.918,12,0,0
170,4,207.22,2026-09-26T10:14:18.138,18,0,0
170,5,178.254,2026-09-26T10:17:16.392,19,0,0
170,6,173.229,2026-09-26T10:20:09.621,18,0,0
170,7,184.602,2026-09-26T10:23:14.223,18,0,0
170,8,162.548,2026-09-26T10:25:56.771,18,0,0
170,9,153.218,2026-09-26T10:28:29.989,19,0,0
170,10,150.341,2026-09-26T10:31:00.33,18,0,0
170,11,156.721,2026-09-26T10:33:37.051,18,0,0
170,12,160.018,2026-09-26T10:36:17.069,18,0,0
170,13,166.846,2026-09-26T10:39:03.915,19,0,0
170,14,174.382,2026-09-26T10:41:58.297,19,0,0
170,15,159.869,2026-09-26T10:44:38.166,19,0,0
170,16,155.505,2026-09-26T10:47:13.671,19,0,0
170,17,155.011,2026-09-26T10:49:48.682,18,0,0
170,18,509.494,2026-09-26T10:58:18.176,49,1,0
170,19,203.145,2026-09-26T11:01:41.321,48,0,0
170,20,172.492,2026-09-26T11:04:33.813,49,0,0
170,21,172.103,2026-09-26T11:07:25.916,47,0,0
170,22,170.624,2026-09-26T11:10:16.54,45,0,0
170,23,168.681,2026-09-26T11:13:05.221,42,0,0
170,24,168.182,2026-09-26T11:15:53.403,42,0,0
170,25,175.135,2026-09-26T11:18:48.538,41,0,0
170,26,171.662,2026-09-26T11:21:40.2,40,0,0
170,27,166.948,2026-09-26T11:24:27.148,39,0,0
170,28,166.549,2026-09-26T11:27:13.697,39,0,0
170,29,174.623,2026-09-26T11:30:08.32,39,0,0
170,30,171.196,2026-09-26T11:32:59.516,39,0,0
170,31,173.138,2026-09-26T11:35:52.654,40,0,0
170,32,171.33,2026-09-26T11:38:43.984,40,0,0
170,33,167.424,2026-09-26T11:41:31.408,39,0,0
170,34,189.0,2026-09-26T11:44:40.408,38,0,0
170,35,190.17,2026-09-26T11:47:50.578,36,0,0
170,36,307.548,2026-09-26T11:52:58.126,41,1,0
170,37,1089.677,2026-09-26T12:11:07.803,63,0,0
170,38,12627.376,2026-09-26T15:41:35.179,91,0,0
170,39,170.129,2026-09-26T15:44:25.308,91,0,0
170,40,168.754,2026-09-26T15:47:14.062,89,0,0
170,41,171.419,2026-09-26T15:50:05.481,89,0,0
170,42,195.93,2026-09-26T15:53:21.411,88,0,0
170,43,178.19,2026-09-26T15:56:19.601,88,0,1
170,44,295.69,2026-09-26T16:01:15.291,88,0,1
170,45,227.19,2026-09-26T16:05:02.481,87,0,1
170,46,240.853,2026-09-26T16:09:03.334,87,0,1
170,47,234.686,2026-09-26T16:12:58.02,87,0,1
170,48,260.683,2026-09-26T16:17:18.703,87,0,0
170,49,180.459,2026-09-26T16:20:19.162,87,0,0
170,50,175.294,2026-09-26T16:23:14.456,87,0,0
170,51,163.345,2026-09-26T16:25:57.801,87,0,0
170,52,165.639,2026-09-26T16:28:43.44,87,0,0
170,53,164.962,2026-09-26T16:31:28.402,87,0,0
170,54,172.29,2026-09-26T16:34:20.692,87,0,0
170,55,168.195,2026-09-26T16:37:08.887,87,0,0
170,56,167.483,2026-09-26T16:39:56.37,87,0,0
170,57,192.265,2026-09-26T16:43:08.635,86,1,0
170,58,479.369,2026-09-26T16:51:08.004,86,0,0
170,59,182.285,2026-09-26T16:54:10.289,86,0,0
170,60,165.226,2026-09-26T16:56:55.515,86,0,0
170,61,176.041,2026-09-26T16:59:51.556,86,0,0
170,62,171.285,2026-09-26T17:02:42.841,86,0,0
170,63,168.152,2026-09-26T17:05:30.993,86,0,0
170,64,171.611,2026-09-26T17:08:22.604,86,0,0
170,65,193.711,2026-09-26T17:11:36.315,86,0,0
170,66,186.678,2026-09-26T17:14:42.993,86,0,0
170,67,176.034,2026-09-26T17:17:39.027,86,0,0
170,68,171.09,2026-09-26T17:20:30.117,86,0,0
170,69,166.296,2026-09-26T17:23:16.413,86,0,0
170,70,164.675,2026-09-26T17:26:01.088,85,0,0
170,71,170.956,2026-09-26T17:28:52.044,85,0,0
170,72,180.787,2026-09-26T17:31:52.831,84,1,0
170,73,1782.084,2026-09-26T18:01:34.915,84,0,1
129,1,200.541,2026-09-26T10:06:00.051,45,0,0
129,2,199.624,2026-09-26T10:09:19.675,46,0,0
129,3,694.989,2026-09-26T10:20:54.664,90,0,0
129,4,178.931,2026-09-26T10:23:53.595,90,0,0
129,5,168.355,2026-09-26T10:26:41.95,90,0,0
129,6,685.009,2026-09-26T10:38:06.959,94,0,0
129,7,175.096,2026-09-26T10:41:02.055,93,0,0
129,8,176.117,2026-09-26T10:43:58.172,91,0,0
129,9,171.41,2026-09-26T10:46:49.582,89,0,0
129,10,166.564,2026-09-26T10:49:36.146,84,0,0
129,11,168.187,2026-09-26T10:52:24.333,78,0,0
129,12,158.387,2026-09-26T10:55:02.72,78,0,0
129,13,163.393,2026-09-26T10:57:46.113,77,0,0
129,14,185.368,2026-09-26T11:00:51.481,76,0,0
129,15,166.667,2026-09-26T11:03:38.148,75,0,0
129,16,159.921,2026-09-26T11:06:18.069,75,0,0
129,17,160.305,2026-09-26T11:08:58.374,74,0,0
129,18,164.413,2026-09-26T11:11:42.787,74,0,0
129,19,178.074,2026-09-26T11:14:40.861,73,0,0
129,20,176.123,2026-09-26T11:17:36.984,73,0,0
129,21,166.523,2026-09-26T11:20:23.507,72,0,0
129,22,174.749,2026-09-26T11:23:18.256,73,0,0
129,23,168.224,2026-09-26T11:26:06.48,70,0,0
129,24,347.263,2026-09-26T11:31:53.743,71,1,0
129,25,218.931,2026-09-26T11:35:32.674,70,0,0
129,26,178.819,2026-09-26T11:38:31.493,70,0,0
129,27,938.462,2026-09-26T11:54:09.955,79,0,0
129,28,182.703,2026-09-26T11:57:12.658,77,0,0
129,29,176.468,2026-09-26T12:00:09.126,77,0,0
129,30,171.459,2026-09-26T12:03:00.585,76,0,0
129,31,180.187,2026-09-26T12:06:00.772,76,0,0
129,32,165.594,2026-09-26T12:08:46.366,75,0,0
129,33,168.096,2026-09-26T12:11:34.462,73,0,0
129,34,172.2,2026-09-26T12:14:26.662,72,0,0
129,35,172.513,2026-09-26T12:17:19.175,70,0,0
129,36,195.231,2026-09-26T12:20:34.406,70,0,0
129,37,188.318,2026-09-26T12:23:42.724,68,0,0
129,38,182.069,2026-09-26T12:26:44.793,67,0,0
129,39,178.645,2026-09-26T12:29:43.438,66,0,0
129,40,172.952,2026-09-26T12:32:36.39,65,0,0
129,41,178.538,2026-09-26T12:35:34.928,63,0,0
129,42,177.781,2026-09-26T12:38:32.709,62,0,0
129,43,170.013,2026-09-26T12:41:22.722,60,0,0
129,44,167.707,2026-09-26T12:44:10.429,59,0,0
129,45,166.837,2026-09-26T12:46:57.266,58,0,0
129,46,167.153,2026-09-26T12:49:44.419,57,0,0
129,47,168.682,2026-09-26T12:52:33.101,57,0,0
129,48,169.919,2026-09-26T12:55:23.02,57,0,0
129,49,164.406,2026-09-26T12:58:07.426,56,0,0
129,50,156.455,2026-09-26T13:00:43.881,54,0,0
129,51,169.188,2026-09-26T13:03:33.069,54,0,0
129,52,1381.518,2026-09-26T13:26:34.587,59,1,0
129,53,212.919,2026-09-26T13:30:07.506,62,0,0
129,54,201.578,2026-09-26T13:33:29.084,63,0,0
129,55,186.399,2026-09-26T13:36:35.483,62,0,0
129,56,202.116,2026-09-26T13:39:57.599,62,1,0
129,57,93024.888,2026-09-27T15:30:22.487,95,0,0
61,1,174.659,2026-09-26T10:07:37.212,71,0,0
61,2,162.696,2026-09-26T10:10:19.908,67,0,0
61,3,177.452,2026-09-26T10:13:17.36,63,0,0
61,4,167.477,2026-09-26T10:16:04.837,61,0,0
61,5,188.121,2026-09-26T10:19:12.958,57,0,0
61,6,178.101,2026-09-26T10:22:11.059,55,0,0
61,7,157.691,2026-09-26T10:24:48.75,48,0,0
61,8,156.872,2026-09-26T10:27:25.622,42,0,0
61,9,164.796,2026-09-26T10:30:10.418,40,0,0
61,10,169.78,2026-09-26T10:33:00.198,43,0,0
61,11,173.062,2026-09-26T10:35:53.26,45,0,0
61,12,169.037,2026-09-26T10:38:42.297,43,0,0
61,13,168.046,2026-09-26T10:41:30.343,43,0,0
61,14,187.92,2026-09-26T10:44:38.263,45,1,0
61,15,542.805,2026-09-26T10:53:41.068,61,0,0
61,16,154.382,2026-09-26T10:56:15.45,59,0,0
61,17,157.836,2026-09-26T10:58:53.286,57,0,0
61,18,153.719,2026-09-26T11:01:27.005,55,0,0
61,19,155.093,2026-09-26T11:04:02.098,52,0,0
61,20,154.711,2026-09-26T11:06:36.809,52,0,0
61,21,152.992,2026-09-26T11:09:09.801,51,0,0
61,22,153.049,2026-09-26T11:11:42.85,48,0,0
61,23,156.982,2026-09-26T11:14:19.832,45,0,0
61,24,150.218,2026-09-26T11:16:50.05,43,0,0
61,25,150.58,2026-09-26T11:19:20.63,42,0,0
61,26,161.05,2026-09-26T11:22:01.68,41,0,0
61,27,153.317,2026-09-26T11:24:34.997,40,0,0
61,28,152.298,2026-09-26T11:27:07.295,38,0,0
61,29,155.36,2026-09-26T11:29:42.655,38,0,0
61,30,152.273,2026-09-26T11:32:14.928,38,0,0
61,31,170.504,2026-09-26T11:35:05.432,38,0,0
61,32,163.211,2026-09-26T11:37:48.643,38,0,0
61,33,165.098,2026-09-26T11:40:33.741,37,0,0
61,34,153.785,2026-09-26T11:43:07.526,36,0,0
61,35,152.053,2026-09-26T11:45:39.579,34,0,0
61,36,151.519,2026-09-26T11:48:11.098,33,0,0
61,37,181.303,2026-09-26T11:51:12.401,31,1,0
61,38,1552.07,2026-09-26T12:17:04.471,61,0,0
61,39,1911.855,2026-09-26T12:48:56.326,75,0,0
61,40,9288.328,2026-09-26T15:23:44.654,88,0,0
61,41,178.338,2026-09-26T15:26:42.992,88,0,0
61,42,63680.25,2026-09-27T09:08:03.242,95,0,0
61,43,178.771,2026-09-27T09:11:02.013,94,0,0
61,44,174.32,2026-09-27T09:13:56.333,94,0,0
61,45,171.813,2026-09-27T09:16:48.146,93,0,0
61,46,173.781,2026-09-27T09:19:41.927,93,0,0
61,47,186.961,2026-09-27T09:22:48.888,93,0,0
61,48,167.588,2026-09-27T09:25:36.476,93,0,0
61,49,177.803,2026-09-27T09:28:34.279,93,0,0
61,50,165.945,2026-09-27T09:31:20.224,92,0,0
420,1,250.783,2026-09-26T10:09:02.363,83,0,0
420,2,251.836,2026-09-26T10:13:14.199,85,0,0
420,3,241.193,2026-09-26T10:17:15.392,87,0,0
420,4,232.403,2026-09-26T10:21:07.795,88,0,0
420,5,225.497,2026-09-26T10:24:53.292,88,0,0
420,6,472.666,2026-09-26T10:32:45.958,90,1,0
420,7,236.444,2026-09-26T10:36:42.402,90,0,0
420,8,170.99,2026-09-26T10:39:33.392,88,0,0
420,9,183.232,2026-09-26T10:42:36.624,86,0,0
420,10,84025.303,2026-09-27T10:03:01.927,100,0,0
420,11,243.475,2026-09-27T10:07:05.402,100,0,0
420,12,232.439,2026-09-27T10:10:57.841,100,0,0
420,13,218.361,2026-09-27T10:14:36.202,100,0,0
420,14,207.604,2026-09-27T10:18:03.806,100,0,0
420,15,210.097,2026-09-27T10:21:33.903,100,0,0
420,16,1215.518,2026-09-27T10:41:49.421,100,0,1
420,17,221.395,2026-09-27T10:45:30.816,99,0,0
420,18,182.971,2026-09-27T10:48:33.787,99,0,0
420,19,212.681,2026-09-27T10:52:06.468,99,1,0
420,20,1800.068,2026-09-27T11:22:06.536,99,0,0
420,21,229.692,2026-09-27T11:25:56.228,99,0,0
420,22,240.505,2026-09-27T11:29:56.733,99,0,0
420,23,356.424,2026-09-27T11:35:53.157,99,1,0
420,24,1149.794,2026-09-27T11:55:02.951,99,0,0
420,25,176.309,2026-09-27T11:57:59.26,99,0,0
420,26,172.448,2026-09-27T12:00:51.708,99,0,0
420,27,169.151,2026-09-27T12:03:40.859,99,0,0
420,28,171.454,2026-09-27T12:06:32.313,99,0,0
420,29,210.581,2026-09-27T12:10:02.894,99,0,0
420,30,223.14,2026-09-27T12:13:46.034,99,1,0
420,31,698.169,2026-09-27T12:25:24.203,99,0,0
420,32,216.571,2026-09-27T12:29:00.774,98,0,0
420,33,202.009,2026-09-27T12:32:22.783,98,0,0
420,34,246.608,2026-09-27T12:36:29.391,98,1,0
420,35,822.554,2026-09-27T12:50:11.945,98,0,0
420,36,230.77,2026-09-27T12:54:02.715,98,1,0
420,37,446.012,2026-09-27T13:01:28.727,98,0,0
420,38,224.896,2026-09-27T13:05:13.623,98,0,0
420,39,204.647,2026-09-27T13:08:38.27,98,0,0
420,40,189.964,2026-09-27T13:11:48.234,98,0,0
420,41,188.453,2026-09-27T13:14:56.687,98,0,0
420,42,227.998,2026-09-27T13:18:44.685,98,1,0
420,43,940.74,2026-09-27T13:34:25.425,98,0,0
420,44,699.126,2026-09-27T13:46:04.551,98,1,0
420,45,5614.333,2026-09-27T15:19:38.884,97,0,0
420,46,191.202,2026-09-27T15:22:50.086,97,0,0
420,47,229.239,2026-09-27T15:26:39.325,97,0,0
420,48,210.577,2026-09-27T15:30:09.902,97,0,0
24,1,180.605,2026-09-26T10:11:27.741,89,0,0
24,2,187.148,2026-09-26T10:14:34.889,89,0,0
24,3,181.073,2026-09-26T10:17:35.962,88,0,0
24,4,174.225,2026-09-26T10:20:30.187,86,0,0
24,5,195.923,2026-09-26T10:23:46.11,86,0,0
24,6,171.008,2026-09-26T10:26:37.118,84,0,0
24,7,159.753,2026-09-26T10:29:16.871,84,0,0
24,8,164.985,2026-09-26T10:32:01.856,80,0,0
24,9,159.208,2026-09-26T10:34:41.064,76,0,0
24,10,157.75,2026-09-26T10:37:18.814,74,0,0
24,11,159.776,2026-09-26T10:39:58.59,67,0,0
24,12,162.282,2026-09-26T10:42:40.872,65,0,0
24,13,167.782,2026-09-26T10:45:28.654,64,0,0
24,14,167.747,2026-09-26T10:48:16.401,62,0,0
24,15,176.718,2026-09-26T10:51:13.119,56,0,0
24,16,154.789,2026-09-26T10:53:47.908,54,0,0
24,17,164.323,2026-09-26T10:56:32.231,53,0,0
24,18,160.015,2026-09-26T10:59:12.246,51,0,0
24,19,154.221,2026-09-26T11:01:46.467,49,0,0
24,20,165.889,2026-09-26T11:04:32.356,48,0,0
24,21,152.32,2026-09-26T11:07:04.676,46,0,0
24,22,157.935,2026-09-26T11:09:42.611,44,0,0
24,23,1302.805,2026-09-26T11:31:25.416,75,0,0
24,24,172.803,2026-09-26T11:34:18.219,72,0,0
24,25,178.023,2026-09-26T11:37:16.242,72,0,0
24,26,162.42,2026-09-26T11:39:58.662,72,0,0
24,27,161.407,2026-09-26T11:42:40.069,71,0,0
24,28,160.767,2026-09-26T11:45:20.836,70,0,0
24,29,166.729,2026-09-26T11:48:07.565,70,0,0
24,30,174.713,2026-09-26T11:51:02.278,68,0,0
24,31,163.011,2026-09-26T11:53:45.289,68,0,0
24,32,158.209,2026-09-26T11:56:23.498,66,0,0
24,33,165.233,2026-09-26T11:59:08.731,64,0,0
24,34,162.554,2026-09-26T12:01:51.285,62,0,0
24,35,161.53,2026-09-26T12:04:32.815,60,0,0
24,36,171.049,2026-09-26T12:07:23.864,59,0,0
24,37,163.951,2026-09-26T12:10:07.815,58,0,0
24,38,162.16,2026-09-26T12:12:49.975,57,0,0
24,39,161.823,2026-09-26T12:15:31.798,55,0,0
24,40,161.957,2026-09-26T12:18:13.755,56,0,0
24,41,174.75,2026-09-26T12:21:08.505,54,0,0
24,42,172.676,2026-09-26T12:24:01.181,53,0,0
24,43,165.702,2026-09-26T12:26:46.883,50,0,0
24,44,194.766,2026-09-26T12:30:01.649,50,1,0
171,1,24724.474,2026-09-26T16:53:53.709,100,0,0
171,2,163.705,2026-09-26T16:56:37.414,100,0,0
171,3,161.283,2026-09-26T16:59:18.697,100,0,0
171,4,163.107,2026-09-26T17:02:01.804,100,0,0
171,5,159.67,2026-09-26T17:04:41.474,100,0,0
171,6,165.919,2026-09-26T17:07:27.393,100,0,0
171,7,166.746,2026-09-26T17:10:14.139,100,0,0
171,8,170.854,2026-09-26T17:13:04.993,100,0,0
171,9,166.04,2026-09-26T17:15:51.033,100,0,0
171,10,157.941,2026-09-26T17:18:28.974,99,0,0
171,11,164.611,2026-09-26T17:21:13.585,98,0,0
171,12,171.004,2026-09-26T17:24:04.589,98,0,0
171,13,171.747,2026-09-26T17:26:56.336,98,0,0
171,14,156.054,2026-09-26T17:29:32.39,98,0,0
171,15,164.741,2026-09-26T17:32:17.131,98,0,0
171,16,154.16,2026-09-26T17:34:51.291,98,0,0
171,17,156.777,2026-09-26T17:37:28.068,97,0,0
171,18,161.176,2026-09-26T17:40:09.244,97,0,0
171,19,164.656,2026-09-26T17:42:53.9,97,0,0
171,20,163.06,2026-09-26T17:45:36.96,97,0,0
171,21,180.474,2026-09-26T17:48:37.434,97,0,0
171,22,192.533,2026-09-26T17:51:49.967,97,0,1
171,23,215.577,2026-09-26T17:55:25.544,97,0,1
171,24,219.005,2026-09-26T17:59:04.549,97,0,1
171,25,235.499,2026-09-26T18:03:00.048,97,0,1
171,26,54057.403,2026-09-27T09:03:57.451,97,0,0
171,27,164.985,2026-09-27T09:06:42.436,97,0,0
171,28,167.038,2026-09-27T09:09:29.474,97,0,0
171,29,174.874,2026-09-27T09:12:24.348,97,0,0
171,30,168.344,2026-09-27T09:15:12.692,97,0,0
171,31,162.132,2026-09-27T09:17:54.824,97,0,0
171,32,22290.619,2026-09-27T15:29:25.443,99,0,0
171,33,162.852,2026-09-27T15:32:08.295,99,0,0
40,1,206.154,2026-09-26T10:08:15.951,79,0,0
40,2,174.917,2026-09-26T10:11:10.868,78,0,0
40,3,196.399,2026-09-26T10:14:27.267,75,0,0
40,4,181.663,2026-09-26T10:17:28.93,75,0,0
40,5,174.446,2026-09-26T10:20:23.376,75,0,0
40,6,197.762,2026-09-26T10:23:41.138,73,0,0
40,7,172.078,2026-09-26T10:26:33.216,71,0,0
40,8,164.676,2026-09-26T10:29:17.892,68,0,0
40,9,171.013,2026-09-26T10:32:08.905,66,0,0
40,10,174.631,2026-09-26T10:35:03.536,66,0,0
40,11,177.137,2026-09-26T10:38:00.673,61,0,0
40,12,174.024,2026-09-26T10:40:54.697,59,0,0
40,13,173.008,2026-09-26T10:43:47.705,57,0,0
40,14,163.576,2026-09-26T10:46:31.281,54,0,0
40,15,162.641,2026-09-26T10:49:13.922,50,0,0
40,16,163.428,2026-09-26T10:51:57.35,48,0,0
